Order_ID,Order_Date,Customer_ID,City,Region,Customer_Segment,Product_Category,Product,Quantity,Unit_Price,Discount_Percent,Payment_Mode,Sales_Channel,Order_Status,Customer_Since
ORD00001,2026-07-20,CUST1135,Coimbatore,South,Consumer,Electronics,Smartwatch,4,22986.2,5,Credit Card,Marketplace,Delivered,2024-01-13
ORD00002,2025-05-18,CUST0845,Coimbatore,South,Consumer,Home Appliances,Washing Machine,3,38404.5,5,UPI,Online,Delivered,2024-07-23
ORD00003,2026-04-18,CUST0365,Coimbatore,South,Consumer,Electronics,Laptop,3,97495.32,20,Cash on Delivery,Retail Store,Delivered,2024-06-27
ORD00004,2026-07-07,CUST0120,Mumbai,West,Corporate,Beauty,Perfume,2,7306.08,5,Credit Card,Retail Store,Delivered,2024-12-16
ORD00005,2026-09-02,CUST0931,Bengaluru,South,Small Business,Furniture,Sofa,3,60276.12,10,Cash on Delivery,Online,Delivered,2024-10-07
ORD00006,2025-08-17,CUST0782,Ahmedabad,West,Consumer,Electronics,Smartwatch,2,8069.28,15,Credit Card,Online,Delivered,2024-08-13
ORD00007,2025-11-13,CUST0057,Hyderabad,South,Consumer,Beauty,Makeup Kit,1,5855.36,25,Debit Card,Marketplace,Delivered,2024-01-13
ORD00008,2026-08-21,CUST0456,Bengaluru,South,Consumer,Beauty,Perfume,1,5011.9,15,Credit Card,Marketplace,Delivered,2023-03-03
ORD00009,2026-09-04,CUST1142,Pune,West,Small Business,Electronics,Smartwatch,1,16059.35,5,Debit Card,Marketplace,Delivered,2023-05-06
ORD00010,2026-07-15,CUST0619,Coimbatore,South,Consumer,Beauty,Perfume,4,4383.48,10,UPI,Online,Delivered,2024-08-11
ORD00011,2025-07-20,CUST0528,Bengaluru,South,Corporate,Furniture,Bookshelf,1,16110.14,20,UPI,Online,Delivered,2023-09-03
ORD00012,2025-09-15,CUST0562,Chennai,South,Consumer,Fashion,Dress,1,2512.72,10,Credit Card,Online,Delivered,2023-06-28
ORD00013,2026-04-25,CUST0231,Pune,West,Consumer,Fashion,Shoes,2,4463.95,10,Debit Card,Online,Delivered,2023-04-18
ORD00014,2025-06-27,CUST0463,Coimbatore,South,Corporate,Electronics,Smartphone,1,28820.51,10,UPI,Online,Delivered,2025-04-10
ORD00015,2025-05-03,CUST0464,Mumbai,West,Consumer,Beauty,Perfume,1,4992.45,10,Net Banking,Retail Store,Delivered,2023-09-25
ORD00016,2025-12-08,CUST0063,Chennai,South,Consumer,Furniture,Office Chair,1,24843.43,15,Credit Card,Marketplace,Delivered,2023-08-24
ORD00017,2025-06-20,CUST0916,Delhi,North,Corporate,Fashion,Dress,1,6898.4,15,Cash on Delivery,Online,Delivered,2023-10-20
ORD00018,2025-02-28,CUST0511,Coimbatore,South,Consumer,Home Appliances,Mixer,1,9916.28,15,UPI,Marketplace,Delivered,2024-02-28
ORD00019,2026-04-10,CUST0971,Hyderabad,South,Small Business,Beauty,Face Serum,1,3721.15,20,Cash on Delivery,Online,Delivered,2024-07-15
ORD00020,2025-09-17,CUST1014,Coimbatore,South,Consumer,Home Appliances,Mixer,2,5527.59,10,UPI,Retail Store,Delivered,2023-12-02
ORD00021,2026-01-08,CUST0233,Kolkata,East,Corporate,Electronics,Smartwatch,2,16769.81,5,Credit Card,Marketplace,Delivered,2023-06-25
ORD00022,2025-04-05,CUST0796,Kolkata,East,Consumer,Furniture,Bed,1,35917.28,15,Debit Card,Retail Store,Delivered,2023-09-20
ORD00023,2025-05-05,CUST0578,Hyderabad,South,Corporate,Fashion,Shoes,1,7264.55,20,Credit Card,Marketplace,Delivered,2025-03-05
ORD00024,2025-02-10,CUST1044,Bengaluru,South,Consumer,Electronics,Laptop,1,72705.3,5,Credit Card,Online,Delivered,2024-01-31
ORD00025,2025-09-11,CUST0237,Delhi,North,Consumer,Electronics,Tablet,1,43994.42,20,UPI,Retail Store,Delivered,2023-11-25
ORD00026,2025-01-07,CUST0822,Ahmedabad,West,Consumer,Furniture,Bookshelf,1,5883.87,15,Credit Card,Online,Delivered,2024-10-25
ORD00027,2026-04-16,CUST0742,Bengaluru,South,Consumer,Fashion,Dress,1,3930.41,10,Net Banking,Online,Delivered,2023-07-28
ORD00028,2026-05-26,CUST0358,Hyderabad,South,Consumer,Beauty,Makeup Kit,1,2393.54,20,Debit Card,Online,Delivered,2024-01-11
ORD00029,2026-08-04,CUST0158,Pune,West,Small Business,Electronics,Laptop,4,56093.75,5,UPI,Online,Returned,2023-09-14
ORD00030,2025-03-10,CUST0793,Ahmedabad,West,Consumer,Furniture,Dining Table,2,27531.71,0,UPI,Online,Delivered,2024-11-17
ORD00031,2025-03-22,CUST0883,Coimbatore,South,Consumer,Home Appliances,Mixer,5,4546.17,5,UPI,Online,Delivered,2024-06-08
ORD00032,2026-06-26,CUST0376,Ahmedabad,West,Corporate,Electronics,Smartwatch,1,4049.03,0,Cash on Delivery,Marketplace,Delivered,2024-09-01
ORD00033,2026-08-08,CUST0783,Mumbai,West,Consumer,Beauty,Perfume,2,7132.23,10,Credit Card,Marketplace,Delivered,2024-03-19
ORD00034,2025-09-19,CUST0487,Kochi,South,Consumer,Beauty,Face Serum,1,2689.73,10,Credit Card,Marketplace,Delivered,2024-06-02
ORD00035,2025-03-30,CUST0852,Delhi,North,Consumer,Fashion,T-Shirt,2,1995.55,10,UPI,Retail Store,Returned,2025-01-31
ORD00036,2025-07-27,CUST0226,Hyderabad,South,Consumer,Fashion,Shoes,5,6259.03,15,UPI,Online,Delivered,2023-10-03
ORD00037,2025-08-01,CUST1061,Hyderabad,South,Corporate,Home Appliances,Air Conditioner,1,56322.08,0,UPI,Marketplace,Delivered,2023-10-05
ORD00038,2025-09-23,CUST0345,Pune,West,Consumer,Furniture,Dining Table,2,34647.66,0,Net Banking,Marketplace,Delivered,2024-01-02
ORD00039,2025-10-20,CUST0462,Coimbatore,South,Corporate,Furniture,Office Chair,1,5414.83,0,Credit Card,Marketplace,Delivered,2023-02-17
ORD00040,2025-07-26,CUST0069,Chennai,South,Consumer,Electronics,Smartphone,1,51374.98,15,Cash on Delivery,Marketplace,Delivered,2023-11-28
ORD00041,2025-11-29,CUST0125,Hyderabad,South,Consumer,Fashion,T-Shirt,1,559.6,10,Debit Card,Online,Delivered,2023-11-19
ORD00042,2025-03-18,CUST0633,Bengaluru,South,Consumer,Furniture,Bed,3,65617.74,20,Debit Card,Marketplace,Delivered,2023-04-17
ORD00043,2025-10-15,CUST0311,Ahmedabad,West,Consumer,Fashion,T-Shirt,1,1960.39,5,Credit Card,Online,Delivered,2025-04-21
ORD00044,2025-02-16,CUST0991,Bengaluru,South,Consumer,Beauty,Makeup Kit,1,5114.9,10,Debit Card,Marketplace,Delivered,2023-12-11
ORD00045,2026-09-14,CUST0025,Pune,West,Corporate,Electronics,Smartphone,2,28412.03,5,UPI,Retail Store,Delivered,2024-09-05
ORD00046,2025-07-19,CUST0471,Bengaluru,South,Consumer,Electronics,Laptop,5,70019.86,10,UPI,Online,Delivered,2023-01-25
ORD00047,2026-03-03,CUST0419,Hyderabad,South,Corporate,Beauty,Skincare Kit,1,2403.18,10,UPI,Online,Delivered,2023-06-02
ORD00048,2025-07-29,CUST0026,Ahmedabad,West,Consumer,Fashion,Jeans,2,4584.79,0,Credit Card,Marketplace,Delivered,2024-07-16
ORD00049,2026-02-24,CUST0140,Bengaluru,South,Consumer,Electronics,Headphones,5,3911.21,25,Credit Card,Online,Delivered,2023-06-30
ORD00050,2025-06-03,CUST0509,Mumbai,West,Small Business,Furniture,Sofa,5,37726.71,5,Net Banking,Retail Store,Delivered,2023-04-13
ORD00051,2026-06-06,CUST0610,Pune,West,Corporate,Beauty,Hair Dryer,1,3871.79,5,Debit Card,Marketplace,Delivered,2023-06-17
ORD00052,2026-02-19,CUST0498,Hyderabad,South,Consumer,Furniture,Sofa,1,45883.09,5,Cash on Delivery,Marketplace,Delivered,2023-07-21
ORD00053,2025-12-19,CUST0653,Kolkata,East,Small Business,Furniture,Sofa,2,38721.35,5,Net Banking,Retail Store,Delivered,2025-05-12
ORD00054,2025-06-06,CUST0734,Ahmedabad,West,Small Business,Electronics,Smartwatch,3,6073.45,20,Credit Card,Retail Store,Delivered,2025-04-09
ORD00055,2025-09-18,CUST0018,Coimbatore,South,Consumer,Fashion,Shoes,1,9706.9,10,Credit Card,Marketplace,Delivered,2024-11-01
ORD00056,2025-03-18,CUST0566,Ahmedabad,West,Small Business,Home Appliances,Air Conditioner,2,47099.64,0,UPI,Online,Delivered,2023-07-17
ORD00057,2026-05-03,CUST1153,Bengaluru,South,Corporate,Beauty,Hair Dryer,2,2003.36,25,Credit Card,Online,Delivered,2023-03-23
ORD00058,2025-05-11,CUST0640,Kochi,South,Consumer,Beauty,Makeup Kit,1,5303.44,5,Net Banking,Online,Returned,2024-03-22
ORD00059,2026-08-02,CUST0821,Ahmedabad,West,Small Business,Fashion,Jeans,2,4870.59,25,UPI,Marketplace,Delivered,2024-11-23
ORD00060,2026-03-31,CUST0374,Pune,West,Small Business,Home Appliances,Microwave,2,18620.87,15,Net Banking,Online,Delivered,2023-10-06
ORD00061,2025-06-12,CUST0920,Mumbai,West,Small Business,Home Appliances,Air Conditioner,1,58611.83,10,UPI,Retail Store,Delivered,2023-05-09
ORD00062,2025-01-15,CUST0920,Kochi,South,Consumer,Furniture,Bed,4,58798.8,15,Debit Card,Online,Delivered,2023-05-09
ORD00063,2025-08-20,CUST0641,Ahmedabad,West,Consumer,Fashion,Jeans,1,4397.69,15,UPI,Online,Delivered,2025-04-29
ORD00064,2025-07-14,CUST1169,Kolkata,East,Consumer,Beauty,Perfume,5,1024.53,0,Net Banking,Online,Delivered,2024-08-16
ORD00065,2026-06-26,CUST0142,Kolkata,East,Consumer,Electronics,Tablet,2,47196.14,20,UPI,Marketplace,Delivered,2024-04-13
ORD00066,2025-12-25,CUST0025,Mumbai,West,Consumer,Electronics,Laptop,2,55105.64,10,UPI,Marketplace,Delivered,2024-09-05
ORD00067,2025-11-27,CUST0917,Chennai,South,Consumer,Beauty,Makeup Kit,1,1123.28,20,Credit Card,Online,Delivered,2023-02-18
ORD00068,2026-03-03,CUST0961,Hyderabad,South,Corporate,Home Appliances,Washing Machine,3,35925.35,0,Cash on Delivery,Online,Returned,2024-09-16
ORD00069,2026-05-12,CUST0134,Kochi,South,Small Business,Home Appliances,Washing Machine,3,45469.54,25,Debit Card,Online,Delivered,2024-09-09
ORD00070,2026-05-01,CUST0311,Delhi,North,Consumer,Home Appliances,Air Conditioner,3,63607.22,5,UPI,Retail Store,Delivered,2025-04-21
ORD00071,2026-03-25,CUST0025,Chennai,South,Consumer,Fashion,Dress,1,2681.12,20,UPI,Retail Store,Delivered,2024-09-05
ORD00072,2026-02-17,CUST0356,Coimbatore,South,Consumer,Furniture,Sofa,2,51314.76,10,Debit Card,Marketplace,Delivered,2023-03-11
ORD00073,2025-11-26,CUST0920,Bengaluru,South,Consumer,Fashion,T-Shirt,2,2462.66,10,Cash on Delivery,Online,Cancelled,2023-05-09
ORD00074,2025-05-27,CUST0637,Hyderabad,South,Corporate,Furniture,Office Chair,1,5649.63,20,UPI,Marketplace,Delivered,2024-02-02
ORD00075,2025-09-16,CUST0430,Kochi,South,Consumer,Electronics,Laptop,3,49818.37,10,Credit Card,Online,Delivered,2024-04-20
ORD00076,2025-10-19,CUST0467,Chennai,South,Small Business,Beauty,Perfume,2,6718.78,15,Net Banking,Marketplace,Delivered,2023-09-11
ORD00077,2025-05-23,CUST0002,Hyderabad,South,Consumer,Electronics,Headphones,3,9552.02,5,UPI,Marketplace,Delivered,2023-06-22
ORD00078,2026-09-19,CUST0367,Ahmedabad,West,Corporate,Fashion,T-Shirt,1,2454.78,0,UPI,Online,Delivered,2023-06-10
ORD00079,2025-12-31,CUST0785,Kochi,South,Small Business,Fashion,Jacket,1,6714.16,25,UPI,Online,Delivered,2023-10-19
ORD00080,2025-03-31,CUST1165,Kochi,South,Consumer,Electronics,Laptop,1,74834.52,25,UPI,Retail Store,Delivered,2024-08-28
ORD00081,2025-06-13,CUST1008,Bengaluru,South,Consumer,Electronics,Laptop,1,92673.28,10,Cash on Delivery,Marketplace,Delivered,2023-10-19
ORD00082,2026-04-26,CUST0031,Chennai,South,Consumer,Furniture,Office Chair,2,18558.22,10,Net Banking,Online,Delivered,2024-10-04
ORD00083,2025-03-25,CUST1072,Mumbai,West,Corporate,Furniture,Dining Table,4,42483.68,15,Debit Card,Online,Delivered,2024-11-03
ORD00084,2025-03-18,CUST0934,Pune,West,Consumer,Electronics,Smartphone,1,23092.43,20,UPI,Retail Store,Delivered,2023-08-29
ORD00085,2026-06-01,CUST0930,Bengaluru,South,Consumer,Furniture,Office Chair,1,12913.4,5,Credit Card,Retail Store,Delivered,2024-05-20
ORD00086,2026-04-30,CUST0562,Ahmedabad,West,Small Business,Home Appliances,Microwave,1,13974.95,15,Credit Card,Marketplace,Delivered,2023-06-28
ORD00087,2026-08-13,CUST0494,Bengaluru,South,Small Business,Home Appliances,Refrigerator,4,40121.63,0,Credit Card,Online,Cancelled,2023-03-31
ORD00088,2026-08-26,CUST0369,Coimbatore,South,Consumer,Home Appliances,Microwave,1,21787.73,0,UPI,Marketplace,Delivered,2025-04-03
ORD00089,2026-08-22,CUST0082,Kolkata,East,Corporate,Fashion,Jacket,1,3491.68,10,UPI,Retail Store,Delivered,2025-05-11
ORD00090,2025-04-14,CUST0245,Mumbai,West,Corporate,Fashion,T-Shirt,1,879.53,20,UPI,Online,Delivered,2025-04-06
ORD00091,2026-03-28,CUST0270,Bengaluru,South,Corporate,Fashion,Jeans,1,1474.29,20,UPI,Online,Delivered,2024-01-07
ORD00092,2026-05-02,CUST0601,Chennai,South,Consumer,Furniture,Office Chair,1,13646.95,20,UPI,Retail Store,Returned,2023-01-30
ORD00093,2025-12-05,CUST0889,Mumbai,West,Small Business,Electronics,Smartwatch,5,8168.44,0,UPI,Retail Store,Delivered,2025-03-16
ORD00094,2026-07-20,CUST0580,Bengaluru,South,Consumer,Fashion,T-Shirt,2,1131.15,25,Credit Card,Marketplace,Returned,2023-09-03
ORD00095,2026-04-23,CUST0069,Ahmedabad,West,Consumer,Fashion,Jeans,1,2657.48,5,UPI,Online,Delivered,2023-11-28
ORD00096,2026-08-30,CUST1142,Kochi,South,Small Business,Fashion,Shoes,3,2927.09,10,UPI,Retail Store,Delivered,2023-05-06
ORD00097,2025-08-11,CUST1122,Chennai,South,Corporate,Home Appliances,Washing Machine,1,54452.59,15,UPI,Retail Store,Delivered,2024-06-10
ORD00098,2025-01-09,CUST0936,Ahmedabad,West,Consumer,Furniture,Bookshelf,2,13337.13,25,Net Banking,Retail Store,Delivered,2024-12-16
ORD00099,2025-02-22,CUST1191,Kolkata,East,Corporate,Fashion,Jacket,1,2103.49,10,UPI,Retail Store,Delivered,2024-09-24
ORD00100,2025-03-18,CUST0667,Mumbai,West,Consumer,Furniture,Bed,1,21101.89,5,Debit Card,Marketplace,Delivered,2023-01-27
ORD00101,2026-05-18,CUST1150,Ahmedabad,West,Consumer,Electronics,Smartphone,1,43424.24,15,Debit Card,Online,Delivered,2023-03-15
ORD00102,2025-11-12,CUST0090,Mumbai,West,Consumer,Beauty,Perfume,2,2718.51,15,Net Banking,Online,Delivered,2023-09-12
ORD00103,2026-09-16,CUST0460,Bengaluru,South,Consumer,Fashion,Jeans,4,4755.57,15,Cash on Delivery,Online,Delivered,2023-07-06
ORD00104,2025-06-14,CUST0244,Coimbatore,South,Corporate,Home Appliances,Refrigerator,2,44633.02,10,UPI,Online,Delivered,2023-03-12
ORD00105,2025-10-06,CUST0225,Delhi,North,Corporate,Beauty,Face Serum,1,3091.28,0,Cash on Delivery,Marketplace,Delivered,2025-01-22
ORD00106,2025-01-27,CUST0164,Chennai,South,Consumer,Home Appliances,Mixer,1,7158.5,5,Net Banking,Marketplace,Delivered,2023-02-19
ORD00107,2025-03-11,CUST0758,Chennai,South,Consumer,Beauty,Makeup Kit,2,3289.55,10,Net Banking,Marketplace,Delivered,2025-02-15
ORD00108,2025-08-06,CUST0931,Chennai,South,Corporate,Fashion,Jeans,1,2976.32,10,Net Banking,Marketplace,Delivered,2024-10-07
ORD00109,2025-12-31,CUST0707,Chennai,South,Consumer,Fashion,Jeans,1,3214.82,20,Debit Card,Retail Store,Delivered,2025-02-28
ORD00110,2025-11-02,CUST0168,Kochi,South,Consumer,Home Appliances,Refrigerator,1,52437.58,15,Credit Card,Retail Store,Delivered,2023-11-01
ORD00111,2025-05-04,CUST0966,Hyderabad,South,Small Business,Fashion,Dress,1,2446.95,0,UPI,Marketplace,Delivered,2025-01-24
ORD00112,2025-01-19,CUST0772,Delhi,North,Small Business,Electronics,Tablet,3,47471.97,5,Net Banking,Retail Store,Delivered,2023-08-11
ORD00113,2025-09-14,CUST0483,Chennai,South,Consumer,Fashion,T-Shirt,2,1620.46,5,Net Banking,Online,Delivered,2023-08-05
ORD00114,2025-10-23,CUST0818,Ahmedabad,West,Corporate,Electronics,Smartwatch,3,12583.34,10,Debit Card,Marketplace,Delivered,2025-04-09
ORD00115,2025-01-22,CUST0298,Chennai,South,Consumer,Electronics,Smartwatch,3,7144.68,15,Credit Card,Marketplace,Delivered,2025-02-19
ORD00116,2026-03-26,CUST0428,Ahmedabad,West,Small Business,Home Appliances,Microwave,1,24559.78,5,Credit Card,Marketplace,Delivered,2024-05-30
ORD00117,2026-07-06,CUST1095,Mumbai,West,Consumer,Furniture,Office Chair,1,8109.05,10,UPI,Online,Delivered,2024-09-13
ORD00118,2026-07-04,CUST0348,Mumbai,West,Consumer,Electronics,Laptop,1,88639.29,0,Cash on Delivery,Marketplace,Delivered,2024-01-13
ORD00119,2025-02-17,CUST0569,Pune,West,Consumer,Electronics,Tablet,4,28878.56,15,Debit Card,Marketplace,Delivered,2024-10-30
ORD00120,2026-08-10,CUST1061,Ahmedabad,West,Consumer,Home Appliances,Washing Machine,2,30587.5,15,UPI,Online,Delivered,2023-10-05
ORD00121,2025-07-02,CUST0848,Pune,West,Consumer,Beauty,Perfume,1,6982.45,5,UPI,Online,Delivered,2024-03-24
ORD00122,2026-03-11,CUST0078,Coimbatore,South,Consumer,Electronics,Tablet,1,27631.16,5,UPI,Marketplace,Delivered,2023-05-28
ORD00123,2025-04-17,CUST0168,Mumbai,West,Consumer,Beauty,Perfume,2,1582.52,20,Credit Card,Online,Delivered,2023-11-01
ORD00124,2025-07-07,CUST0018,Bengaluru,South,Consumer,Furniture,Bookshelf,3,21519.37,5,Credit Card,Marketplace,Delivered,2024-11-01
ORD00125,2025-03-27,CUST0768,Mumbai,West,Corporate,Beauty,Perfume,2,7015.52,0,UPI,Retail Store,Delivered,2024-12-14
ORD00126,2026-04-01,CUST0547,Kolkata,East,Consumer,Electronics,Laptop,2,79052.24,0,Credit Card,Retail Store,Delivered,2023-12-17
ORD00127,2025-05-17,CUST0153,Kolkata,East,Consumer,Home Appliances,Air Conditioner,1,45955.89,25,Net Banking,Online,Delivered,2025-02-04
ORD00128,2025-12-02,CUST1142,Kolkata,East,Corporate,Beauty,Hair Dryer,2,1678.37,25,Credit Card,Retail Store,Returned,2023-05-06
ORD00129,2026-08-30,CUST0651,Chennai,South,Small Business,Home Appliances,Air Conditioner,1,44184.43,20,UPI,Online,Returned,2023-03-07
ORD00130,2026-04-14,CUST0260,Kolkata,East,Consumer,Fashion,Dress,1,5163.81,15,UPI,Online,Delivered,2024-11-16
ORD00131,2026-08-25,CUST0619,Pune,West,Consumer,Furniture,Sofa,1,27173.19,10,Debit Card,Online,Delivered,2024-08-11
ORD00132,2026-07-25,CUST0826,Hyderabad,South,Consumer,Furniture,Bookshelf,1,14274.72,15,UPI,Online,Delivered,2024-08-02
ORD00133,2026-02-07,CUST0090,Bengaluru,South,Consumer,Electronics,Laptop,3,78118.49,10,Credit Card,Retail Store,Delivered,2023-09-12
ORD00134,2026-06-24,CUST0318,Hyderabad,South,Consumer,Beauty,Skincare Kit,4,4591.51,10,Credit Card,Retail Store,Delivered,2025-04-12
ORD00135,2025-03-13,CUST0961,Pune,West,Corporate,Electronics,Tablet,2,36469.81,15,Debit Card,Retail Store,Delivered,2024-09-16
ORD00136,2025-01-24,CUST0564,Delhi,North,Consumer,Fashion,Dress,2,4625.8,25,Credit Card,Online,Delivered,2023-05-25
ORD00137,2026-09-16,CUST0669,Kolkata,East,Consumer,Electronics,Tablet,2,38135.38,10,Net Banking,Online,Delivered,2023-03-08
ORD00138,2026-04-30,CUST0528,Kolkata,East,Consumer,Beauty,Face Serum,1,1645.61,25,Credit Card,Online,Returned,2023-09-03
ORD00139,2025-02-25,CUST0055,Chennai,South,Small Business,Furniture,Office Chair,3,21873.37,10,Net Banking,Online,Delivered,2025-03-03
ORD00140,2025-08-11,CUST0189,Coimbatore,South,Consumer,Beauty,Perfume,1,7963.23,10,Credit Card,Retail Store,Delivered,2025-01-27
ORD00141,2026-09-24,CUST0547,Mumbai,West,Consumer,Home Appliances,Mixer,3,5726.52,10,Debit Card,Online,Returned,2023-12-17
ORD00142,2025-06-28,CUST0232,Mumbai,West,Consumer,Beauty,Hair Dryer,1,2294.83,5,UPI,Marketplace,Returned,2025-03-11
ORD00143,2026-03-10,CUST0059,Delhi,North,Consumer,Electronics,Laptop,1,97097.49,25,Cash on Delivery,Marketplace,Delivered,2023-01-25
ORD00144,2026-03-26,CUST1002,Hyderabad,South,Consumer,Electronics,Laptop,1,52477.14,10,UPI,Online,Delivered,2023-11-20
ORD00145,2026-05-07,CUST1173,Delhi,North,Corporate,Fashion,T-Shirt,4,1776.74,10,Credit Card,Marketplace,Delivered,2023-04-07
ORD00146,2025-07-08,CUST0948,Chennai,South,Consumer,Home Appliances,Washing Machine,1,29324.66,10,UPI,Marketplace,Delivered,2023-01-05
ORD00147,2026-08-01,CUST1015,Bengaluru,South,Consumer,Furniture,Bookshelf,1,24532.19,15,Credit Card,Online,Delivered,2025-03-03
ORD00148,2026-02-24,CUST0260,Bengaluru,South,Small Business,Fashion,T-Shirt,3,2105.98,20,Cash on Delivery,Online,Delivered,2024-11-16
ORD00149,2025-09-06,CUST1148,Hyderabad,South,Small Business,Fashion,Jeans,1,2420.53,5,UPI,Online,Delivered,2024-06-18
ORD00150,2026-08-11,CUST0226,Delhi,North,Corporate,Electronics,Laptop,1,58905.86,15,Debit Card,Marketplace,Delivered,2023-10-03
ORD00151,2025-06-13,CUST1136,Pune,West,Small Business,Beauty,Makeup Kit,3,5473.34,0,Cash on Delivery,Online,Delivered,2023-05-16
ORD00152,2025-09-12,CUST1199,Delhi,North,Consumer,Electronics,Smartwatch,2,9006.85,20,Credit Card,Online,Delivered,2024-05-18
ORD00153,2026-04-21,CUST0851,Mumbai,West,Consumer,Home Appliances,Washing Machine,2,26609.58,5,UPI,Marketplace,Delivered,2023-12-11
ORD00154,2026-02-21,CUST1173,Hyderabad,South,Consumer,Furniture,Office Chair,1,12973.19,5,Debit Card,Marketplace,Delivered,2023-04-07
ORD00155,2025-06-19,CUST0700,Coimbatore,South,Corporate,Fashion,Shoes,1,1738.86,25,Cash on Delivery,Online,Delivered,2025-04-02
ORD00156,2025-11-13,CUST0298,Kochi,South,Consumer,Fashion,T-Shirt,1,2144.45,20,Net Banking,Online,Delivered,2025-02-19
ORD00157,2025-06-23,CUST0535,Bengaluru,South,Consumer,Furniture,Sofa,1,49589.82,10,Net Banking,Marketplace,Returned,2024-04-04
ORD00158,2026-04-15,CUST0731,Kolkata,East,Consumer,Fashion,Shoes,2,1621.3,20,UPI,Online,Delivered,2023-09-25
ORD00159,2025-12-11,CUST0089,Delhi,North,Consumer,Furniture,Dining Table,4,26878.5,5,Credit Card,Online,Delivered,2023-11-26
ORD00160,2026-03-21,CUST0758,Kochi,South,Small Business,Fashion,T-Shirt,2,526.89,5,Debit Card,Marketplace,Delivered,2025-02-15
ORD00161,2025-01-18,CUST1173,Chennai,South,Corporate,Home Appliances,Air Conditioner,1,43006.81,5,Credit Card,Online,Delivered,2023-04-07
ORD00162,2025-03-11,CUST0218,Kochi,South,Consumer,Furniture,Bookshelf,4,4761.3,20,UPI,Marketplace,Delivered,2025-06-03
ORD00163,2025-12-04,CUST0948,Bengaluru,South,Consumer,Furniture,Bed,2,64256.94,15,Cash on Delivery,Online,Delivered,2023-01-05
ORD00164,2026-09-20,CUST1083,Chennai,South,Corporate,Electronics,Laptop,1,98061.39,15,UPI,Marketplace,Delivered,2024-07-01
ORD00165,2026-08-15,CUST1123,Kolkata,East,Corporate,Fashion,Jacket,1,7174.54,10,Debit Card,Online,Returned,2024-03-06
ORD00166,2026-06-11,CUST1147,Chennai,South,Consumer,Fashion,T-Shirt,1,977.46,20,UPI,Online,Delivered,2024-08-01
ORD00167,2026-04-01,CUST0642,Hyderabad,South,Consumer,Beauty,Hair Dryer,1,4632.92,0,Net Banking,Marketplace,Delivered,2023-01-16
ORD00168,2025-09-26,CUST1173,Bengaluru,South,Small Business,Home Appliances,Microwave,5,17521.39,10,UPI,Retail Store,Delivered,2023-04-07
ORD00169,2026-09-23,CUST0900,Hyderabad,South,Consumer,Fashion,Jeans,3,4582.68,15,UPI,Retail Store,Delivered,2023-02-28
ORD00170,2025-07-07,CUST0185,Hyderabad,South,Small Business,Electronics,Smartphone,1,33505.37,25,Credit Card,Online,Delivered,2023-03-07
ORD00171,2026-07-23,CUST0588,Hyderabad,South,Consumer,Electronics,Smartwatch,1,8886.57,0,UPI,Online,Delivered,2023-01-04
ORD00172,2026-06-13,CUST0860,Pune,West,Consumer,Electronics,Headphones,1,9579.23,5,UPI,Online,Returned,2024-09-16
ORD00173,2026-03-10,CUST0271,Hyderabad,South,Small Business,Fashion,Dress,4,5474.1,15,UPI,Online,Delivered,2023-03-11
ORD00174,2025-10-15,CUST0775,Chennai,South,Small Business,Furniture,Office Chair,1,12014.05,5,Credit Card,Online,Delivered,2024-06-13
ORD00175,2026-07-21,CUST0806,Bengaluru,South,Consumer,Electronics,Tablet,2,14945.67,5,UPI,Online,Delivered,2023-05-03
ORD00176,2026-05-14,CUST0185,Chennai,South,Consumer,Beauty,Perfume,1,2069.64,15,UPI,Online,Delivered,2023-03-07
ORD00177,2026-03-17,CUST0699,Bengaluru,South,Small Business,Electronics,Headphones,1,10321.33,10,Debit Card,Retail Store,Delivered,2025-03-24
ORD00178,2025-10-30,CUST0920,Coimbatore,South,Consumer,Fashion,T-Shirt,5,2040.98,25,Credit Card,Online,Delivered,2023-05-09
ORD00179,2025-03-28,CUST0617,Coimbatore,South,Consumer,Beauty,Hair Dryer,1,3733.65,5,Net Banking,Retail Store,Delivered,2024-08-03
ORD00180,2026-03-14,CUST0019,Mumbai,West,Consumer,Fashion,Dress,1,4855.52,10,Debit Card,Online,Cancelled,2025-04-07
ORD00181,2026-06-25,CUST0018,Pune,West,Corporate,Fashion,Dress,1,1315.3,10,Cash on Delivery,Online,Delivered,2024-11-01
ORD00182,2025-01-22,CUST0451,Hyderabad,South,Consumer,Beauty,Makeup Kit,2,5849.69,10,Credit Card,Online,Delivered,2024-10-22
ORD00183,2026-07-14,CUST1108,Hyderabad,South,Corporate,Electronics,Smartphone,1,33809.75,15,UPI,Online,Delivered,2023-08-06
ORD00184,2026-06-01,CUST0245,Pune,West,Consumer,Home Appliances,Refrigerator,1,27849.37,25,UPI,Retail Store,Delivered,2025-04-06
ORD00185,2026-05-18,CUST0771,Kolkata,East,Small Business,Fashion,Dress,1,3861.28,5,Credit Card,Marketplace,Delivered,2024-04-18
ORD00186,2026-04-12,CUST0242,Ahmedabad,West,Corporate,Home Appliances,Refrigerator,1,41648.49,5,UPI,Online,Returned,2023-01-14
ORD00187,2025-04-11,CUST0386,Delhi,North,Consumer,Fashion,Jeans,2,3545.39,15,UPI,Online,Delivered,2025-01-17
ORD00188,2026-08-06,CUST1011,Hyderabad,South,Consumer,Fashion,Jacket,1,6417.92,20,Net Banking,Retail Store,Delivered,2024-04-28
ORD00189,2025-05-21,CUST0871,Ahmedabad,West,Consumer,Electronics,Headphones,2,13614.99,10,Cash on Delivery,Online,Delivered,2023-07-13
ORD00190,2025-05-18,CUST0112,Mumbai,West,Small Business,Electronics,Headphones,3,14684.31,5,UPI,Retail Store,Delivered,2024-12-17
ORD00191,2026-08-01,CUST0525,Mumbai,West,Consumer,Electronics,Headphones,3,6186.75,10,Credit Card,Online,Cancelled,2024-07-18
ORD00192,2025-08-16,CUST0039,Kolkata,East,Consumer,Home Appliances,Refrigerator,2,61600.45,0,UPI,Online,Delivered,2024-11-20
ORD00193,2025-10-08,CUST0595,Ahmedabad,West,Consumer,Fashion,T-Shirt,3,2033.4,20,Net Banking,Retail Store,Delivered,2023-08-28
ORD00194,2026-03-07,CUST0802,Coimbatore,South,Consumer,Beauty,Face Serum,4,852.72,20,Net Banking,Retail Store,Delivered,2023-04-30
ORD00195,2025-02-09,CUST0132,Coimbatore,South,Small Business,Furniture,Bed,2,42589.02,20,Cash on Delivery,Retail Store,Delivered,2023-10-14
ORD00196,2026-06-03,CUST0348,Kochi,South,Corporate,Furniture,Office Chair,2,11420.27,10,Credit Card,Online,Delivered,2024-01-13
ORD00197,2025-07-30,CUST0494,Mumbai,West,Consumer,Fashion,Jeans,2,1701.82,20,Net Banking,Marketplace,Delivered,2023-03-31
ORD00198,2025-10-29,CUST1096,Kochi,South,Corporate,Fashion,Dress,1,4176.63,10,Net Banking,Online,Delivered,2023-04-09
ORD00199,2025-03-27,CUST1194,Mumbai,West,Small Business,Beauty,Makeup Kit,1,5159.33,0,UPI,Marketplace,Delivered,2023-07-30
ORD00200,2026-02-01,CUST0055,Kolkata,East,Consumer,Fashion,Shoes,3,4548.3,10,UPI,Online,Delivered,2025-03-03
ORD00201,2025-09-10,CUST0906,Bengaluru,South,Corporate,Fashion,Jacket,2,4999.14,15,UPI,Online,Returned,2024-07-20
ORD00202,2026-06-17,CUST0467,Ahmedabad,West,Consumer,Electronics,Laptop,2,48833.93,20,Debit Card,Online,Delivered,2023-09-11
ORD00203,2026-01-16,CUST0486,Bengaluru,South,Small Business,Electronics,Smartphone,3,67886.34,0,Credit Card,Retail Store,Delivered,2024-02-12
ORD00204,2026-03-20,CUST0893,Chennai,South,Consumer,Fashion,Jeans,2,1583.48,5,UPI,Online,Delivered,2024-07-21
ORD00205,2025-02-02,CUST1095,Ahmedabad,West,Consumer,Home Appliances,Washing Machine,2,57511.69,15,UPI,Online,Delivered,2024-09-13
ORD00206,2025-09-17,CUST1135,Mumbai,West,Small Business,Beauty,Face Serum,3,1106.85,20,UPI,Retail Store,Delivered,2024-01-13
ORD00207,2025-08-22,CUST0706,Kolkata,East,Consumer,Fashion,Dress,3,5895.09,15,Credit Card,Online,Delivered,2024-11-08
ORD00208,2026-05-30,CUST0451,Kolkata,East,Consumer,Beauty,Makeup Kit,4,5934.05,0,UPI,Online,Delivered,2024-10-22
ORD00209,2025-11-04,CUST0940,Kolkata,East,Small Business,Home Appliances,Washing Machine,1,24114.35,20,UPI,Retail Store,Delivered,2024-10-01
ORD00210,2025-03-11,CUST0279,Coimbatore,South,Small Business,Electronics,Tablet,2,44550.21,0,Credit Card,Marketplace,Delivered,2023-09-21
ORD00211,2026-03-30,CUST0698,Ahmedabad,West,Consumer,Beauty,Face Serum,3,1806.22,0,Net Banking,Online,Delivered,2024-04-01
ORD00212,2026-03-15,CUST0455,Kolkata,East,Consumer,Electronics,Tablet,1,24932.6,10,Cash on Delivery,Marketplace,Delivered,2023-10-31
ORD00213,2025-12-30,CUST0796,Mumbai,West,Small Business,Fashion,Shoes,1,6861.42,10,Credit Card,Marketplace,Delivered,2023-09-20
ORD00214,2026-04-26,CUST0260,Bengaluru,South,Consumer,Fashion,Dress,1,5777.03,10,UPI,Online,Delivered,2024-11-16
ORD00215,2025-05-24,CUST0221,Coimbatore,South,Corporate,Fashion,Dress,1,4755.7,15,Debit Card,Retail Store,Cancelled,2023-12-30
ORD00216,2025-01-24,CUST1095,Coimbatore,South,Consumer,Electronics,Laptop,2,50470.39,10,Debit Card,Retail Store,Delivered,2024-09-13
ORD00217,2026-03-01,CUST0116,Ahmedabad,West,Small Business,Furniture,Bookshelf,4,4442.69,20,Net Banking,Online,Delivered,2024-03-25
ORD00218,2025-06-24,CUST0623,Coimbatore,South,Small Business,Furniture,Office Chair,3,9973.38,20,Credit Card,Online,Cancelled,2024-07-27
ORD00219,2025-11-21,CUST0241,Bengaluru,South,Consumer,Fashion,Shoes,1,9756.02,10,Credit Card,Online,Delivered,2023-12-22
ORD00220,2025-12-14,CUST0050,Pune,West,Consumer,Fashion,T-Shirt,1,2204.65,25,Net Banking,Marketplace,Delivered,2023-12-17
ORD00221,2025-01-18,CUST0045,Hyderabad,South,Small Business,Beauty,Skincare Kit,1,4421.46,10,Credit Card,Marketplace,Cancelled,2025-05-15
ORD00222,2025-02-13,CUST0201,Bengaluru,South,Consumer,Home Appliances,Mixer,1,5589.24,0,Credit Card,Online,Delivered,2024-05-22
ORD00223,2025-06-04,CUST1030,Pune,West,Consumer,Electronics,Smartwatch,1,18744.82,10,Debit Card,Online,Delivered,2025-04-12
ORD00224,2026-01-12,CUST0339,Ahmedabad,West,Consumer,Furniture,Office Chair,1,10641.21,15,Net Banking,Marketplace,Delivered,2024-09-24
ORD00225,2026-02-06,CUST1135,Bengaluru,South,Corporate,Beauty,Skincare Kit,1,1770.84,10,UPI,Retail Store,Delivered,2024-01-13
ORD00226,2025-08-13,CUST0710,Delhi,North,Small Business,Beauty,Makeup Kit,4,5384.94,5,Credit Card,Online,Delivered,2024-02-23
ORD00227,2025-08-05,CUST0533,Delhi,North,Consumer,Home Appliances,Microwave,5,8079.63,10,Debit Card,Online,Delivered,2025-03-09
ORD00228,2026-07-22,CUST0709,Coimbatore,South,Small Business,Electronics,Smartwatch,2,9119.95,10,Net Banking,Online,Delivered,2024-03-28
ORD00229,2025-01-31,CUST0633,Pune,West,Consumer,Fashion,Shoes,2,9253.7,25,Debit Card,Marketplace,Delivered,2023-04-17
ORD00230,2025-02-28,CUST0900,Ahmedabad,West,Corporate,Furniture,Sofa,1,47033.89,20,Credit Card,Online,Cancelled,2023-02-28
ORD00231,2025-12-19,CUST0339,Pune,West,Consumer,Beauty,Skincare Kit,3,4511.91,15,UPI,Online,Delivered,2024-09-24
ORD00232,2026-03-21,CUST0444,Chennai,South,Consumer,Electronics,Laptop,1,51151.53,15,Cash on Delivery,Marketplace,Delivered,2024-08-10
ORD00233,2025-08-23,CUST1064,Pune,West,Consumer,Home Appliances,Refrigerator,2,69763.92,20,Credit Card,Retail Store,Delivered,2024-12-30
ORD00234,2025-04-17,CUST1126,Bengaluru,South,Consumer,Beauty,Face Serum,5,1214.56,5,UPI,Online,Delivered,2024-03-03
ORD00235,2025-07-10,CUST1062,Chennai,South,Small Business,Beauty,Perfume,1,3458.45,0,Cash on Delivery,Online,Returned,2024-08-20
ORD00236,2026-06-14,CUST0515,Hyderabad,South,Consumer,Home Appliances,Microwave,2,12989.75,5,Debit Card,Online,Delivered,2024-09-07
ORD00237,2026-08-06,CUST0930,Delhi,North,Corporate,Fashion,T-Shirt,1,1046.41,10,Debit Card,Retail Store,Delivered,2024-05-20
ORD00238,2026-07-20,CUST0584,Hyderabad,South,Corporate,Fashion,Jeans,3,2337.05,20,Debit Card,Marketplace,Delivered,2024-03-29
ORD00239,2025-09-02,CUST0616,Pune,West,Consumer,Electronics,Laptop,4,84772.78,0,UPI,Retail Store,Delivered,2023-09-01
ORD00240,2025-03-17,CUST0230,Bengaluru,South,Small Business,Furniture,Sofa,1,48382.49,10,UPI,Online,Returned,2024-10-25
ORD00241,2026-07-01,CUST0729,Chennai,South,Small Business,Beauty,Perfume,1,5385.82,0,Net Banking,Online,Delivered,2023-08-15
ORD00242,2025-09-24,CUST0216,Kolkata,East,Consumer,Fashion,Jacket,1,5937.89,5,Credit Card,Marketplace,Delivered,2025-06-02
ORD00243,2025-11-13,CUST0410,Ahmedabad,West,Consumer,Electronics,Headphones,3,4075.7,20,Debit Card,Online,Delivered,2024-05-16
ORD00244,2025-05-01,CUST1019,Ahmedabad,West,Small Business,Electronics,Smartphone,1,50159.79,10,Net Banking,Retail Store,Delivered,2025-04-03
ORD00245,2025-01-25,CUST0231,Hyderabad,South,Small Business,Furniture,Office Chair,2,20642.02,10,Debit Card,Marketplace,Delivered,2023-04-18
ORD00246,2026-03-08,CUST0087,Chennai,South,Small Business,Electronics,Tablet,1,49331.01,10,Credit Card,Retail Store,Delivered,2024-03-30
ORD00247,2025-06-09,CUST0084,Kochi,South,Consumer,Fashion,Jacket,2,5110.71,0,Cash on Delivery,Retail Store,Delivered,2025-03-22
ORD00248,2026-08-19,CUST1121,Ahmedabad,West,Consumer,Home Appliances,Mixer,1,3271.37,10,UPI,Retail Store,Returned,2024-02-18
ORD00249,2025-04-24,CUST0624,Ahmedabad,West,Small Business,Home Appliances,Microwave,4,24137.39,20,Credit Card,Online,Delivered,2023-07-26
ORD00250,2026-05-17,CUST0504,Mumbai,West,Corporate,Beauty,Hair Dryer,2,4126.54,15,UPI,Retail Store,Returned,2024-04-25
ORD00251,2025-06-15,CUST0966,Pune,West,Small Business,Electronics,Headphones,1,7692.84,25,UPI,Online,Delivered,2025-01-24
ORD00252,2025-06-24,CUST0991,Kolkata,East,Corporate,Beauty,Perfume,5,6809.46,15,Debit Card,Marketplace,Cancelled,2023-12-11
ORD00253,2025-01-01,CUST0410,Bengaluru,South,Consumer,Beauty,Face Serum,1,1972.31,25,Net Banking,Retail Store,Delivered,2024-05-16
ORD00254,2025-03-27,CUST0838,Mumbai,West,Corporate,Home Appliances,Refrigerator,1,62662.25,5,UPI,Online,Delivered,2025-04-12
ORD00255,2026-07-28,CUST0920,Bengaluru,South,Corporate,Beauty,Hair Dryer,2,2303.02,0,Debit Card,Online,Delivered,2023-05-09
ORD00256,2025-11-16,CUST0796,Hyderabad,South,Consumer,Fashion,Shoes,5,4790.15,20,UPI,Marketplace,Delivered,2023-09-20
ORD00257,2026-02-05,CUST0171,Delhi,North,Consumer,Furniture,Sofa,1,26174.82,10,Debit Card,Retail Store,Delivered,2025-03-23
ORD00258,2026-01-17,CUST1039,Delhi,North,Small Business,Furniture,Office Chair,1,19031.99,10,Credit Card,Marketplace,Delivered,2024-05-30
ORD00259,2026-09-09,CUST0661,Mumbai,West,Consumer,Home Appliances,Refrigerator,1,55748.66,20,UPI,Online,Delivered,2025-06-15
ORD00260,2025-11-14,CUST0339,Hyderabad,South,Corporate,Electronics,Laptop,1,94097.27,10,Debit Card,Online,Delivered,2024-09-24
ORD00261,2025-09-07,CUST0521,Hyderabad,South,Consumer,Beauty,Skincare Kit,1,1434.66,5,UPI,Marketplace,Delivered,2024-03-02
ORD00262,2026-06-09,CUST0050,Kolkata,East,Consumer,Home Appliances,Air Conditioner,1,43451.87,15,Debit Card,Retail Store,Delivered,2023-12-17
ORD00263,2026-07-09,CUST0146,Ahmedabad,West,Corporate,Beauty,Makeup Kit,1,2407.73,0,Cash on Delivery,Retail Store,Delivered,2023-09-17
ORD00264,2026-09-15,CUST0911,Hyderabad,South,Consumer,Beauty,Makeup Kit,1,3822.86,0,Credit Card,Marketplace,Delivered,2024-05-24
ORD00265,2025-09-13,CUST0001,Chennai,South,Corporate,Home Appliances,Washing Machine,4,36992.49,0,UPI,Online,Delivered,2023-08-26
ORD00266,2025-11-03,CUST0512,Bengaluru,South,Consumer,Electronics,Smartphone,1,19505.56,5,Credit Card,Marketplace,Delivered,2024-11-29
ORD00267,2025-05-24,CUST0644,Delhi,North,Corporate,Home Appliances,Refrigerator,1,47912.16,15,Credit Card,Retail Store,Delivered,2025-06-03
ORD00268,2026-01-26,CUST0063,Delhi,North,Consumer,Home Appliances,Air Conditioner,1,38021.48,5,Credit Card,Retail Store,Returned,2023-08-24
ORD00269,2025-06-18,CUST1165,Hyderabad,South,Small Business,Home Appliances,Mixer,3,8791.61,10,Debit Card,Retail Store,Delivered,2024-08-28
ORD00270,2025-10-25,CUST0245,Bengaluru,South,Consumer,Electronics,Headphones,1,7603.26,5,Credit Card,Online,Delivered,2025-04-06
ORD00271,2025-08-21,CUST0371,Pune,West,Corporate,Home Appliances,Mixer,3,8768.41,15,Credit Card,Retail Store,Delivered,2025-05-08
ORD00272,2025-09-28,CUST0370,Ahmedabad,West,Consumer,Beauty,Makeup Kit,3,3158.26,10,Credit Card,Retail Store,Cancelled,2023-06-01
ORD00273,2025-03-01,CUST0249,Ahmedabad,West,Consumer,Furniture,Bookshelf,1,15735.16,10,UPI,Retail Store,Delivered,2025-05-28
ORD00274,2025-10-23,CUST0003,Pune,West,Small Business,Home Appliances,Mixer,1,8206.01,10,Net Banking,Marketplace,Delivered,2023-03-20
ORD00275,2026-04-12,CUST0871,Hyderabad,South,Consumer,Beauty,Skincare Kit,1,2474.24,15,Debit Card,Online,Delivered,2023-07-13
ORD00276,2025-08-23,CUST1156,Pune,West,Corporate,Fashion,Dress,2,1683.15,5,UPI,Online,Delivered,2024-02-09
ORD00277,2025-08-22,CUST0243,Bengaluru,South,Consumer,Furniture,Bookshelf,1,24672.01,10,Net Banking,Marketplace,Delivered,2023-10-02
ORD00278,2026-01-03,CUST0802,Coimbatore,South,Corporate,Fashion,Jacket,1,2678.18,20,UPI,Retail Store,Delivered,2023-04-30
ORD00279,2025-08-20,CUST0889,Kochi,South,Consumer,Home Appliances,Air Conditioner,2,63163.3,0,Net Banking,Retail Store,Delivered,2025-03-16
ORD00280,2026-05-06,CUST1011,Coimbatore,South,Consumer,Home Appliances,Refrigerator,2,25908.77,5,Debit Card,Retail Store,Delivered,2024-04-28
ORD00281,2026-09-11,CUST0519,Kolkata,East,Consumer,Electronics,Laptop,2,92868.1,15,UPI,Marketplace,Delivered,2023-10-31
ORD00282,2026-05-18,CUST0369,Hyderabad,South,Small Business,Fashion,Shoes,1,1609.29,0,Credit Card,Retail Store,Delivered,2025-04-03
ORD00283,2026-08-15,CUST0398,Bengaluru,South,Corporate,Fashion,T-Shirt,1,2390.32,20,UPI,Retail Store,Delivered,2023-09-17
ORD00284,2026-01-16,CUST0851,Chennai,South,Consumer,Beauty,Makeup Kit,1,2964.72,15,Credit Card,Online,Delivered,2023-12-11
ORD00285,2026-03-04,CUST0970,Mumbai,West,Small Business,Home Appliances,Washing Machine,1,44624.19,10,UPI,Retail Store,Delivered,2024-07-26
ORD00286,2025-12-30,CUST0209,Ahmedabad,West,Consumer,Home Appliances,Mixer,1,6692.96,15,UPI,Online,Delivered,2024-06-29
ORD00287,2025-07-21,CUST0467,Kolkata,East,Small Business,Electronics,Smartphone,3,19546.36,10,Credit Card,Online,Delivered,2023-09-11
ORD00288,2025-05-26,CUST1073,Chennai,South,Consumer,Fashion,Shoes,3,7199.93,20,UPI,Retail Store,Delivered,2023-03-12
ORD00289,2026-04-02,CUST0959,Kochi,South,Corporate,Electronics,Headphones,1,5189.95,15,Credit Card,Marketplace,Delivered,2023-11-03
ORD00290,2025-05-15,CUST1180,Ahmedabad,West,Consumer,Home Appliances,Washing Machine,2,47164.08,10,UPI,Marketplace,Delivered,2023-04-25
ORD00291,2026-09-18,CUST0893,Coimbatore,South,Consumer,Electronics,Laptop,2,57471.7,0,UPI,Online,Delivered,2024-07-21
ORD00292,2025-09-21,CUST0486,Bengaluru,South,Consumer,Furniture,Office Chair,2,14800.85,10,Credit Card,Online,Cancelled,2024-02-12
ORD00293,2025-03-05,CUST0723,Chennai,South,Consumer,Fashion,T-Shirt,1,2002.05,10,Net Banking,Online,Delivered,2025-06-13
ORD00294,2026-05-06,CUST0797,Ahmedabad,West,Small Business,Beauty,Makeup Kit,3,5631.85,0,UPI,Marketplace,Delivered,2023-05-30
ORD00295,2025-02-10,CUST0096,Hyderabad,South,Consumer,Furniture,Sofa,1,31037.53,0,UPI,Marketplace,Delivered,2024-10-05
ORD00296,2025-10-23,CUST0667,Pune,West,Small Business,Electronics,Smartwatch,3,22614.77,10,UPI,Retail Store,Delivered,2023-01-27
ORD00297,2025-01-03,CUST0848,Kolkata,East,Consumer,Electronics,Smartphone,1,25226.95,15,Cash on Delivery,Online,Delivered,2024-03-24
ORD00298,2025-04-20,CUST0194,Mumbai,West,Small Business,Electronics,Tablet,1,32007.59,10,Net Banking,Online,Delivered,2023-11-24
ORD00299,2025-08-09,CUST0931,Coimbatore,South,Small Business,Home Appliances,Mixer,4,2544.56,0,UPI,Online,Delivered,2024-10-07
ORD00300,2026-01-05,CUST0712,Kolkata,East,Small Business,Beauty,Hair Dryer,1,1697.01,10,Credit Card,Retail Store,Delivered,2024-08-07
ORD00301,2026-01-03,CUST1138,Hyderabad,South,Consumer,Electronics,Smartwatch,1,24001.58,5,UPI,Marketplace,Delivered,2023-04-16
ORD00302,2026-03-12,CUST0053,Hyderabad,South,Consumer,Fashion,Dress,1,5595.51,15,Cash on Delivery,Marketplace,Delivered,2023-03-25
ORD00303,2025-01-04,CUST0311,Mumbai,West,Corporate,Fashion,Shoes,3,6377.5,10,Debit Card,Online,Delivered,2025-04-21
ORD00304,2025-09-01,CUST0742,Hyderabad,South,Consumer,Furniture,Bed,1,72483.04,20,UPI,Marketplace,Delivered,2023-07-28
ORD00305,2025-06-15,CUST0360,Kolkata,East,Consumer,Electronics,Headphones,1,9806.57,10,Credit Card,Retail Store,Delivered,2024-12-01
ORD00306,2025-01-26,CUST0853,Kolkata,East,Small Business,Fashion,T-Shirt,1,1796.44,10,Net Banking,Marketplace,Delivered,2023-11-16
ORD00307,2026-01-30,CUST0902,Delhi,North,Corporate,Fashion,Dress,1,6939.38,10,UPI,Online,Delivered,2024-05-13
ORD00308,2026-04-19,CUST0116,Chennai,South,Consumer,Electronics,Smartwatch,1,10391.1,10,UPI,Retail Store,Delivered,2024-03-25
ORD00309,2025-01-17,CUST0633,Hyderabad,South,Consumer,Home Appliances,Air Conditioner,1,44263.7,10,Debit Card,Online,Delivered,2023-04-17
ORD00310,2025-04-02,CUST0626,Pune,West,Consumer,Beauty,Skincare Kit,2,2235.15,5,UPI,Retail Store,Delivered,2025-02-24
ORD00311,2026-04-28,CUST0463,Pune,West,Corporate,Beauty,Perfume,1,4022.97,10,UPI,Online,Delivered,2025-04-10
ORD00312,2026-06-27,CUST1116,Delhi,North,Small Business,Electronics,Smartphone,1,51674.17,5,Debit Card,Online,Delivered,2025-05-05
ORD00313,2025-07-24,CUST0975,Ahmedabad,West,Consumer,Fashion,Dress,3,4666.58,20,Credit Card,Online,Returned,2024-03-16
ORD00314,2026-05-17,CUST0842,Bengaluru,South,Small Business,Electronics,Laptop,1,92391.14,10,UPI,Online,Delivered,2024-01-29
ORD00315,2026-02-04,CUST0853,Coimbatore,South,Consumer,Fashion,T-Shirt,1,2351.98,5,Debit Card,Retail Store,Returned,2023-11-16
ORD00316,2025-07-26,CUST0565,Pune,West,Corporate,Fashion,Jacket,1,3136.34,10,Net Banking,Online,Delivered,2025-05-25
ORD00317,2026-09-11,CUST1098,Chennai,South,Small Business,Home Appliances,Washing Machine,1,35871.92,20,Credit Card,Retail Store,Delivered,2024-05-05
ORD00318,2025-05-26,CUST0840,Kochi,South,Corporate,Electronics,Tablet,1,28594.85,20,UPI,Retail Store,Delivered,2024-10-06
ORD00319,2025-04-11,CUST0871,Delhi,North,Consumer,Electronics,Smartphone,1,21724.0,10,UPI,Online,Delivered,2023-07-13
ORD00320,2025-08-29,CUST1024,Bengaluru,South,Consumer,Home Appliances,Microwave,2,23830.8,10,Debit Card,Online,Delivered,2024-01-20
ORD00321,2025-06-12,CUST0316,Bengaluru,South,Small Business,Home Appliances,Refrigerator,2,57611.93,10,UPI,Marketplace,Delivered,2024-06-02
ORD00322,2025-06-22,CUST0961,Mumbai,West,Corporate,Fashion,Jacket,2,6007.5,20,UPI,Online,Cancelled,2024-09-16
ORD00323,2026-05-17,CUST0224,Chennai,South,Consumer,Beauty,Makeup Kit,5,3464.13,10,UPI,Marketplace,Delivered,2024-06-08
ORD00324,2026-07-01,CUST0428,Mumbai,West,Corporate,Electronics,Smartphone,3,39507.36,20,Net Banking,Marketplace,Cancelled,2024-05-30
ORD00325,2025-10-11,CUST0414,Bengaluru,South,Small Business,Home Appliances,Refrigerator,3,50352.05,0,Debit Card,Retail Store,Delivered,2025-05-02
ORD00326,2025-12-25,CUST1173,Coimbatore,South,Consumer,Beauty,Makeup Kit,1,2937.21,0,UPI,Online,Delivered,2023-04-07
ORD00327,2026-01-16,CUST1022,Ahmedabad,West,Corporate,Home Appliances,Washing Machine,2,29245.69,10,Credit Card,Online,Delivered,2024-05-25
ORD00328,2026-06-17,CUST0843,Delhi,North,Consumer,Home Appliances,Mixer,3,4261.3,0,Credit Card,Marketplace,Delivered,2024-10-13
ORD00329,2025-06-12,CUST0868,Bengaluru,South,Consumer,Fashion,Dress,3,6228.78,0,UPI,Retail Store,Delivered,2024-06-03
ORD00330,2026-09-01,CUST0693,Ahmedabad,West,Consumer,Fashion,Dress,3,2882.29,25,Net Banking,Retail Store,Delivered,2025-02-24
ORD00331,2025-11-03,CUST1126,Mumbai,West,Consumer,Beauty,Skincare Kit,1,1928.25,25,Net Banking,Marketplace,Delivered,2024-03-03
ORD00332,2025-12-05,CUST0614,Chennai,South,Consumer,Furniture,Dining Table,1,39599.23,20,Cash on Delivery,Online,Delivered,2023-12-28
ORD00333,2025-02-24,CUST0472,Kolkata,East,Corporate,Furniture,Bed,2,55399.86,5,UPI,Marketplace,Delivered,2024-01-23
ORD00334,2025-11-29,CUST0185,Bengaluru,South,Consumer,Home Appliances,Microwave,3,15467.34,5,Debit Card,Marketplace,Delivered,2023-03-07
ORD00335,2025-05-07,CUST0938,Delhi,North,Consumer,Home Appliances,Washing Machine,4,44470.69,5,UPI,Marketplace,Delivered,2025-04-19
ORD00336,2025-08-31,CUST0876,Hyderabad,South,Consumer,Fashion,T-Shirt,1,1651.15,10,Debit Card,Marketplace,Delivered,2024-01-05
ORD00337,2026-08-23,CUST0481,Delhi,North,Corporate,Beauty,Skincare Kit,3,4931.51,10,Credit Card,Online,Delivered,2023-10-01
ORD00338,2026-02-13,CUST0035,Hyderabad,South,Consumer,Furniture,Office Chair,1,17304.55,10,UPI,Online,Delivered,2024-12-31
ORD00339,2026-05-18,CUST0997,Hyderabad,South,Small Business,Fashion,Jeans,2,4204.62,5,UPI,Marketplace,Delivered,2024-03-13
ORD00340,2026-08-27,CUST0018,Delhi,North,Corporate,Fashion,Dress,2,4508.61,25,Cash on Delivery,Retail Store,Delivered,2024-11-01
ORD00341,2025-10-30,CUST0845,Hyderabad,South,Consumer,Furniture,Office Chair,1,23535.78,10,Net Banking,Online,Delivered,2024-07-23
ORD00342,2026-04-09,CUST1158,Pune,West,Consumer,Home Appliances,Microwave,1,15365.0,25,Debit Card,Online,Delivered,2023-10-05
ORD00343,2025-08-23,CUST0536,Kochi,South,Consumer,Furniture,Dining Table,4,22472.9,15,UPI,Online,Delivered,2023-12-13
ORD00344,2025-02-07,CUST0253,Chennai,South,Corporate,Furniture,Sofa,1,42884.78,0,Debit Card,Marketplace,Delivered,2025-06-11
ORD00345,2025-05-19,CUST0846,Delhi,North,Small Business,Electronics,Laptop,3,64838.68,10,UPI,Retail Store,Delivered,2024-10-22
ORD00346,2025-07-14,CUST0970,Mumbai,West,Consumer,Furniture,Bed,1,54226.03,10,Cash on Delivery,Online,Delivered,2024-07-26
ORD00347,2026-06-11,CUST0669,Coimbatore,South,Consumer,Fashion,Jacket,5,3464.21,5,Net Banking,Online,Delivered,2023-03-08
ORD00348,2025-01-01,CUST1156,Pune,West,Small Business,Furniture,Dining Table,1,41881.38,5,UPI,Retail Store,Delivered,2024-02-09
ORD00349,2026-07-15,CUST0063,Ahmedabad,West,Consumer,Fashion,Jeans,1,3081.49,20,Debit Card,Retail Store,Delivered,2023-08-24
ORD00350,2025-04-06,CUST0622,Ahmedabad,West,Consumer,Home Appliances,Washing Machine,1,30020.12,10,Credit Card,Online,Delivered,2024-02-10
ORD00351,2026-02-17,CUST0861,Mumbai,West,Small Business,Furniture,Bookshelf,1,21951.52,0,Net Banking,Online,Delivered,2025-01-13
ORD00352,2026-06-22,CUST1026,Kochi,South,Corporate,Home Appliances,Washing Machine,1,55468.65,10,Net Banking,Online,Delivered,2023-08-20
ORD00353,2026-03-05,CUST0208,Kochi,South,Consumer,Furniture,Bed,1,41084.34,10,Credit Card,Retail Store,Delivered,2024-05-08
ORD00354,2025-08-23,CUST0953,Kochi,South,Consumer,Fashion,Jeans,2,3715.62,15,UPI,Marketplace,Delivered,2023-09-04
ORD00355,2025-12-15,CUST0675,Coimbatore,South,Consumer,Electronics,Laptop,2,81595.77,25,UPI,Marketplace,Delivered,2023-10-17
ORD00356,2026-04-26,CUST0492,Kochi,South,Consumer,Furniture,Sofa,1,26446.12,5,Debit Card,Retail Store,Delivered,2023-11-21
ORD00357,2026-01-31,CUST0147,Kochi,South,Consumer,Home Appliances,Washing Machine,4,59228.29,15,Net Banking,Retail Store,Delivered,2023-11-29
ORD00358,2025-12-17,CUST1028,Chennai,South,Consumer,Beauty,Perfume,1,5521.54,10,UPI,Online,Delivered,2023-07-14
ORD00359,2026-02-20,CUST0179,Coimbatore,South,Consumer,Beauty,Perfume,3,2100.28,5,Credit Card,Marketplace,Delivered,2025-04-27
ORD00360,2025-02-20,CUST0374,Bengaluru,South,Consumer,Electronics,Smartwatch,2,12936.01,10,UPI,Online,Delivered,2023-10-06
ORD00361,2025-03-22,CUST0348,Ahmedabad,West,Consumer,Beauty,Hair Dryer,1,4119.83,15,Credit Card,Retail Store,Delivered,2024-01-13
ORD00362,2025-02-05,CUST1036,Kochi,South,Consumer,Beauty,Hair Dryer,1,5366.37,15,Credit Card,Online,Delivered,2023-10-05
ORD00363,2025-03-08,CUST0818,Delhi,North,Consumer,Home Appliances,Air Conditioner,1,55576.68,5,Credit Card,Online,Delivered,2025-04-09
ORD00364,2026-09-15,CUST0948,Bengaluru,South,Consumer,Furniture,Dining Table,4,55134.07,10,Cash on Delivery,Online,Delivered,2023-01-05
ORD00365,2026-04-26,CUST0279,Hyderabad,South,Corporate,Electronics,Tablet,3,17693.02,10,UPI,Retail Store,Delivered,2023-09-21
ORD00366,2026-04-13,CUST0760,Chennai,South,Consumer,Beauty,Makeup Kit,3,3292.34,0,Credit Card,Online,Cancelled,2025-03-29
ORD00367,2025-05-22,CUST0703,Mumbai,West,Consumer,Furniture,Sofa,5,49366.88,0,UPI,Marketplace,Delivered,2023-12-19
ORD00368,2025-12-22,CUST0984,Pune,West,Consumer,Furniture,Dining Table,4,22554.55,0,UPI,Online,Delivered,2023-01-17
ORD00369,2026-04-16,CUST1079,Bengaluru,South,Consumer,Furniture,Bed,3,31244.82,15,UPI,Retail Store,Returned,2023-02-20
ORD00370,2026-09-13,CUST0019,Delhi,North,Consumer,Electronics,Smartwatch,1,17965.84,20,UPI,Online,Delivered,2025-04-07
ORD00371,2026-08-14,CUST0818,Ahmedabad,West,Consumer,Electronics,Headphones,1,3263.42,20,UPI,Online,Delivered,2025-04-09
ORD00372,2026-03-15,CUST0063,Delhi,North,Small Business,Beauty,Makeup Kit,1,5181.55,10,UPI,Retail Store,Delivered,2023-08-24
ORD00373,2026-06-15,CUST0671,Hyderabad,South,Consumer,Fashion,T-Shirt,1,529.26,20,UPI,Marketplace,Delivered,2023-04-06
ORD00374,2025-05-07,CUST0345,Mumbai,West,Small Business,Home Appliances,Microwave,1,14313.89,0,Credit Card,Online,Delivered,2024-01-02
ORD00375,2025-07-24,CUST0372,Delhi,North,Corporate,Beauty,Hair Dryer,1,2445.08,10,UPI,Retail Store,Delivered,2023-09-17
ORD00376,2025-01-29,CUST0444,Delhi,North,Consumer,Fashion,T-Shirt,1,2391.71,0,UPI,Online,Cancelled,2024-08-10
ORD00377,2026-03-21,CUST0755,Chennai,South,Consumer,Beauty,Face Serum,1,2902.91,10,Credit Card,Retail Store,Delivered,2024-07-18
ORD00378,2026-04-09,CUST0413,Mumbai,West,Consumer,Fashion,Jeans,1,2610.81,20,UPI,Online,Delivered,2024-04-19
ORD00379,2025-10-07,CUST0874,Pune,West,Consumer,Furniture,Sofa,1,77309.93,15,Credit Card,Online,Delivered,2023-08-30
ORD00380,2025-05-31,CUST0498,Hyderabad,South,Consumer,Fashion,T-Shirt,2,2145.49,25,UPI,Retail Store,Delivered,2023-07-21
ORD00381,2025-08-28,CUST0084,Mumbai,West,Consumer,Beauty,Hair Dryer,1,3466.86,0,Cash on Delivery,Online,Delivered,2025-03-22
ORD00382,2025-09-23,CUST0936,Mumbai,West,Small Business,Electronics,Smartphone,2,58786.17,5,Credit Card,Online,Delivered,2024-12-16
ORD00383,2025-04-15,CUST0343,Pune,West,Consumer,Fashion,T-Shirt,2,720.89,10,Net Banking,Retail Store,Delivered,2024-10-01
ORD00384,2026-03-09,CUST0528,Delhi,North,Consumer,Fashion,Shoes,5,2073.99,10,Net Banking,Marketplace,Delivered,2023-09-03
ORD00385,2026-05-12,CUST0832,Pune,West,Consumer,Beauty,Perfume,1,2050.14,10,UPI,Marketplace,Delivered,2024-09-26
ORD00386,2026-03-16,CUST0411,Mumbai,West,Corporate,Home Appliances,Microwave,5,21347.51,10,Net Banking,Online,Delivered,2023-04-16
ORD00387,2025-06-07,CUST0067,Coimbatore,South,Small Business,Electronics,Headphones,1,12576.74,10,Net Banking,Marketplace,Delivered,2025-02-22
ORD00388,2025-06-21,CUST0470,Hyderabad,South,Small Business,Furniture,Office Chair,1,17224.99,10,UPI,Online,Delivered,2023-06-30
ORD00389,2026-05-09,CUST1124,Ahmedabad,West,Consumer,Beauty,Face Serum,3,930.39,10,UPI,Online,Cancelled,2024-01-14
ORD00390,2025-11-07,CUST0777,Delhi,North,Consumer,Fashion,T-Shirt,3,1790.98,25,UPI,Retail Store,Delivered,2024-02-06
ORD00391,2026-02-07,CUST0815,Hyderabad,South,Consumer,Home Appliances,Air Conditioner,1,35329.47,10,Credit Card,Retail Store,Delivered,2025-05-05
ORD00392,2026-04-08,CUST0771,Delhi,North,Consumer,Furniture,Sofa,1,67518.04,0,UPI,Online,Delivered,2024-04-18
ORD00393,2026-01-02,CUST0226,Coimbatore,South,Consumer,Home Appliances,Air Conditioner,1,62517.48,5,UPI,Marketplace,Delivered,2023-10-03
ORD00394,2026-07-04,CUST0512,Mumbai,West,Consumer,Electronics,Tablet,2,45771.65,10,Net Banking,Online,Delivered,2024-11-29
ORD00395,2025-09-12,CUST0889,Kochi,South,Consumer,Beauty,Face Serum,1,2124.13,15,Cash on Delivery,Online,Delivered,2025-03-16
ORD00396,2025-07-27,CUST0116,Kochi,South,Consumer,Electronics,Tablet,1,44287.64,25,UPI,Retail Store,Cancelled,2024-03-25
ORD00397,2026-03-26,CUST0328,Delhi,North,Consumer,Electronics,Smartphone,2,43576.75,5,UPI,Online,Delivered,2023-12-01
ORD00398,2025-04-05,CUST0325,Kolkata,East,Corporate,Furniture,Bed,1,43167.64,20,Credit Card,Marketplace,Delivered,2024-02-20
ORD00399,2026-04-23,CUST0527,Delhi,North,Corporate,Fashion,T-Shirt,3,2384.92,25,UPI,Retail Store,Delivered,2023-03-09
ORD00400,2025-07-09,CUST1173,Pune,West,Consumer,Furniture,Sofa,1,67086.51,20,Debit Card,Online,Delivered,2023-04-07
ORD00401,2026-04-29,CUST0082,Kochi,South,Consumer,Home Appliances,Refrigerator,1,66936.51,15,Cash on Delivery,Retail Store,Delivered,2025-05-11
ORD00402,2026-06-20,CUST0638,Kolkata,East,Consumer,Electronics,Laptop,1,75735.78,5,Debit Card,Online,Delivered,2023-10-21
ORD00403,2026-02-27,CUST0208,Delhi,North,Consumer,Home Appliances,Refrigerator,1,65100.25,0,UPI,Retail Store,Delivered,2024-05-08
ORD00404,2026-08-28,CUST1161,Kolkata,East,Corporate,Furniture,Sofa,2,53637.92,5,Credit Card,Online,Returned,2023-08-12
ORD00405,2025-05-13,CUST0127,Hyderabad,South,Small Business,Home Appliances,Washing Machine,1,23449.0,15,UPI,Retail Store,Delivered,2023-06-29
ORD00406,2025-02-24,CUST0498,Mumbai,West,Consumer,Electronics,Smartphone,2,47566.34,15,UPI,Online,Delivered,2023-07-21
ORD00407,2026-05-25,CUST0883,Bengaluru,South,Small Business,Furniture,Bed,1,52901.1,10,Credit Card,Marketplace,Delivered,2024-06-08
ORD00408,2026-06-25,CUST0846,Delhi,North,Consumer,Fashion,Jacket,1,6175.37,10,Net Banking,Marketplace,Delivered,2024-10-22
ORD00409,2026-02-14,CUST0519,Delhi,North,Consumer,Electronics,Tablet,3,43361.98,10,Credit Card,Marketplace,Delivered,2023-10-31
ORD00410,2025-07-30,CUST0428,Ahmedabad,West,Consumer,Fashion,Jeans,3,3206.84,15,Net Banking,Retail Store,Delivered,2024-05-30
ORD00411,2025-10-20,CUST0494,Pune,West,Small Business,Furniture,Bookshelf,2,4751.27,0,UPI,Online,Delivered,2023-03-31
ORD00412,2025-04-25,CUST0311,Bengaluru,South,Consumer,Fashion,T-Shirt,1,1826.05,15,UPI,Retail Store,Delivered,2025-04-21
ORD00413,2025-09-16,CUST0230,Hyderabad,South,Consumer,Electronics,Laptop,1,82521.03,10,Net Banking,Marketplace,Delivered,2024-10-25
ORD00414,2025-05-02,CUST0599,Ahmedabad,West,Consumer,Home Appliances,Mixer,2,4318.12,10,Net Banking,Marketplace,Cancelled,2023-11-16
ORD00415,2025-10-26,CUST0312,Kolkata,East,Small Business,Fashion,Jeans,1,4456.38,15,UPI,Online,Delivered,2024-11-09
ORD00416,2026-01-16,CUST0345,Coimbatore,South,Corporate,Beauty,Face Serum,1,3634.78,15,Credit Card,Online,Delivered,2024-01-02
ORD00417,2026-07-15,CUST0796,Chennai,South,Consumer,Fashion,Dress,1,1293.01,10,UPI,Online,Delivered,2023-09-20
ORD00418,2026-05-16,CUST1157,Ahmedabad,West,Consumer,Electronics,Laptop,4,67374.13,5,UPI,Marketplace,Delivered,2024-05-28
ORD00419,2025-10-24,CUST0742,Chennai,South,Consumer,Electronics,Laptop,1,80998.72,5,Credit Card,Online,Delivered,2023-07-28
ORD00420,2025-12-28,CUST0091,Bengaluru,South,Consumer,Fashion,Jeans,1,1807.76,5,Credit Card,Retail Store,Returned,2024-08-21
ORD00421,2026-08-12,CUST0090,Delhi,North,Consumer,Electronics,Laptop,3,56304.62,0,Debit Card,Online,Delivered,2023-09-12
ORD00422,2026-04-08,CUST1136,Pune,West,Consumer,Home Appliances,Mixer,1,6118.57,10,Cash on Delivery,Online,Returned,2023-05-16
ORD00423,2026-03-14,CUST0362,Pune,West,Consumer,Furniture,Bed,1,68362.96,20,UPI,Online,Delivered,2023-08-05
ORD00424,2025-05-07,CUST0109,Kochi,South,Corporate,Beauty,Face Serum,3,2560.95,10,Cash on Delivery,Retail Store,Delivered,2024-09-15
ORD00425,2025-07-16,CUST0740,Bengaluru,South,Consumer,Home Appliances,Refrigerator,1,65156.67,5,UPI,Retail Store,Delivered,2023-07-01
ORD00426,2025-08-09,CUST0759,Chennai,South,Small Business,Home Appliances,Mixer,1,4754.65,15,Debit Card,Retail Store,Delivered,2025-02-12
ORD00427,2025-04-01,CUST0789,Kolkata,East,Consumer,Home Appliances,Air Conditioner,1,54240.21,0,Cash on Delivery,Marketplace,Delivered,2025-03-20
ORD00428,2026-02-15,CUST0311,Pune,West,Consumer,Beauty,Hair Dryer,2,3610.37,15,UPI,Marketplace,Delivered,2025-04-21
ORD00429,2025-01-08,CUST0025,Hyderabad,South,Consumer,Home Appliances,Microwave,3,10053.23,15,UPI,Online,Delivered,2024-09-05
ORD00430,2026-06-28,CUST1154,Kolkata,East,Consumer,Electronics,Tablet,1,26363.55,20,UPI,Online,Delivered,2024-06-20
ORD00431,2026-04-13,CUST0279,Pune,West,Consumer,Home Appliances,Washing Machine,3,23494.14,10,Credit Card,Retail Store,Cancelled,2023-09-21
ORD00432,2025-11-16,CUST0818,Mumbai,West,Consumer,Furniture,Bed,1,29111.47,10,UPI,Online,Delivered,2025-04-09
ORD00433,2026-01-29,CUST0848,Ahmedabad,West,Consumer,Home Appliances,Refrigerator,3,38592.2,15,Debit Card,Online,Delivered,2024-03-24
ORD00434,2025-09-26,CUST0747,Chennai,South,Consumer,Home Appliances,Air Conditioner,1,49350.43,10,UPI,Online,Delivered,2023-09-15
ORD00435,2025-07-10,CUST0374,Kochi,South,Consumer,Fashion,Jacket,1,3583.82,5,Credit Card,Marketplace,Delivered,2023-10-06
ORD00436,2025-03-02,CUST0314,Kochi,South,Corporate,Furniture,Dining Table,2,29234.49,5,Credit Card,Retail Store,Delivered,2024-10-27
ORD00437,2026-03-14,CUST0739,Kolkata,East,Consumer,Home Appliances,Microwave,1,11359.25,10,Cash on Delivery,Online,Delivered,2023-02-09
ORD00438,2025-09-21,CUST1028,Chennai,South,Consumer,Fashion,T-Shirt,1,1266.08,5,Cash on Delivery,Marketplace,Delivered,2023-07-14
ORD00439,2025-04-05,CUST1126,Pune,West,Consumer,Fashion,Jacket,3,2178.18,0,Credit Card,Online,Delivered,2024-03-03
ORD00440,2026-07-07,CUST0120,Chennai,South,Small Business,Beauty,Hair Dryer,2,5775.3,5,UPI,Online,Delivered,2024-12-16
ORD00441,2026-04-15,CUST0176,Pune,West,Small Business,Fashion,Jacket,1,2950.25,15,UPI,Online,Delivered,2024-03-30
ORD00442,2026-05-29,CUST1126,Delhi,North,Consumer,Beauty,Skincare Kit,3,3543.15,10,Debit Card,Online,Delivered,2024-03-03
ORD00443,2025-07-13,CUST0879,Delhi,North,Corporate,Fashion,Jacket,1,6196.6,15,Cash on Delivery,Online,Delivered,2023-09-27
ORD00444,2026-04-27,CUST1049,Kochi,South,Consumer,Furniture,Bookshelf,1,15043.75,5,UPI,Retail Store,Delivered,2023-08-15
ORD00445,2025-12-02,CUST0229,Kochi,South,Corporate,Electronics,Laptop,1,87880.65,5,UPI,Online,Delivered,2023-08-17
ORD00446,2026-03-11,CUST0719,Pune,West,Consumer,Electronics,Laptop,1,53004.67,15,Credit Card,Online,Delivered,2023-07-29
ORD00447,2025-07-15,CUST0843,Bengaluru,South,Consumer,Furniture,Sofa,1,69004.68,15,UPI,Marketplace,Delivered,2024-10-13
ORD00448,2025-09-06,CUST0828,Pune,West,Small Business,Furniture,Sofa,1,26715.91,10,UPI,Online,Delivered,2024-06-05
ORD00449,2026-05-13,CUST0502,Ahmedabad,West,Consumer,Beauty,Perfume,2,1041.53,5,UPI,Marketplace,Delivered,2023-10-15
ORD00450,2025-07-31,CUST0025,Ahmedabad,West,Consumer,Beauty,Hair Dryer,2,5524.02,15,UPI,Retail Store,Delivered,2024-09-05
ORD00451,2026-04-11,CUST0711,Kolkata,East,Corporate,Beauty,Makeup Kit,1,1144.32,10,Cash on Delivery,Retail Store,Delivered,2024-03-25
ORD00452,2025-08-09,CUST0281,Mumbai,West,Corporate,Beauty,Skincare Kit,1,3544.42,10,UPI,Online,Delivered,2025-04-13
ORD00453,2025-09-30,CUST0549,Ahmedabad,West,Consumer,Electronics,Laptop,2,49388.84,20,UPI,Online,Delivered,2023-08-28
ORD00454,2025-06-03,CUST1142,Kochi,South,Small Business,Fashion,Jacket,5,5438.68,10,Debit Card,Online,Delivered,2023-05-06
ORD00455,2025-09-06,CUST0496,Coimbatore,South,Small Business,Beauty,Hair Dryer,1,2315.85,5,Credit Card,Online,Delivered,2023-12-31
ORD00456,2025-10-06,CUST1000,Delhi,North,Small Business,Fashion,T-Shirt,1,2099.03,10,Credit Card,Retail Store,Returned,2023-05-19
ORD00457,2026-03-16,CUST0216,Delhi,North,Consumer,Home Appliances,Refrigerator,3,34029.89,15,Credit Card,Marketplace,Delivered,2025-06-02
ORD00458,2025-10-03,CUST0817,Chennai,South,Small Business,Electronics,Laptop,1,88706.42,5,Net Banking,Retail Store,Delivered,2023-04-09
ORD00459,2026-05-29,CUST1173,Kolkata,East,Consumer,Furniture,Bookshelf,5,7171.28,15,Credit Card,Marketplace,Delivered,2023-04-07
ORD00460,2025-03-29,CUST0116,Chennai,South,Consumer,Home Appliances,Refrigerator,1,59186.27,10,Net Banking,Marketplace,Delivered,2024-03-25
ORD00461,2026-05-20,CUST0018,Kolkata,East,Consumer,Fashion,Jeans,2,4633.15,10,UPI,Online,Delivered,2024-11-01
ORD00462,2026-08-13,CUST0530,Chennai,South,Consumer,Electronics,Tablet,2,25787.16,15,Net Banking,Marketplace,Delivered,2024-10-11
ORD00463,2025-08-29,CUST0109,Ahmedabad,West,Corporate,Electronics,Smartwatch,1,6237.47,5,UPI,Online,Returned,2024-09-15
ORD00464,2025-08-24,CUST0889,Bengaluru,South,Small Business,Furniture,Dining Table,3,54717.25,25,Credit Card,Marketplace,Delivered,2025-03-16
ORD00465,2025-05-08,CUST1089,Mumbai,West,Corporate,Electronics,Tablet,4,26171.42,10,UPI,Online,Delivered,2023-07-11
ORD00466,2026-05-18,CUST0530,Pune,West,Consumer,Furniture,Sofa,3,60460.89,25,Credit Card,Online,Delivered,2024-10-11
ORD00467,2025-07-19,CUST0296,Kochi,South,Corporate,Fashion,Dress,1,4525.59,20,Debit Card,Online,Delivered,2023-07-02
ORD00468,2026-06-27,CUST0530,Coimbatore,South,Small Business,Fashion,Dress,4,6132.62,20,Debit Card,Retail Store,Delivered,2024-10-11
ORD00469,2026-05-17,CUST0867,Bengaluru,South,Small Business,Fashion,Jacket,1,6042.33,25,Debit Card,Marketplace,Delivered,2023-10-10
ORD00470,2026-05-07,CUST0018,Kochi,South,Consumer,Electronics,Tablet,1,45448.19,25,Credit Card,Marketplace,Delivered,2024-11-01
ORD00471,2025-01-21,CUST0721,Hyderabad,South,Consumer,Fashion,T-Shirt,1,1633.63,20,Credit Card,Marketplace,Delivered,2025-04-29
ORD00472,2025-08-22,CUST0754,Kolkata,East,Small Business,Electronics,Laptop,2,77505.0,10,Credit Card,Marketplace,Delivered,2024-04-02
ORD00473,2026-02-20,CUST0772,Kochi,South,Corporate,Home Appliances,Air Conditioner,2,30269.42,20,Debit Card,Retail Store,Delivered,2023-08-11
ORD00474,2025-05-28,CUST0260,Ahmedabad,West,Corporate,Home Appliances,Mixer,1,9836.15,5,Credit Card,Marketplace,Delivered,2024-11-16
ORD00475,2025-01-29,CUST0853,Mumbai,West,Corporate,Fashion,T-Shirt,4,899.32,0,Credit Card,Online,Delivered,2023-11-16
ORD00476,2025-12-27,CUST0109,Kochi,South,Small Business,Beauty,Hair Dryer,1,5508.0,10,Debit Card,Marketplace,Delivered,2024-09-15
ORD00477,2025-11-04,CUST0226,Hyderabad,South,Consumer,Electronics,Smartphone,1,17609.61,5,Credit Card,Online,Delivered,2023-10-03
ORD00478,2025-06-11,CUST1043,Delhi,North,Corporate,Beauty,Hair Dryer,1,2952.78,10,UPI,Online,Delivered,2024-12-29
ORD00479,2025-03-02,CUST0883,Delhi,North,Corporate,Beauty,Skincare Kit,3,4485.84,15,Credit Card,Online,Delivered,2024-06-08
ORD00480,2025-05-05,CUST0025,Delhi,North,Corporate,Furniture,Dining Table,3,48296.91,15,Net Banking,Retail Store,Delivered,2024-09-05
ORD00481,2026-04-01,CUST0276,Hyderabad,South,Consumer,Electronics,Tablet,3,38475.12,20,UPI,Retail Store,Delivered,2023-09-12
ORD00482,2025-03-12,CUST0237,Kochi,South,Consumer,Beauty,Hair Dryer,1,2223.26,15,Net Banking,Online,Delivered,2023-11-25
ORD00483,2026-04-11,CUST0314,Kolkata,East,Small Business,Electronics,Laptop,1,46780.27,0,Net Banking,Retail Store,Cancelled,2024-10-27
ORD00484,2025-08-31,CUST0271,Kolkata,East,Consumer,Home Appliances,Washing Machine,2,35206.29,0,UPI,Retail Store,Delivered,2023-03-11
ORD00485,2026-05-05,CUST0078,Mumbai,West,Small Business,Fashion,Jeans,1,1386.79,25,Credit Card,Retail Store,Delivered,2023-05-28
ORD00486,2025-08-09,CUST0563,Ahmedabad,West,Small Business,Home Appliances,Air Conditioner,1,52995.03,15,UPI,Online,Delivered,2024-01-30
ORD00487,2026-04-18,CUST0874,Mumbai,West,Corporate,Furniture,Bookshelf,1,15473.74,20,UPI,Marketplace,Delivered,2023-08-30
ORD00488,2026-06-17,CUST0742,Ahmedabad,West,Corporate,Electronics,Smartphone,3,56667.75,10,UPI,Marketplace,Delivered,2023-07-28
ORD00489,2026-05-09,CUST0818,Bengaluru,South,Consumer,Fashion,T-Shirt,1,1069.86,15,UPI,Marketplace,Delivered,2025-04-09
ORD00490,2025-03-23,CUST0100,Chennai,South,Consumer,Furniture,Sofa,1,79385.36,10,UPI,Retail Store,Delivered,2024-08-31
ORD00491,2026-06-06,CUST1136,Coimbatore,South,Consumer,Electronics,Smartphone,2,77257.86,15,Net Banking,Online,Delivered,2023-05-16
ORD00492,2025-01-12,CUST0997,Hyderabad,South,Consumer,Furniture,Sofa,1,26889.29,10,Debit Card,Marketplace,Delivered,2024-03-13
ORD00493,2025-09-20,CUST0959,Kochi,South,Small Business,Fashion,T-Shirt,2,2060.68,15,UPI,Retail Store,Cancelled,2023-11-03
ORD00494,2026-03-25,CUST0971,Hyderabad,South,Consumer,Electronics,Tablet,3,47478.99,15,UPI,Online,Delivered,2024-07-15
ORD00495,2025-07-11,CUST1114,Mumbai,West,Corporate,Fashion,T-Shirt,1,577.62,0,UPI,Online,Delivered,2024-10-20
ORD00496,2025-04-24,CUST0667,Coimbatore,South,Corporate,Furniture,Office Chair,1,8141.67,5,UPI,Online,Delivered,2023-01-27
ORD00497,2025-01-26,CUST0226,Bengaluru,South,Consumer,Electronics,Headphones,3,11018.1,10,UPI,Retail Store,Delivered,2023-10-03
ORD00498,2026-05-14,CUST0755,Delhi,North,Small Business,Home Appliances,Refrigerator,2,56450.62,20,Debit Card,Retail Store,Cancelled,2024-07-18
ORD00499,2026-05-23,CUST0889,Delhi,North,Consumer,Furniture,Bed,1,21995.03,25,Credit Card,Online,Delivered,2025-03-16
ORD00500,2026-06-29,CUST0883,Ahmedabad,West,Consumer,Fashion,Shoes,1,7695.93,5,UPI,Online,Delivered,2024-06-08
ORD00501,2025-03-03,CUST0642,Ahmedabad,West,Small Business,Beauty,Skincare Kit,2,4882.04,20,UPI,Online,Delivered,2023-01-16
ORD00502,2025-08-17,CUST0084,Chennai,South,Consumer,Electronics,Smartwatch,1,19757.86,20,Cash on Delivery,Retail Store,Delivered,2025-03-22
ORD00503,2026-08-30,CUST0467,Hyderabad,South,Consumer,Home Appliances,Air Conditioner,1,39385.14,10,Credit Card,Online,Delivered,2023-09-11
ORD00504,2025-02-04,CUST1098,Kochi,South,Consumer,Home Appliances,Mixer,1,4630.22,0,Net Banking,Marketplace,Delivered,2024-05-05
ORD00505,2026-04-01,CUST0713,Hyderabad,South,Small Business,Electronics,Smartwatch,1,16600.41,20,Credit Card,Online,Delivered,2023-04-25
ORD00506,2026-08-11,CUST0659,Kolkata,East,Consumer,Electronics,Tablet,1,44757.93,15,UPI,Online,Delivered,2023-06-10
ORD00507,2026-05-17,CUST0312,Ahmedabad,West,Small Business,Beauty,Perfume,1,4978.14,15,Credit Card,Online,Delivered,2024-11-09
ORD00508,2026-08-18,CUST0463,Bengaluru,South,Corporate,Furniture,Dining Table,3,44855.0,5,Credit Card,Marketplace,Returned,2025-04-10
ORD00509,2025-01-25,CUST1065,Coimbatore,South,Consumer,Electronics,Smartwatch,1,19283.15,5,Debit Card,Retail Store,Returned,2024-01-28
ORD00510,2026-07-23,CUST0806,Pune,West,Consumer,Electronics,Smartphone,1,47947.23,15,UPI,Online,Delivered,2023-05-03
ORD00511,2025-02-01,CUST0940,Mumbai,West,Consumer,Home Appliances,Refrigerator,2,54554.88,20,Debit Card,Online,Delivered,2024-10-01
ORD00512,2025-01-12,CUST0558,Mumbai,West,Consumer,Beauty,Hair Dryer,1,2389.13,10,Credit Card,Marketplace,Delivered,2024-08-29
ORD00513,2025-11-15,CUST0767,Pune,West,Consumer,Electronics,Laptop,1,88643.67,10,Credit Card,Retail Store,Delivered,2024-01-30
ORD00514,2026-08-27,CUST0276,Kochi,South,Consumer,Fashion,Jeans,1,1800.2,10,UPI,Online,Delivered,2023-09-12
ORD00515,2025-01-01,CUST0846,Chennai,South,Consumer,Electronics,Laptop,1,84911.62,10,UPI,Online,Delivered,2024-10-22
ORD00516,2026-03-11,CUST0524,Pune,West,Corporate,Home Appliances,Refrigerator,2,59971.88,10,Credit Card,Retail Store,Delivered,2024-11-05
ORD00517,2025-05-16,CUST0541,Pune,West,Consumer,Furniture,Dining Table,1,15159.7,15,UPI,Retail Store,Delivered,2023-03-09
ORD00518,2025-07-15,CUST0789,Ahmedabad,West,Consumer,Furniture,Sofa,2,29801.84,10,Debit Card,Online,Delivered,2025-03-20
ORD00519,2025-05-13,CUST1121,Bengaluru,South,Consumer,Fashion,T-Shirt,1,1940.1,15,Debit Card,Online,Delivered,2024-02-18
ORD00520,2025-03-27,CUST0080,Mumbai,West,Corporate,Furniture,Sofa,2,25108.16,15,Debit Card,Retail Store,Delivered,2024-05-05
ORD00521,2026-04-21,CUST0973,Delhi,North,Consumer,Home Appliances,Washing Machine,3,46252.83,10,UPI,Marketplace,Delivered,2024-11-17
ORD00522,2025-11-20,CUST0352,Chennai,South,Consumer,Fashion,Dress,1,5449.33,5,Credit Card,Marketplace,Delivered,2023-01-13
ORD00523,2025-06-29,CUST0545,Chennai,South,Consumer,Fashion,Jeans,1,1365.97,10,UPI,Online,Delivered,2024-08-22
ORD00524,2026-05-31,CUST0027,Kolkata,East,Corporate,Furniture,Office Chair,1,20959.53,5,Debit Card,Online,Delivered,2024-02-24
ORD00525,2026-09-30,CUST0367,Hyderabad,South,Consumer,Electronics,Headphones,5,6624.51,15,UPI,Marketplace,Delivered,2023-06-10
ORD00526,2025-06-24,CUST0621,Chennai,South,Corporate,Fashion,Shoes,3,7210.07,5,Credit Card,Online,Delivered,2024-05-27
ORD00527,2025-01-21,CUST0067,Kochi,South,Consumer,Home Appliances,Mixer,2,3558.56,10,Credit Card,Marketplace,Delivered,2025-02-22
ORD00528,2025-04-15,CUST0609,Kochi,South,Consumer,Fashion,Jeans,3,3922.94,5,Credit Card,Online,Delivered,2023-07-14
ORD00529,2026-08-01,CUST1108,Kolkata,East,Consumer,Electronics,Tablet,1,44777.83,25,UPI,Marketplace,Delivered,2023-08-06
ORD00530,2026-03-19,CUST0120,Ahmedabad,West,Consumer,Fashion,Shoes,2,8502.96,10,Credit Card,Online,Delivered,2024-12-16
ORD00531,2025-02-18,CUST0911,Ahmedabad,West,Small Business,Fashion,Jacket,1,5015.28,0,UPI,Retail Store,Returned,2024-05-24
ORD00532,2026-06-12,CUST0504,Kochi,South,Consumer,Home Appliances,Mixer,1,7135.68,0,Credit Card,Retail Store,Delivered,2024-04-25
ORD00533,2025-05-25,CUST0796,Pune,West,Corporate,Electronics,Tablet,1,30050.64,10,UPI,Online,Delivered,2023-09-20
ORD00534,2025-12-06,CUST0299,Delhi,North,Corporate,Beauty,Makeup Kit,2,5369.12,10,UPI,Marketplace,Delivered,2023-06-14
ORD00535,2025-12-20,CUST0183,Coimbatore,South,Consumer,Home Appliances,Refrigerator,1,28856.95,5,UPI,Online,Delivered,2023-06-24
ORD00536,2025-03-16,CUST0185,Chennai,South,Corporate,Fashion,Jacket,2,6828.66,20,Net Banking,Marketplace,Delivered,2023-03-07
ORD00537,2026-08-01,CUST0087,Ahmedabad,West,Consumer,Furniture,Office Chair,2,6783.41,0,Net Banking,Retail Store,Delivered,2024-03-30
ORD00538,2026-09-29,CUST0216,Chennai,South,Consumer,Home Appliances,Mixer,1,2954.87,5,Credit Card,Retail Store,Delivered,2025-06-02
ORD00539,2025-11-15,CUST0805,Kochi,South,Consumer,Home Appliances,Air Conditioner,2,63439.41,20,Net Banking,Retail Store,Delivered,2025-03-24
ORD00540,2025-03-28,CUST1045,Coimbatore,South,Consumer,Fashion,Dress,2,6722.19,5,UPI,Retail Store,Delivered,2023-07-28
ORD00541,2026-07-07,CUST0970,Pune,West,Corporate,Furniture,Bookshelf,3,14376.11,20,Credit Card,Online,Delivered,2024-07-26
ORD00542,2025-02-11,CUST0832,Kochi,South,Consumer,Home Appliances,Mixer,3,2807.54,20,Credit Card,Retail Store,Delivered,2024-09-26
ORD00543,2025-04-03,CUST0124,Mumbai,West,Consumer,Beauty,Hair Dryer,3,1395.23,20,Debit Card,Marketplace,Returned,2024-04-20
ORD00544,2026-05-22,CUST0348,Mumbai,West,Consumer,Electronics,Laptop,1,69655.24,0,Debit Card,Marketplace,Delivered,2024-01-13
ORD00545,2026-06-13,CUST0374,Coimbatore,South,Small Business,Electronics,Smartphone,2,54983.59,20,UPI,Marketplace,Returned,2023-10-06
ORD00546,2025-09-22,CUST0279,Coimbatore,South,Small Business,Beauty,Skincare Kit,2,3298.71,20,UPI,Online,Delivered,2023-09-21
ORD00547,2026-09-18,CUST0633,Kolkata,East,Consumer,Fashion,Jeans,2,1586.01,15,UPI,Marketplace,Delivered,2023-04-17
ORD00548,2025-10-19,CUST0659,Hyderabad,South,Consumer,Beauty,Hair Dryer,1,4831.12,10,Debit Card,Online,Delivered,2023-06-10
ORD00549,2026-04-09,CUST0449,Mumbai,West,Consumer,Furniture,Office Chair,1,17159.14,25,Cash on Delivery,Retail Store,Delivered,2025-03-24
ORD00550,2026-07-14,CUST0446,Kochi,South,Small Business,Fashion,Dress,2,4081.89,10,Debit Card,Online,Delivered,2024-12-26
ORD00551,2025-04-07,CUST0978,Kochi,South,Consumer,Electronics,Smartphone,3,33117.26,10,UPI,Online,Cancelled,2024-08-13
ORD00552,2025-04-05,CUST0944,Kolkata,East,Small Business,Beauty,Hair Dryer,1,4669.54,5,UPI,Retail Store,Cancelled,2024-10-09
ORD00553,2025-11-22,CUST0373,Chennai,South,Consumer,Electronics,Headphones,4,2802.21,20,UPI,Marketplace,Delivered,2024-12-28
ORD00554,2025-03-15,CUST1089,Coimbatore,South,Consumer,Beauty,Hair Dryer,1,4613.89,15,UPI,Retail Store,Delivered,2023-07-11
ORD00555,2025-12-02,CUST1138,Chennai,South,Corporate,Fashion,Shoes,1,5809.53,15,Debit Card,Online,Delivered,2023-04-16
ORD00556,2025-03-09,CUST0402,Kolkata,East,Consumer,Beauty,Makeup Kit,1,1616.11,0,UPI,Marketplace,Delivered,2024-05-21
ORD00557,2025-03-18,CUST0447,Bengaluru,South,Corporate,Furniture,Dining Table,3,50317.68,0,Credit Card,Marketplace,Delivered,2024-01-11
ORD00558,2025-07-27,CUST0623,Bengaluru,South,Consumer,Beauty,Face Serum,1,3965.51,5,Net Banking,Online,Delivered,2024-07-27
ORD00559,2025-08-09,CUST1121,Coimbatore,South,Small Business,Home Appliances,Mixer,1,3213.23,5,Net Banking,Online,Delivered,2024-02-18
ORD00560,2025-09-19,CUST1042,Pune,West,Consumer,Home Appliances,Mixer,2,7108.25,10,Credit Card,Online,Delivered,2024-03-03
ORD00561,2026-02-14,CUST0116,Pune,West,Corporate,Fashion,Dress,2,5853.94,15,Net Banking,Retail Store,Delivered,2024-03-25
ORD00562,2025-11-27,CUST0486,Pune,West,Small Business,Electronics,Laptop,1,51964.16,10,Debit Card,Online,Delivered,2024-02-12
ORD00563,2025-12-10,CUST0678,Bengaluru,South,Consumer,Home Appliances,Mixer,1,7202.29,0,Debit Card,Marketplace,Delivered,2023-02-08
ORD00564,2025-03-15,CUST0621,Ahmedabad,West,Consumer,Fashion,Dress,1,5656.0,10,Net Banking,Retail Store,Delivered,2024-05-27
ORD00565,2026-09-29,CUST0221,Delhi,North,Consumer,Home Appliances,Air Conditioner,3,38997.97,10,UPI,Retail Store,Delivered,2023-12-30
ORD00566,2025-09-11,CUST1022,Kochi,South,Consumer,Home Appliances,Microwave,3,20052.43,20,UPI,Online,Delivered,2024-05-25
ORD00567,2025-11-28,CUST0821,Mumbai,West,Corporate,Beauty,Face Serum,4,782.62,10,Debit Card,Online,Delivered,2024-11-23
ORD00568,2026-02-02,CUST0993,Chennai,South,Consumer,Beauty,Perfume,1,7702.43,10,UPI,Retail Store,Delivered,2024-04-17
ORD00569,2025-12-11,CUST1022,Bengaluru,South,Consumer,Home Appliances,Air Conditioner,1,51243.09,5,Credit Card,Retail Store,Delivered,2024-05-25
ORD00570,2026-08-07,CUST0889,Hyderabad,South,Consumer,Electronics,Laptop,2,68687.05,0,Debit Card,Online,Delivered,2025-03-16
ORD00571,2026-03-31,CUST0538,Ahmedabad,West,Corporate,Home Appliances,Mixer,1,2714.58,20,Credit Card,Online,Delivered,2024-10-28
ORD00572,2025-04-25,CUST0747,Chennai,South,Consumer,Electronics,Smartwatch,2,24930.16,20,UPI,Online,Delivered,2023-09-15
ORD00573,2025-11-09,CUST0185,Ahmedabad,West,Corporate,Fashion,Jacket,1,4545.36,20,Cash on Delivery,Online,Delivered,2023-03-07
ORD00574,2025-08-16,CUST0818,Pune,West,Consumer,Electronics,Laptop,4,54153.07,5,UPI,Marketplace,Delivered,2025-04-09
ORD00575,2025-09-02,CUST0208,Delhi,North,Consumer,Electronics,Smartwatch,1,3985.96,25,Cash on Delivery,Online,Delivered,2024-05-08
ORD00576,2026-06-10,CUST0839,Coimbatore,South,Consumer,Furniture,Office Chair,1,20628.89,15,Net Banking,Marketplace,Delivered,2023-03-08
ORD00577,2026-06-12,CUST0247,Pune,West,Small Business,Electronics,Headphones,3,5875.64,0,Debit Card,Online,Delivered,2025-05-14
ORD00578,2026-03-03,CUST0132,Pune,West,Consumer,Beauty,Perfume,2,7257.23,10,Debit Card,Retail Store,Returned,2023-10-14
ORD00579,2025-02-11,CUST0188,Pune,West,Small Business,Electronics,Smartwatch,4,5648.37,0,Cash on Delivery,Online,Delivered,2023-10-06
ORD00580,2026-04-10,CUST0005,Ahmedabad,West,Consumer,Electronics,Headphones,3,5135.01,20,UPI,Marketplace,Delivered,2025-06-16
ORD00581,2026-09-14,CUST0862,Coimbatore,South,Small Business,Fashion,Shoes,1,1915.75,10,Net Banking,Marketplace,Delivered,2024-06-16
ORD00582,2025-10-05,CUST0874,Ahmedabad,West,Consumer,Furniture,Dining Table,2,49504.67,15,Debit Card,Online,Delivered,2023-08-30
ORD00583,2025-01-19,CUST0633,Pune,West,Corporate,Electronics,Tablet,3,39234.98,20,Cash on Delivery,Online,Cancelled,2023-04-17
ORD00584,2025-03-07,CUST0185,Chennai,South,Corporate,Furniture,Bed,2,58699.04,10,Cash on Delivery,Online,Delivered,2023-03-07
ORD00585,2025-06-16,CUST0103,Bengaluru,South,Consumer,Electronics,Headphones,2,12256.43,20,Credit Card,Online,Delivered,2025-05-17
ORD00586,2026-08-08,CUST0026,Pune,West,Corporate,Electronics,Tablet,1,29178.91,5,Debit Card,Marketplace,Delivered,2024-07-16
ORD00587,2026-02-07,CUST0189,Ahmedabad,West,Corporate,Electronics,Smartphone,1,47104.72,5,UPI,Online,Delivered,2025-01-27
ORD00588,2026-02-13,CUST1062,Coimbatore,South,Small Business,Electronics,Tablet,1,32719.63,15,Debit Card,Marketplace,Delivered,2024-08-20
ORD00589,2025-04-22,CUST0260,Ahmedabad,West,Consumer,Fashion,Jeans,1,3220.95,20,UPI,Marketplace,Delivered,2024-11-16
ORD00590,2025-10-01,CUST0446,Hyderabad,South,Consumer,Electronics,Tablet,1,21637.57,5,Cash on Delivery,Online,Returned,2024-12-26
ORD00591,2026-02-11,CUST0120,Hyderabad,South,Consumer,Home Appliances,Washing Machine,5,47623.08,20,Net Banking,Retail Store,Delivered,2024-12-16
ORD00592,2026-01-08,CUST0242,Ahmedabad,West,Corporate,Fashion,Dress,1,5895.56,25,Credit Card,Retail Store,Delivered,2023-01-14
ORD00593,2026-08-20,CUST0640,Ahmedabad,West,Small Business,Fashion,Jacket,1,1897.17,20,Debit Card,Marketplace,Delivered,2024-03-22
ORD00594,2025-02-08,CUST0742,Delhi,North,Small Business,Electronics,Smartwatch,3,18591.51,5,Debit Card,Marketplace,Delivered,2023-07-28
ORD00595,2025-04-15,CUST0270,Delhi,North,Consumer,Home Appliances,Washing Machine,4,55028.95,25,Credit Card,Marketplace,Delivered,2024-01-07
ORD00596,2025-11-20,CUST0069,Mumbai,West,Small Business,Fashion,Shoes,3,9476.96,20,Net Banking,Online,Delivered,2023-11-28
ORD00597,2026-02-18,CUST0484,Chennai,South,Consumer,Furniture,Bookshelf,2,10892.24,10,Debit Card,Marketplace,Delivered,2024-12-21
ORD00598,2026-03-05,CUST0253,Bengaluru,South,Consumer,Furniture,Dining Table,1,19997.09,25,Credit Card,Online,Delivered,2025-06-11
ORD00599,2026-09-27,CUST0238,Delhi,North,Consumer,Furniture,Sofa,1,37469.16,10,UPI,Retail Store,Delivered,2025-05-26
ORD00600,2025-03-02,CUST1147,Mumbai,West,Consumer,Beauty,Perfume,2,6253.6,5,UPI,Marketplace,Delivered,2024-08-01
ORD00601,2026-09-04,CUST0755,Chennai,South,Consumer,Beauty,Perfume,1,7405.99,15,Net Banking,Marketplace,Cancelled,2024-07-18
ORD00602,2025-11-03,CUST0685,Kolkata,East,Consumer,Fashion,Jeans,1,3746.64,25,Credit Card,Retail Store,Delivered,2024-05-10
ORD00603,2025-12-20,CUST0511,Delhi,North,Consumer,Home Appliances,Refrigerator,1,27838.1,25,Cash on Delivery,Online,Delivered,2024-02-28
ORD00604,2026-01-28,CUST0525,Delhi,North,Consumer,Electronics,Smartwatch,2,14878.04,15,UPI,Online,Delivered,2024-07-18
ORD00605,2025-07-23,CUST0661,Kolkata,East,Consumer,Furniture,Bookshelf,1,23446.9,0,UPI,Marketplace,Delivered,2025-06-15
ORD00606,2025-09-15,CUST0841,Kolkata,East,Small Business,Home Appliances,Mixer,2,5797.46,25,Credit Card,Online,Delivered,2025-05-23
ORD00607,2026-05-01,CUST0844,Mumbai,West,Corporate,Fashion,Jacket,2,4292.77,20,Net Banking,Marketplace,Delivered,2024-08-16
ORD00608,2026-06-01,CUST0201,Pune,West,Consumer,Fashion,Dress,1,6932.46,10,Credit Card,Online,Delivered,2024-05-22
ORD00609,2026-03-22,CUST0619,Kochi,South,Consumer,Home Appliances,Mixer,1,6810.32,10,Debit Card,Marketplace,Delivered,2024-08-11
ORD00610,2025-06-29,CUST0507,Mumbai,West,Consumer,Furniture,Bed,2,39520.78,5,Net Banking,Online,Delivered,2024-09-29
ORD00611,2025-12-08,CUST1034,Coimbatore,South,Consumer,Home Appliances,Air Conditioner,2,57984.51,5,UPI,Online,Delivered,2023-08-12
ORD00612,2025-05-13,CUST0771,Pune,West,Consumer,Electronics,Smartwatch,2,11441.99,0,Credit Card,Online,Delivered,2024-04-18
ORD00613,2026-03-19,CUST0657,Kolkata,East,Consumer,Home Appliances,Refrigerator,1,60810.06,25,UPI,Retail Store,Delivered,2024-09-17
ORD00614,2025-09-10,CUST0128,Bengaluru,South,Small Business,Electronics,Headphones,1,14926.34,10,UPI,Marketplace,Returned,2025-02-24
ORD00615,2025-09-22,CUST0742,Hyderabad,South,Consumer,Fashion,Jeans,1,1805.2,10,Cash on Delivery,Retail Store,Delivered,2023-07-28
ORD00616,2025-04-03,CUST0130,Pune,West,Consumer,Home Appliances,Washing Machine,1,51102.91,5,Credit Card,Online,Delivered,2024-11-23
ORD00617,2026-02-15,CUST0419,Ahmedabad,West,Consumer,Beauty,Face Serum,1,2821.02,5,Credit Card,Retail Store,Delivered,2023-06-02
ORD00618,2025-05-18,CUST0166,Coimbatore,South,Corporate,Fashion,Shoes,1,7788.03,25,UPI,Retail Store,Delivered,2024-05-01
ORD00619,2025-07-27,CUST0836,Hyderabad,South,Consumer,Electronics,Laptop,3,76742.17,5,UPI,Retail Store,Delivered,2023-06-05
ORD00620,2026-09-29,CUST0231,Ahmedabad,West,Corporate,Home Appliances,Mixer,1,9682.03,5,Debit Card,Retail Store,Delivered,2023-04-18
ORD00621,2026-07-27,CUST0485,Coimbatore,South,Consumer,Electronics,Smartphone,3,48458.39,15,UPI,Online,Delivered,2024-11-02
ORD00622,2025-11-03,CUST1065,Ahmedabad,West,Consumer,Electronics,Headphones,2,11741.31,10,Net Banking,Online,Delivered,2024-01-28
ORD00623,2025-09-23,CUST0230,Bengaluru,South,Corporate,Electronics,Smartwatch,3,8074.27,0,UPI,Retail Store,Delivered,2024-10-25
ORD00624,2025-11-14,CUST0626,Bengaluru,South,Small Business,Furniture,Sofa,3,30901.41,10,Credit Card,Retail Store,Delivered,2025-02-24
ORD00625,2025-04-23,CUST0513,Coimbatore,South,Consumer,Fashion,Shoes,3,7884.26,15,Cash on Delivery,Online,Delivered,2023-07-24
ORD00626,2026-01-13,CUST0026,Kolkata,East,Small Business,Beauty,Face Serum,1,2771.6,5,Credit Card,Online,Delivered,2024-07-16
ORD00627,2026-03-30,CUST0948,Mumbai,West,Small Business,Electronics,Smartwatch,2,3872.64,0,Debit Card,Retail Store,Delivered,2023-01-05
ORD00628,2025-07-10,CUST0084,Mumbai,West,Corporate,Electronics,Laptop,1,71049.06,5,Cash on Delivery,Online,Delivered,2025-03-22
ORD00629,2026-03-16,CUST0580,Mumbai,West,Consumer,Furniture,Bed,5,49390.04,10,Debit Card,Retail Store,Delivered,2023-09-03
ORD00630,2025-07-06,CUST0692,Pune,West,Consumer,Fashion,Shoes,4,3403.22,10,UPI,Retail Store,Delivered,2025-03-18
ORD00631,2026-01-02,CUST0766,Chennai,South,Consumer,Home Appliances,Washing Machine,3,43715.05,25,Credit Card,Online,Delivered,2023-01-25
ORD00632,2025-03-30,CUST0833,Mumbai,West,Consumer,Beauty,Hair Dryer,3,4043.71,0,Net Banking,Online,Delivered,2023-02-07
ORD00633,2025-07-06,CUST0283,Pune,West,Consumer,Electronics,Smartwatch,1,19807.02,15,Debit Card,Marketplace,Delivered,2024-02-28
ORD00634,2025-05-12,CUST0018,Delhi,North,Consumer,Beauty,Hair Dryer,1,1838.82,25,Debit Card,Online,Delivered,2024-11-01
ORD00635,2026-09-27,CUST0867,Bengaluru,South,Consumer,Fashion,Jacket,3,4265.48,5,Cash on Delivery,Online,Delivered,2023-10-10
ORD00636,2026-07-14,CUST0659,Kolkata,East,Consumer,Electronics,Tablet,1,29098.46,5,Credit Card,Retail Store,Delivered,2023-06-10
ORD00637,2026-01-11,CUST0991,Hyderabad,South,Consumer,Beauty,Makeup Kit,2,3343.76,10,UPI,Marketplace,Delivered,2023-12-11
ORD00638,2025-04-09,CUST0971,Delhi,North,Consumer,Electronics,Smartwatch,1,11201.1,5,Credit Card,Marketplace,Delivered,2024-07-15
ORD00639,2025-02-03,CUST1002,Kolkata,East,Consumer,Home Appliances,Washing Machine,2,31952.58,15,Credit Card,Online,Cancelled,2023-11-20
ORD00640,2026-08-05,CUST0604,Hyderabad,South,Consumer,Beauty,Face Serum,3,1689.92,5,UPI,Retail Store,Cancelled,2024-09-21
ORD00641,2025-06-20,CUST0413,Kolkata,East,Consumer,Fashion,Dress,2,1577.23,10,Debit Card,Marketplace,Delivered,2024-04-19
ORD00642,2026-01-01,CUST0946,Mumbai,West,Corporate,Electronics,Smartwatch,3,7723.81,10,Cash on Delivery,Online,Delivered,2025-01-18
ORD00643,2025-02-28,CUST0551,Bengaluru,South,Small Business,Electronics,Smartwatch,2,20720.6,10,Cash on Delivery,Online,Delivered,2023-06-26
ORD00644,2025-06-30,CUST0209,Bengaluru,South,Consumer,Home Appliances,Refrigerator,1,67996.64,5,Net Banking,Online,Delivered,2024-06-29
ORD00645,2025-01-19,CUST1019,Kochi,South,Consumer,Furniture,Sofa,1,38522.27,15,Credit Card,Online,Returned,2025-04-03
ORD00646,2025-08-14,CUST1048,Kolkata,East,Small Business,Home Appliances,Washing Machine,2,45401.75,10,Debit Card,Online,Delivered,2024-08-08
ORD00647,2026-04-18,CUST0568,Kolkata,East,Consumer,Beauty,Perfume,2,1622.55,10,Net Banking,Retail Store,Delivered,2023-03-25
ORD00648,2025-04-05,CUST0090,Ahmedabad,West,Small Business,Beauty,Hair Dryer,2,4754.5,15,Credit Card,Marketplace,Delivered,2023-09-12
ORD00649,2025-10-24,CUST0483,Ahmedabad,West,Small Business,Home Appliances,Mixer,2,9002.08,15,Credit Card,Online,Delivered,2023-08-05
ORD00650,2026-08-16,CUST0958,Coimbatore,South,Corporate,Furniture,Dining Table,2,44530.5,20,UPI,Retail Store,Delivered,2024-07-28
ORD00651,2025-06-24,CUST1072,Ahmedabad,West,Corporate,Furniture,Bed,2,30391.07,5,UPI,Online,Delivered,2024-11-03
ORD00652,2025-08-10,CUST0230,Ahmedabad,West,Consumer,Fashion,Dress,1,5255.01,5,UPI,Retail Store,Delivered,2024-10-25
ORD00653,2026-09-07,CUST0082,Ahmedabad,West,Small Business,Fashion,T-Shirt,1,2361.75,10,Cash on Delivery,Online,Delivered,2025-05-11
ORD00654,2025-02-23,CUST1043,Delhi,North,Consumer,Home Appliances,Mixer,4,5328.38,5,Credit Card,Retail Store,Delivered,2024-12-29
ORD00655,2026-02-07,CUST0483,Hyderabad,South,Small Business,Furniture,Sofa,3,27469.41,10,UPI,Marketplace,Delivered,2023-08-05
ORD00656,2025-11-14,CUST0663,Hyderabad,South,Consumer,Home Appliances,Washing Machine,2,40283.01,20,Net Banking,Marketplace,Delivered,2024-07-02
ORD00657,2025-12-15,CUST1157,Chennai,South,Small Business,Furniture,Office Chair,2,9927.43,10,UPI,Retail Store,Delivered,2024-05-28
ORD00658,2026-03-19,CUST0082,Hyderabad,South,Corporate,Home Appliances,Mixer,3,7177.91,20,Debit Card,Retail Store,Cancelled,2025-05-11
ORD00659,2026-08-03,CUST0789,Mumbai,West,Consumer,Electronics,Smartphone,1,54357.7,10,Credit Card,Online,Delivered,2025-03-20
ORD00660,2026-06-24,CUST0090,Chennai,South,Consumer,Beauty,Skincare Kit,2,1971.98,15,UPI,Marketplace,Delivered,2023-09-12
ORD00661,2025-10-09,CUST0470,Delhi,North,Consumer,Beauty,Face Serum,4,1635.01,25,Debit Card,Marketplace,Delivered,2023-06-30
ORD00662,2025-12-26,CUST0958,Hyderabad,South,Corporate,Home Appliances,Microwave,2,15358.03,10,Net Banking,Online,Delivered,2024-07-28
ORD00663,2026-09-23,CUST0530,Kochi,South,Small Business,Fashion,Jacket,1,6062.64,0,Credit Card,Online,Delivered,2024-10-11
ORD00664,2025-01-08,CUST1200,Bengaluru,South,Consumer,Beauty,Hair Dryer,1,2943.63,25,Cash on Delivery,Online,Delivered,2024-11-02
ORD00665,2026-07-17,CUST0687,Kolkata,East,Corporate,Home Appliances,Mixer,1,8349.13,15,Credit Card,Marketplace,Delivered,2023-09-06
ORD00666,2026-05-06,CUST0386,Coimbatore,South,Consumer,Electronics,Smartwatch,1,23063.12,15,Credit Card,Retail Store,Delivered,2025-01-17
ORD00667,2025-12-07,CUST0239,Coimbatore,South,Consumer,Beauty,Face Serum,3,3758.8,15,UPI,Retail Store,Returned,2025-01-22
ORD00668,2026-04-17,CUST0438,Pune,West,Consumer,Furniture,Office Chair,1,6171.95,25,Debit Card,Online,Delivered,2024-09-28
ORD00669,2025-09-06,CUST0469,Hyderabad,South,Small Business,Furniture,Bookshelf,2,19503.47,0,UPI,Online,Returned,2023-03-28
ORD00670,2025-08-23,CUST0084,Bengaluru,South,Corporate,Electronics,Smartwatch,3,16086.27,15,Debit Card,Retail Store,Delivered,2025-03-22
ORD00671,2025-03-24,CUST0463,Ahmedabad,West,Small Business,Fashion,Shoes,1,8493.54,5,UPI,Online,Delivered,2025-04-10
ORD00672,2025-04-03,CUST0566,Ahmedabad,West,Small Business,Furniture,Dining Table,5,34502.04,10,Debit Card,Marketplace,Cancelled,2023-07-17
ORD00673,2026-01-29,CUST0866,Coimbatore,South,Consumer,Electronics,Smartphone,1,31591.64,5,Debit Card,Online,Delivered,2025-01-27
ORD00674,2025-09-25,CUST0796,Mumbai,West,Small Business,Electronics,Smartphone,1,18648.55,20,Debit Card,Marketplace,Delivered,2023-09-20
ORD00675,2026-02-21,CUST0848,Pune,West,Consumer,Electronics,Tablet,1,16787.16,5,UPI,Marketplace,Delivered,2024-03-24
ORD00676,2026-09-24,CUST0018,Mumbai,West,Corporate,Furniture,Dining Table,2,46750.34,20,Net Banking,Retail Store,Returned,2024-11-01
ORD00677,2026-08-06,CUST0237,Coimbatore,South,Consumer,Furniture,Dining Table,2,26640.39,15,UPI,Online,Delivered,2023-11-25
ORD00678,2026-06-13,CUST0799,Kolkata,East,Consumer,Fashion,T-Shirt,2,2239.23,15,Debit Card,Marketplace,Delivered,2024-11-20
ORD00679,2025-09-10,CUST0601,Kolkata,East,Consumer,Beauty,Hair Dryer,1,3047.42,15,UPI,Marketplace,Delivered,2023-01-30
ORD00680,2025-05-02,CUST0011,Delhi,North,Consumer,Home Appliances,Air Conditioner,1,35238.71,15,UPI,Online,Delivered,2024-08-15
ORD00681,2025-01-10,CUST0959,Ahmedabad,West,Consumer,Electronics,Tablet,1,38561.29,0,Net Banking,Marketplace,Delivered,2023-11-03
ORD00682,2025-11-12,CUST0920,Pune,West,Consumer,Beauty,Perfume,1,3859.66,15,UPI,Marketplace,Delivered,2023-05-09
ORD00683,2025-09-30,CUST0671,Pune,West,Consumer,Home Appliances,Refrigerator,1,45849.67,10,Credit Card,Online,Delivered,2023-04-06
ORD00684,2025-11-02,CUST0082,Kolkata,East,Small Business,Fashion,Shoes,2,5676.35,15,Credit Card,Online,Delivered,2025-05-11
ORD00685,2025-07-29,CUST0911,Kochi,South,Consumer,Beauty,Makeup Kit,1,4274.74,5,Debit Card,Retail Store,Delivered,2024-05-24
ORD00686,2026-04-09,CUST0712,Kolkata,East,Consumer,Furniture,Office Chair,5,14142.41,0,Debit Card,Online,Delivered,2024-08-07
ORD00687,2026-02-20,CUST0931,Bengaluru,South,Consumer,Home Appliances,Washing Machine,1,45440.29,10,Cash on Delivery,Retail Store,Delivered,2024-10-07
ORD00688,2025-08-04,CUST0889,Hyderabad,South,Consumer,Electronics,Smartphone,1,59145.1,0,Credit Card,Marketplace,Delivered,2025-03-16
ORD00689,2025-03-21,CUST0958,Kolkata,East,Corporate,Beauty,Makeup Kit,2,3502.7,25,UPI,Marketplace,Delivered,2024-07-28
ORD00690,2026-04-25,CUST0637,Bengaluru,South,Consumer,Home Appliances,Air Conditioner,3,43609.28,20,Debit Card,Online,Delivered,2024-02-02
ORD00691,2026-07-01,CUST0164,Mumbai,West,Consumer,Electronics,Smartwatch,2,14032.94,5,Debit Card,Retail Store,Delivered,2023-02-19
ORD00692,2025-01-18,CUST0815,Mumbai,West,Consumer,Beauty,Hair Dryer,1,5353.8,20,UPI,Online,Delivered,2025-05-05
ORD00693,2025-06-14,CUST0755,Chennai,South,Small Business,Fashion,T-Shirt,1,1460.41,0,UPI,Marketplace,Delivered,2024-07-18
ORD00694,2026-06-09,CUST0889,Delhi,North,Consumer,Fashion,T-Shirt,3,1273.12,5,UPI,Online,Delivered,2025-03-16
ORD00695,2025-07-21,CUST0200,Kolkata,East,Consumer,Furniture,Bed,3,29598.07,15,Debit Card,Online,Cancelled,2023-06-04
ORD00696,2025-12-12,CUST0223,Ahmedabad,West,Consumer,Electronics,Tablet,1,18214.97,15,Net Banking,Online,Delivered,2023-11-14
ORD00697,2026-01-01,CUST1062,Mumbai,West,Corporate,Beauty,Hair Dryer,1,1209.99,20,Credit Card,Marketplace,Delivered,2024-08-20
ORD00698,2026-03-24,CUST0889,Mumbai,West,Corporate,Home Appliances,Air Conditioner,1,37857.31,25,Debit Card,Marketplace,Delivered,2025-03-16
ORD00699,2026-05-28,CUST1084,Bengaluru,South,Consumer,Fashion,T-Shirt,1,1317.62,5,UPI,Online,Cancelled,2024-05-14
ORD00700,2025-11-15,CUST0900,Mumbai,West,Consumer,Beauty,Perfume,2,2773.51,5,UPI,Online,Delivered,2023-02-28
ORD00701,2025-08-05,CUST0739,Mumbai,West,Corporate,Furniture,Bed,2,34999.83,15,Credit Card,Retail Store,Delivered,2023-02-09
ORD00702,2025-02-03,CUST0796,Kochi,South,Consumer,Electronics,Laptop,4,69101.51,15,Debit Card,Online,Cancelled,2023-09-20
ORD00703,2025-09-23,CUST1058,Delhi,North,Consumer,Furniture,Office Chair,2,21924.92,5,UPI,Online,Returned,2023-11-18
ORD00704,2025-03-21,CUST0707,Mumbai,West,Consumer,Electronics,Smartwatch,2,23990.5,10,Credit Card,Marketplace,Delivered,2025-02-28
ORD00705,2026-02-17,CUST0771,Pune,West,Consumer,Beauty,Makeup Kit,1,1144.56,25,Debit Card,Retail Store,Delivered,2024-04-18
ORD00706,2025-09-09,CUST0179,Chennai,South,Consumer,Furniture,Dining Table,2,48565.26,10,UPI,Online,Delivered,2025-04-27
ORD00707,2025-01-12,CUST0580,Bengaluru,South,Small Business,Fashion,T-Shirt,2,2293.87,5,Credit Card,Online,Delivered,2023-09-03
ORD00708,2026-02-05,CUST0856,Chennai,South,Corporate,Fashion,T-Shirt,1,1735.84,5,UPI,Marketplace,Returned,2024-06-12
ORD00709,2025-10-09,CUST0314,Bengaluru,South,Consumer,Beauty,Makeup Kit,1,5908.33,10,Cash on Delivery,Retail Store,Delivered,2024-10-27
ORD00710,2025-04-22,CUST0229,Bengaluru,South,Corporate,Fashion,Jeans,3,1736.92,15,UPI,Online,Delivered,2023-08-17
ORD00711,2026-01-13,CUST0376,Bengaluru,South,Consumer,Electronics,Tablet,1,16926.19,5,Net Banking,Retail Store,Returned,2024-09-01
ORD00712,2025-09-25,CUST0260,Kochi,South,Corporate,Electronics,Headphones,1,11343.75,15,Credit Card,Retail Store,Delivered,2024-11-16
ORD00713,2025-10-25,CUST0237,Kochi,South,Consumer,Home Appliances,Microwave,1,17951.26,15,Debit Card,Online,Delivered,2023-11-25
ORD00714,2025-11-13,CUST0521,Delhi,North,Consumer,Furniture,Dining Table,2,52409.98,15,Credit Card,Online,Delivered,2024-03-02
ORD00715,2026-07-24,CUST1083,Mumbai,West,Consumer,Beauty,Perfume,3,1478.87,20,Net Banking,Marketplace,Delivered,2024-07-01
ORD00716,2026-05-24,CUST0624,Kolkata,East,Consumer,Furniture,Dining Table,2,20483.26,15,Credit Card,Marketplace,Delivered,2023-07-26
ORD00717,2026-06-30,CUST0216,Chennai,South,Consumer,Home Appliances,Refrigerator,1,41394.61,20,Debit Card,Online,Delivered,2025-06-02
ORD00718,2025-12-31,CUST0091,Chennai,South,Corporate,Electronics,Headphones,3,11136.42,20,Cash on Delivery,Online,Cancelled,2024-08-21
ORD00719,2026-07-01,CUST0840,Delhi,North,Small Business,Beauty,Makeup Kit,4,4417.13,0,Credit Card,Retail Store,Cancelled,2024-10-06
ORD00720,2025-09-28,CUST0481,Delhi,North,Small Business,Beauty,Makeup Kit,2,5004.43,10,UPI,Online,Delivered,2023-10-01
ORD00721,2026-04-19,CUST0971,Kolkata,East,Consumer,Home Appliances,Refrigerator,2,55790.77,10,Debit Card,Retail Store,Delivered,2024-07-15
ORD00722,2026-06-21,CUST0797,Pune,West,Consumer,Electronics,Laptop,1,57875.09,5,Cash on Delivery,Online,Delivered,2023-05-30
ORD00723,2025-08-22,CUST0948,Delhi,North,Consumer,Fashion,T-Shirt,1,1072.68,20,UPI,Online,Delivered,2023-01-05
ORD00724,2025-02-28,CUST0314,Kolkata,East,Small Business,Home Appliances,Air Conditioner,2,55965.47,25,Net Banking,Marketplace,Returned,2024-10-27
ORD00725,2025-09-08,CUST0836,Kochi,South,Consumer,Electronics,Laptop,2,66994.97,10,UPI,Retail Store,Delivered,2023-06-05
ORD00726,2025-03-27,CUST0311,Chennai,South,Small Business,Fashion,Dress,1,1282.3,10,Debit Card,Marketplace,Delivered,2025-04-21
ORD00727,2026-01-25,CUST1121,Kochi,South,Small Business,Furniture,Bookshelf,1,5167.74,20,Credit Card,Online,Delivered,2024-02-18
ORD00728,2025-06-29,CUST0772,Kochi,South,Small Business,Electronics,Laptop,1,72204.86,0,UPI,Retail Store,Delivered,2023-08-11
ORD00729,2025-05-29,CUST0398,Kolkata,East,Small Business,Home Appliances,Refrigerator,1,31019.71,10,Credit Card,Online,Delivered,2023-09-17
ORD00730,2026-08-06,CUST0314,Ahmedabad,West,Consumer,Furniture,Bookshelf,2,18226.13,25,UPI,Online,Delivered,2024-10-27
ORD00731,2025-05-01,CUST0221,Chennai,South,Small Business,Home Appliances,Refrigerator,2,65359.52,10,UPI,Online,Delivered,2023-12-30
ORD00732,2026-08-28,CUST0840,Mumbai,West,Consumer,Fashion,Jeans,1,4832.45,0,Debit Card,Online,Delivered,2024-10-06
ORD00733,2025-09-13,CUST0238,Bengaluru,South,Corporate,Fashion,Dress,2,4301.76,15,Credit Card,Online,Delivered,2025-05-26
ORD00734,2025-11-05,CUST0734,Chennai,South,Small Business,Furniture,Bed,3,44473.17,10,Credit Card,Online,Returned,2025-04-09
ORD00735,2025-02-28,CUST0311,Kolkata,East,Corporate,Fashion,Jacket,5,5371.08,15,Debit Card,Online,Delivered,2025-04-21
ORD00736,2025-03-10,CUST0799,Kochi,South,Consumer,Fashion,Jeans,2,4110.3,5,UPI,Online,Delivered,2024-11-20
ORD00737,2026-03-22,CUST0970,Mumbai,West,Consumer,Home Appliances,Mixer,1,9280.81,5,Debit Card,Marketplace,Delivered,2024-07-26
ORD00738,2026-01-23,CUST0929,Mumbai,West,Consumer,Beauty,Face Serum,1,726.79,10,Credit Card,Retail Store,Returned,2023-07-04
ORD00739,2025-03-27,CUST0905,Kochi,South,Consumer,Electronics,Tablet,3,18484.03,5,UPI,Marketplace,Delivered,2024-07-20
ORD00740,2025-08-15,CUST0216,Mumbai,West,Consumer,Fashion,Dress,4,4226.35,5,UPI,Online,Delivered,2025-06-02
ORD00741,2026-08-16,CUST0108,Delhi,North,Corporate,Furniture,Office Chair,2,24561.35,20,UPI,Retail Store,Delivered,2023-06-11
ORD00742,2026-09-18,CUST0843,Kochi,South,Consumer,Fashion,Dress,3,3515.59,10,Credit Card,Online,Cancelled,2024-10-13
ORD00743,2025-07-03,CUST0463,Coimbatore,South,Consumer,Electronics,Headphones,3,11336.11,25,Net Banking,Online,Delivered,2025-04-10
ORD00744,2025-11-18,CUST0528,Mumbai,West,Consumer,Fashion,Dress,1,6836.71,5,Credit Card,Online,Returned,2023-09-03
ORD00745,2025-11-14,CUST0041,Ahmedabad,West,Consumer,Beauty,Skincare Kit,1,2241.41,10,UPI,Retail Store,Cancelled,2023-09-03
ORD00746,2026-07-20,CUST0298,Kochi,South,Consumer,Fashion,Shoes,4,8907.87,10,UPI,Retail Store,Delivered,2025-02-19
ORD00747,2026-02-03,CUST0044,Mumbai,West,Consumer,Electronics,Laptop,1,45337.71,15,Debit Card,Online,Returned,2023-09-16
ORD00748,2025-10-20,CUST1043,Pune,West,Consumer,Home Appliances,Refrigerator,2,34072.9,0,Debit Card,Retail Store,Delivered,2024-12-29
ORD00749,2025-10-20,CUST0264,Mumbai,West,Consumer,Fashion,Shoes,3,1925.91,10,Credit Card,Marketplace,Delivered,2024-07-28
ORD00750,2026-04-30,CUST0686,Ahmedabad,West,Consumer,Electronics,Headphones,1,3042.32,10,UPI,Online,Delivered,2025-02-09
ORD00751,2026-03-23,CUST0050,Kochi,South,Consumer,Home Appliances,Microwave,2,22391.09,15,UPI,Online,Delivered,2023-12-17
ORD00752,2026-02-16,CUST0806,Chennai,South,Consumer,Beauty,Makeup Kit,1,1734.29,5,UPI,Marketplace,Delivered,2023-05-03
ORD00753,2026-05-23,CUST0392,Pune,West,Corporate,Fashion,Jeans,2,4911.83,20,Credit Card,Marketplace,Delivered,2023-12-03
ORD00754,2025-09-01,CUST1070,Chennai,South,Consumer,Furniture,Office Chair,1,19378.2,10,Debit Card,Retail Store,Delivered,2025-01-29
ORD00755,2026-02-24,CUST1055,Pune,West,Consumer,Fashion,Dress,3,5561.86,5,UPI,Online,Delivered,2023-11-17
ORD00756,2025-06-03,CUST0398,Delhi,North,Corporate,Furniture,Sofa,2,30677.88,0,Credit Card,Retail Store,Cancelled,2023-09-17
ORD00757,2026-02-28,CUST1072,Mumbai,West,Corporate,Home Appliances,Mixer,2,2897.34,0,UPI,Online,Delivered,2024-11-03
ORD00758,2025-09-30,CUST1200,Kochi,South,Consumer,Electronics,Smartphone,3,66895.75,15,Credit Card,Online,Delivered,2024-11-02
ORD00759,2026-06-04,CUST0973,Ahmedabad,West,Consumer,Electronics,Tablet,4,33487.07,15,Debit Card,Marketplace,Delivered,2024-11-17
ORD00760,2025-05-08,CUST1004,Kochi,South,Consumer,Home Appliances,Refrigerator,1,35224.93,5,Net Banking,Retail Store,Delivered,2023-10-29
ORD00761,2026-01-08,CUST0278,Mumbai,West,Small Business,Fashion,Jacket,2,2450.07,5,Credit Card,Retail Store,Delivered,2024-11-22
ORD00762,2026-07-22,CUST0706,Hyderabad,South,Corporate,Furniture,Dining Table,1,51956.44,10,Credit Card,Marketplace,Delivered,2024-11-08
ORD00763,2026-09-30,CUST0082,Pune,West,Consumer,Beauty,Skincare Kit,1,1673.4,15,UPI,Online,Delivered,2025-05-11
ORD00764,2025-06-08,CUST0112,Mumbai,West,Small Business,Electronics,Smartphone,3,31935.43,15,Cash on Delivery,Online,Delivered,2024-12-17
ORD00765,2026-07-25,CUST1200,Hyderabad,South,Small Business,Furniture,Dining Table,1,17864.85,0,UPI,Online,Delivered,2024-11-02
ORD00766,2026-07-24,CUST0402,Ahmedabad,West,Consumer,Electronics,Headphones,2,10745.72,10,UPI,Retail Store,Cancelled,2024-05-21
ORD00767,2025-06-25,CUST0889,Delhi,North,Consumer,Home Appliances,Air Conditioner,1,46318.99,0,Credit Card,Online,Delivered,2025-03-16
ORD00768,2026-09-12,CUST0959,Delhi,North,Consumer,Fashion,Jeans,2,2316.75,10,Net Banking,Online,Cancelled,2023-11-03
ORD00769,2025-07-30,CUST1022,Kolkata,East,Consumer,Electronics,Headphones,1,8215.05,10,Credit Card,Retail Store,Delivered,2024-05-25
ORD00770,2026-03-23,CUST1200,Coimbatore,South,Consumer,Fashion,T-Shirt,1,1247.39,10,Credit Card,Marketplace,Delivered,2024-11-02
ORD00771,2026-08-09,CUST0260,Coimbatore,South,Consumer,Beauty,Face Serum,5,1882.49,10,UPI,Retail Store,Delivered,2024-11-16
ORD00772,2025-06-16,CUST0053,Hyderabad,South,Consumer,Furniture,Bed,1,38798.35,15,UPI,Online,Delivered,2023-03-25
ORD00773,2026-04-05,CUST0506,Delhi,North,Consumer,Electronics,Smartphone,4,35957.22,10,Net Banking,Online,Delivered,2024-05-15
ORD00774,2025-12-23,CUST0147,Kochi,South,Corporate,Home Appliances,Washing Machine,1,43746.24,5,Debit Card,Online,Delivered,2023-11-29
ORD00775,2025-10-31,CUST0031,Kolkata,East,Corporate,Fashion,Shoes,1,2827.67,10,Credit Card,Retail Store,Delivered,2024-10-04
ORD00776,2025-08-21,CUST0456,Delhi,North,Consumer,Home Appliances,Microwave,4,8291.46,10,Credit Card,Online,Delivered,2023-03-03
ORD00777,2025-11-23,CUST0936,Delhi,North,Consumer,Fashion,Jacket,1,7972.36,20,UPI,Retail Store,Delivered,2024-12-16
ORD00778,2025-07-01,CUST0700,Pune,West,Consumer,Fashion,Jeans,2,1004.12,10,Net Banking,Retail Store,Delivered,2025-04-02
ORD00779,2026-09-26,CUST0374,Delhi,North,Consumer,Fashion,Jeans,2,1938.95,20,Debit Card,Marketplace,Returned,2023-10-06
ORD00780,2025-11-30,CUST0796,Kolkata,East,Consumer,Electronics,Tablet,1,45764.95,25,Credit Card,Marketplace,Delivered,2023-09-20
ORD00781,2025-01-29,CUST0252,Chennai,South,Consumer,Fashion,T-Shirt,4,1214.06,15,Credit Card,Online,Delivered,2025-02-08
ORD00782,2025-04-03,CUST0025,Coimbatore,South,Consumer,Electronics,Laptop,3,97511.45,15,Debit Card,Marketplace,Delivered,2024-09-05
ORD00783,2025-11-26,CUST0911,Hyderabad,South,Corporate,Beauty,Face Serum,1,2501.07,15,Debit Card,Retail Store,Delivered,2024-05-24
ORD00784,2025-07-03,CUST0759,Bengaluru,South,Consumer,Home Appliances,Microwave,1,19792.06,10,Cash on Delivery,Retail Store,Delivered,2025-02-12
ORD00785,2025-04-05,CUST0907,Pune,West,Corporate,Electronics,Laptop,2,99035.79,15,Credit Card,Marketplace,Delivered,2023-05-09
ORD00786,2025-12-19,CUST0050,Chennai,South,Consumer,Electronics,Headphones,1,11553.19,5,Debit Card,Marketplace,Delivered,2023-12-17
ORD00787,2025-09-22,CUST0993,Chennai,South,Corporate,Electronics,Tablet,3,48595.63,10,UPI,Online,Delivered,2024-04-17
ORD00788,2025-01-19,CUST0755,Hyderabad,South,Consumer,Home Appliances,Microwave,1,11925.37,0,Credit Card,Online,Delivered,2024-07-18
ORD00789,2026-09-18,CUST0695,Coimbatore,South,Consumer,Electronics,Laptop,2,48473.21,10,Cash on Delivery,Online,Returned,2025-05-20
ORD00790,2026-05-14,CUST0759,Delhi,North,Corporate,Beauty,Hair Dryer,1,4740.53,15,UPI,Retail Store,Delivered,2025-02-12
ORD00791,2025-05-19,CUST1028,Chennai,South,Consumer,Home Appliances,Washing Machine,5,34753.86,5,UPI,Online,Delivered,2023-07-14
ORD00792,2026-09-29,CUST0718,Chennai,South,Consumer,Electronics,Smartwatch,4,16285.7,15,UPI,Marketplace,Delivered,2024-05-29
ORD00793,2026-07-27,CUST0710,Pune,West,Consumer,Beauty,Hair Dryer,2,5534.29,5,UPI,Marketplace,Delivered,2024-02-23
ORD00794,2026-06-09,CUST1191,Hyderabad,South,Consumer,Fashion,Dress,3,4705.54,5,Credit Card,Marketplace,Returned,2024-09-24
ORD00795,2025-09-12,CUST0899,Bengaluru,South,Small Business,Electronics,Headphones,1,12971.13,10,UPI,Marketplace,Delivered,2024-04-18
ORD00796,2025-03-26,CUST0540,Ahmedabad,West,Consumer,Fashion,T-Shirt,3,679.03,10,Net Banking,Marketplace,Delivered,2023-02-02
ORD00797,2026-04-03,CUST0848,Pune,West,Small Business,Home Appliances,Air Conditioner,2,59330.18,5,UPI,Retail Store,Delivered,2024-03-24
ORD00798,2026-06-16,CUST0483,Ahmedabad,West,Consumer,Fashion,Shoes,1,1779.33,5,UPI,Online,Returned,2023-08-05
ORD00799,2026-07-16,CUST0245,Bengaluru,South,Consumer,Fashion,Jeans,1,2279.34,10,Debit Card,Retail Store,Delivered,2025-04-06
ORD00800,2025-04-02,CUST0738,Coimbatore,South,Consumer,Electronics,Smartphone,2,48142.04,5,Credit Card,Online,Delivered,2025-04-24
ORD00801,2026-08-23,CUST1108,Pune,West,Consumer,Fashion,Shoes,1,7892.4,15,UPI,Online,Delivered,2023-08-06
ORD00802,2025-03-10,CUST1108,Coimbatore,South,Consumer,Home Appliances,Refrigerator,2,58314.08,15,Cash on Delivery,Marketplace,Delivered,2023-08-06
ORD00803,2025-02-06,CUST0426,Coimbatore,South,Small Business,Beauty,Hair Dryer,3,2135.65,15,UPI,Online,Delivered,2023-05-11
ORD00804,2025-05-20,CUST0649,Ahmedabad,West,Corporate,Beauty,Face Serum,1,2662.17,10,UPI,Online,Delivered,2024-06-09
ORD00805,2026-07-20,CUST0233,Kochi,South,Consumer,Fashion,Dress,1,5760.5,10,Debit Card,Retail Store,Delivered,2023-06-25
ORD00806,2025-06-27,CUST1199,Kolkata,East,Consumer,Fashion,Jeans,2,4776.27,25,UPI,Retail Store,Delivered,2024-05-18
ORD00807,2026-09-10,CUST1173,Bengaluru,South,Small Business,Fashion,Jeans,3,1089.32,15,Debit Card,Retail Store,Delivered,2023-04-07
ORD00808,2025-05-17,CUST0790,Coimbatore,South,Small Business,Fashion,Jeans,2,2833.66,20,Net Banking,Retail Store,Delivered,2023-09-14
ORD00809,2025-07-09,CUST0959,Mumbai,West,Consumer,Furniture,Bookshelf,1,5640.55,10,Debit Card,Marketplace,Cancelled,2023-11-03
ORD00810,2025-12-08,CUST0854,Delhi,North,Consumer,Furniture,Bed,2,53878.85,25,Cash on Delivery,Marketplace,Delivered,2023-06-26
ORD00811,2026-07-13,CUST0730,Coimbatore,South,Consumer,Home Appliances,Refrigerator,1,33010.72,15,UPI,Marketplace,Delivered,2024-10-24
ORD00812,2025-01-05,CUST0063,Hyderabad,South,Corporate,Furniture,Bed,2,70865.19,5,Credit Card,Marketplace,Delivered,2023-08-24
ORD00813,2025-09-14,CUST0558,Hyderabad,South,Corporate,Electronics,Smartwatch,1,7185.28,10,Debit Card,Online,Delivered,2024-08-29
ORD00814,2025-08-31,CUST0818,Bengaluru,South,Consumer,Furniture,Dining Table,2,32835.46,10,UPI,Retail Store,Delivered,2025-04-09
ORD00815,2026-02-19,CUST0821,Chennai,South,Corporate,Home Appliances,Washing Machine,2,23379.26,5,Net Banking,Retail Store,Delivered,2024-11-23
ORD00816,2026-09-19,CUST0470,Chennai,South,Small Business,Home Appliances,Air Conditioner,1,48602.64,5,Net Banking,Marketplace,Delivered,2023-06-30
ORD00817,2025-12-09,CUST1121,Ahmedabad,West,Consumer,Electronics,Smartwatch,3,19931.27,5,Cash on Delivery,Marketplace,Delivered,2024-02-18
ORD00818,2026-01-14,CUST0194,Hyderabad,South,Corporate,Furniture,Bed,2,61203.17,5,Net Banking,Retail Store,Delivered,2023-11-24
ORD00819,2026-08-17,CUST0619,Kolkata,East,Consumer,Electronics,Smartphone,1,65588.48,5,UPI,Retail Store,Delivered,2024-08-11
ORD00820,2025-05-26,CUST0836,Hyderabad,South,Corporate,Electronics,Smartwatch,3,17334.89,10,UPI,Online,Delivered,2023-06-05
ORD00821,2025-11-19,CUST0842,Bengaluru,South,Small Business,Beauty,Face Serum,3,1629.4,0,UPI,Marketplace,Delivered,2024-01-29
ORD00822,2025-05-02,CUST0789,Ahmedabad,West,Small Business,Home Appliances,Refrigerator,4,60061.18,15,UPI,Retail Store,Delivered,2025-03-20
ORD00823,2025-09-09,CUST0321,Coimbatore,South,Consumer,Fashion,Jacket,1,6040.13,20,Debit Card,Online,Delivered,2024-02-01
ORD00824,2025-11-07,CUST0179,Chennai,South,Small Business,Furniture,Bookshelf,2,23472.51,0,UPI,Retail Store,Delivered,2025-04-27
ORD00825,2026-08-24,CUST0772,Kolkata,East,Small Business,Furniture,Bed,2,74853.95,15,UPI,Online,Delivered,2023-08-11
ORD00826,2026-04-20,CUST0740,Delhi,North,Consumer,Fashion,T-Shirt,3,2023.1,15,Debit Card,Online,Delivered,2023-07-01
ORD00827,2026-07-24,CUST0208,Delhi,North,Small Business,Beauty,Makeup Kit,2,5557.75,10,UPI,Retail Store,Delivered,2024-05-08
ORD00828,2026-05-07,CUST0846,Delhi,North,Small Business,Beauty,Hair Dryer,3,5507.88,15,Credit Card,Marketplace,Delivered,2024-10-22
ORD00829,2026-07-29,CUST0559,Chennai,South,Consumer,Beauty,Makeup Kit,2,2921.65,5,UPI,Marketplace,Delivered,2024-03-22
ORD00830,2025-12-13,CUST0807,Pune,West,Corporate,Home Appliances,Refrigerator,2,42199.87,20,UPI,Online,Delivered,2023-09-01
ORD00831,2026-05-02,CUST0993,Delhi,North,Consumer,Fashion,Jacket,3,6271.37,15,Credit Card,Online,Delivered,2024-04-17
ORD00832,2026-04-18,CUST0200,Kolkata,East,Consumer,Fashion,Dress,1,6511.97,20,UPI,Retail Store,Delivered,2023-06-04
ORD00833,2026-01-17,CUST0026,Chennai,South,Consumer,Furniture,Sofa,4,69413.65,0,Credit Card,Online,Delivered,2024-07-16
ORD00834,2025-10-07,CUST0929,Mumbai,West,Consumer,Beauty,Hair Dryer,1,5920.39,5,UPI,Marketplace,Delivered,2023-07-04
ORD00835,2025-03-13,CUST0747,Pune,West,Consumer,Fashion,Jeans,1,2379.76,15,UPI,Online,Delivered,2023-09-15
ORD00836,2026-06-05,CUST0843,Kolkata,East,Corporate,Furniture,Bookshelf,1,13864.79,5,Cash on Delivery,Online,Delivered,2024-10-13
ORD00837,2026-01-01,CUST0994,Kolkata,East,Small Business,Electronics,Smartphone,2,74801.03,0,UPI,Online,Delivered,2023-04-25
ORD00838,2025-04-04,CUST0958,Mumbai,West,Corporate,Beauty,Makeup Kit,2,4799.84,5,Cash on Delivery,Marketplace,Delivered,2024-07-28
ORD00839,2026-01-08,CUST1148,Kochi,South,Consumer,Furniture,Sofa,1,62860.68,15,Credit Card,Retail Store,Delivered,2024-06-18
ORD00840,2025-12-05,CUST0659,Chennai,South,Consumer,Fashion,T-Shirt,3,1690.23,10,Cash on Delivery,Retail Store,Delivered,2023-06-10
ORD00841,2026-03-13,CUST0609,Coimbatore,South,Consumer,Electronics,Smartphone,2,36656.7,10,Credit Card,Online,Delivered,2023-07-14
ORD00842,2025-12-02,CUST0497,Mumbai,West,Consumer,Home Appliances,Microwave,1,10689.3,15,Net Banking,Online,Delivered,2024-11-01
ORD00843,2026-05-07,CUST0174,Chennai,South,Small Business,Electronics,Headphones,3,14578.17,15,Debit Card,Retail Store,Delivered,2025-01-26
ORD00844,2025-02-09,CUST0703,Delhi,North,Consumer,Electronics,Headphones,1,8568.61,5,UPI,Online,Cancelled,2023-12-19
ORD00845,2025-12-25,CUST0326,Bengaluru,South,Small Business,Electronics,Smartwatch,2,5984.02,10,UPI,Online,Delivered,2024-10-18
ORD00846,2026-07-28,CUST1098,Hyderabad,South,Consumer,Home Appliances,Refrigerator,3,39153.43,15,Credit Card,Online,Delivered,2024-05-05
ORD00847,2025-09-11,CUST0712,Delhi,North,Small Business,Electronics,Headphones,3,12708.03,0,Net Banking,Marketplace,Delivered,2024-08-07
ORD00848,2026-08-04,CUST0730,Coimbatore,South,Small Business,Fashion,Jacket,2,7681.42,0,UPI,Marketplace,Delivered,2024-10-24
ORD00849,2026-02-02,CUST0447,Pune,West,Consumer,Home Appliances,Washing Machine,1,41808.9,10,UPI,Marketplace,Delivered,2024-01-11
ORD00850,2025-06-19,CUST0063,Coimbatore,South,Small Business,Beauty,Makeup Kit,2,1856.82,25,Credit Card,Marketplace,Delivered,2023-08-24
ORD00851,2026-05-26,CUST0042,Ahmedabad,West,Small Business,Fashion,Jacket,2,3099.48,10,Credit Card,Online,Delivered,2023-07-06
ORD00852,2025-09-17,CUST0519,Ahmedabad,West,Consumer,Fashion,Jacket,2,5664.49,0,Cash on Delivery,Online,Delivered,2023-10-31
ORD00853,2026-08-07,CUST0104,Hyderabad,South,Consumer,Fashion,Shoes,2,7312.81,10,Debit Card,Marketplace,Delivered,2025-01-08
ORD00854,2026-04-04,CUST0742,Mumbai,West,Consumer,Home Appliances,Air Conditioner,5,55012.71,10,UPI,Retail Store,Delivered,2023-07-28
ORD00855,2026-06-13,CUST1044,Coimbatore,South,Corporate,Beauty,Face Serum,1,2553.11,0,Credit Card,Retail Store,Delivered,2024-01-31
ORD00856,2025-12-07,CUST1049,Mumbai,West,Consumer,Fashion,Jacket,1,4488.59,25,UPI,Retail Store,Delivered,2023-08-15
ORD00857,2025-02-26,CUST0797,Ahmedabad,West,Consumer,Furniture,Dining Table,3,18164.89,10,Debit Card,Online,Delivered,2023-05-30
ORD00858,2025-08-06,CUST0233,Delhi,North,Consumer,Electronics,Laptop,2,95457.36,10,UPI,Marketplace,Delivered,2023-06-25
ORD00859,2026-09-11,CUST1026,Coimbatore,South,Corporate,Fashion,Jeans,1,1609.14,5,Credit Card,Online,Delivered,2023-08-20
ORD00860,2026-04-09,CUST1055,Hyderabad,South,Corporate,Home Appliances,Washing Machine,1,26572.41,5,Cash on Delivery,Online,Delivered,2023-11-17
ORD00861,2025-09-04,CUST0226,Kochi,South,Corporate,Furniture,Dining Table,2,32523.61,0,Cash on Delivery,Marketplace,Returned,2023-10-03
ORD00862,2026-01-08,CUST0881,Delhi,North,Corporate,Beauty,Face Serum,3,2681.8,5,Credit Card,Marketplace,Delivered,2023-03-02
ORD00863,2026-02-21,CUST0343,Kochi,South,Consumer,Beauty,Makeup Kit,1,1595.47,5,Net Banking,Online,Delivered,2024-10-01
ORD00864,2025-01-31,CUST0957,Coimbatore,South,Consumer,Electronics,Tablet,2,42822.48,5,Credit Card,Online,Delivered,2024-01-21
ORD00865,2026-01-03,CUST1200,Kochi,South,Consumer,Fashion,Dress,1,4265.12,25,Credit Card,Retail Store,Delivered,2024-11-02
ORD00866,2026-07-13,CUST0040,Bengaluru,South,Consumer,Electronics,Tablet,2,34655.9,0,UPI,Online,Delivered,2023-01-14
ORD00867,2025-04-18,CUST1070,Coimbatore,South,Consumer,Home Appliances,Washing Machine,2,32449.66,10,Credit Card,Online,Delivered,2025-01-29
ORD00868,2026-08-07,CUST0759,Mumbai,West,Small Business,Furniture,Sofa,5,60918.5,10,UPI,Retail Store,Cancelled,2025-02-12
ORD00869,2026-02-22,CUST1165,Chennai,South,Consumer,Fashion,Jacket,2,2381.61,10,Cash on Delivery,Online,Delivered,2024-08-28
ORD00870,2026-09-12,CUST0567,Pune,West,Consumer,Home Appliances,Mixer,4,4838.28,5,Credit Card,Retail Store,Delivered,2025-04-16
ORD00871,2026-02-02,CUST1009,Mumbai,West,Consumer,Furniture,Bookshelf,2,4097.05,15,Credit Card,Retail Store,Delivered,2023-03-15
ORD00872,2025-09-29,CUST0078,Kolkata,East,Consumer,Electronics,Smartwatch,1,12881.05,10,Credit Card,Online,Delivered,2023-05-28
ORD00873,2025-04-26,CUST0414,Pune,West,Corporate,Home Appliances,Mixer,2,9084.63,20,Credit Card,Retail Store,Delivered,2025-05-02
ORD00874,2026-08-09,CUST0082,Bengaluru,South,Consumer,Fashion,T-Shirt,1,1985.27,10,UPI,Retail Store,Returned,2025-05-11
ORD00875,2025-09-13,CUST1169,Coimbatore,South,Consumer,Fashion,Jacket,1,4552.72,15,Credit Card,Online,Returned,2024-08-16
ORD00876,2025-03-22,CUST0970,Kochi,South,Corporate,Fashion,Shoes,1,1927.4,10,Cash on Delivery,Online,Delivered,2024-07-26
ORD00877,2025-05-08,CUST1015,Coimbatore,South,Consumer,Electronics,Smartwatch,4,11935.73,5,Credit Card,Marketplace,Delivered,2025-03-03
ORD00878,2025-08-23,CUST1121,Chennai,South,Consumer,Furniture,Dining Table,4,26903.28,5,Credit Card,Online,Delivered,2024-02-18
ORD00879,2026-07-07,CUST0104,Coimbatore,South,Small Business,Furniture,Dining Table,2,39569.69,10,UPI,Retail Store,Delivered,2025-01-08
ORD00880,2025-06-30,CUST0482,Mumbai,West,Corporate,Electronics,Laptop,1,89808.6,10,Credit Card,Online,Delivered,2023-02-04
ORD00881,2025-06-06,CUST0087,Mumbai,West,Consumer,Electronics,Smartwatch,1,13292.31,5,Cash on Delivery,Online,Delivered,2024-03-30
ORD00882,2026-03-30,CUST0233,Mumbai,West,Small Business,Furniture,Office Chair,3,10742.16,20,UPI,Online,Delivered,2023-06-25
ORD00883,2026-07-25,CUST0247,Bengaluru,South,Consumer,Home Appliances,Washing Machine,1,35072.52,15,Credit Card,Online,Delivered,2025-05-14
ORD00884,2025-01-24,CUST0569,Mumbai,West,Small Business,Home Appliances,Washing Machine,1,27512.87,15,Cash on Delivery,Retail Store,Delivered,2024-10-30
ORD00885,2026-04-18,CUST0312,Kochi,South,Consumer,Fashion,Jeans,2,2864.48,20,Debit Card,Online,Delivered,2024-11-09
ORD00886,2026-02-04,CUST0116,Chennai,South,Consumer,Home Appliances,Refrigerator,1,64627.85,20,Net Banking,Retail Store,Delivered,2024-03-25
ORD00887,2026-08-15,CUST0194,Delhi,North,Consumer,Furniture,Bed,4,60664.67,10,UPI,Retail Store,Delivered,2023-11-24
ORD00888,2025-05-14,CUST0168,Mumbai,West,Consumer,Electronics,Laptop,5,45815.75,20,Credit Card,Online,Delivered,2023-11-01
ORD00889,2026-02-25,CUST1165,Mumbai,West,Consumer,Electronics,Headphones,1,2106.06,15,Net Banking,Marketplace,Delivered,2024-08-28
ORD00890,2025-08-01,CUST0902,Coimbatore,South,Consumer,Beauty,Face Serum,1,3303.78,20,Debit Card,Online,Delivered,2024-05-13
ORD00891,2026-04-27,CUST1156,Delhi,North,Corporate,Electronics,Tablet,1,30857.88,15,Debit Card,Retail Store,Delivered,2024-02-09
ORD00892,2025-12-14,CUST0538,Mumbai,West,Consumer,Electronics,Headphones,1,6812.44,10,UPI,Retail Store,Returned,2024-10-28
ORD00893,2025-06-15,CUST0328,Hyderabad,South,Corporate,Beauty,Perfume,1,1735.6,10,UPI,Online,Delivered,2023-12-01
ORD00894,2025-12-14,CUST0951,Pune,West,Corporate,Fashion,T-Shirt,2,1043.56,25,UPI,Online,Delivered,2025-05-21
ORD00895,2026-02-02,CUST0400,Mumbai,West,Small Business,Beauty,Skincare Kit,2,2984.26,25,Debit Card,Marketplace,Delivered,2024-10-08
ORD00896,2026-08-06,CUST0367,Delhi,North,Consumer,Home Appliances,Air Conditioner,4,47761.6,20,UPI,Retail Store,Delivered,2023-06-10
ORD00897,2026-03-11,CUST0252,Ahmedabad,West,Small Business,Fashion,Dress,1,6839.5,15,Credit Card,Online,Delivered,2025-02-08
ORD00898,2026-07-31,CUST0147,Delhi,North,Small Business,Furniture,Bookshelf,3,6962.66,15,Net Banking,Online,Delivered,2023-11-29
ORD00899,2025-08-09,CUST0290,Delhi,North,Consumer,Furniture,Office Chair,2,5681.96,15,UPI,Online,Delivered,2023-11-04
ORD00900,2025-11-04,CUST0448,Delhi,North,Small Business,Fashion,Shoes,1,7532.75,20,UPI,Marketplace,Delivered,2023-06-07
ORD00901,2026-04-11,CUST0818,Ahmedabad,West,Consumer,Beauty,Face Serum,2,3688.76,5,Debit Card,Retail Store,Delivered,2025-04-09
ORD00902,2025-04-09,CUST0078,Bengaluru,South,Consumer,Furniture,Dining Table,3,56667.02,15,Cash on Delivery,Online,Delivered,2023-05-28
ORD00903,2025-08-30,CUST0233,Pune,West,Corporate,Beauty,Skincare Kit,1,3697.38,5,Net Banking,Online,Delivered,2023-06-25
ORD00904,2025-06-07,CUST0962,Chennai,South,Consumer,Home Appliances,Air Conditioner,1,56711.65,5,Debit Card,Retail Store,Cancelled,2024-06-26
ORD00905,2026-09-02,CUST0168,Pune,West,Corporate,Beauty,Makeup Kit,1,4766.38,25,UPI,Retail Store,Delivered,2023-11-01
ORD00906,2026-07-08,CUST0426,Ahmedabad,West,Small Business,Furniture,Office Chair,2,21924.64,5,Credit Card,Online,Delivered,2023-05-11
ORD00907,2025-08-15,CUST1028,Pune,West,Corporate,Home Appliances,Refrigerator,1,39212.42,15,UPI,Online,Delivered,2023-07-14
ORD00908,2026-02-27,CUST0176,Pune,West,Consumer,Electronics,Headphones,1,10342.18,0,Credit Card,Marketplace,Delivered,2024-03-30
ORD00909,2025-03-13,CUST0103,Coimbatore,South,Consumer,Home Appliances,Refrigerator,1,69732.52,20,Credit Card,Retail Store,Delivered,2025-05-17
ORD00910,2025-08-31,CUST0604,Hyderabad,South,Corporate,Electronics,Smartwatch,3,16295.0,5,Debit Card,Online,Delivered,2024-09-21
ORD00911,2026-06-14,CUST0369,Kochi,South,Corporate,Beauty,Perfume,5,4159.73,10,Credit Card,Online,Delivered,2025-04-03
ORD00912,2026-08-12,CUST0695,Kochi,South,Consumer,Fashion,Dress,1,2073.8,10,Net Banking,Online,Delivered,2025-05-20
ORD00913,2025-02-14,CUST0958,Chennai,South,Small Business,Home Appliances,Refrigerator,3,63093.38,10,Net Banking,Online,Delivered,2024-07-28
ORD00914,2026-04-17,CUST0158,Bengaluru,South,Consumer,Beauty,Hair Dryer,1,3505.39,20,Credit Card,Marketplace,Delivered,2023-09-14
ORD00915,2026-01-06,CUST0710,Chennai,South,Consumer,Beauty,Perfume,2,5224.54,15,Credit Card,Marketplace,Cancelled,2024-02-23
ORD00916,2025-04-02,CUST0623,Kolkata,East,Consumer,Home Appliances,Mixer,1,8585.05,15,UPI,Online,Delivered,2024-07-27
ORD00917,2025-01-22,CUST0167,Kolkata,East,Consumer,Home Appliances,Air Conditioner,1,50438.02,10,UPI,Retail Store,Delivered,2024-02-20
ORD00918,2025-06-21,CUST0759,Coimbatore,South,Consumer,Beauty,Skincare Kit,1,2260.24,10,Cash on Delivery,Online,Delivered,2025-02-12
ORD00919,2026-08-27,CUST0316,Mumbai,West,Consumer,Furniture,Bed,3,23511.28,5,UPI,Online,Delivered,2024-06-02
ORD00920,2025-07-11,CUST0607,Ahmedabad,West,Consumer,Electronics,Smartphone,1,45755.73,10,Net Banking,Online,Delivered,2024-02-03
ORD00921,2025-03-18,CUST0103,Hyderabad,South,Corporate,Fashion,Dress,1,1890.35,10,Credit Card,Online,Delivered,2025-05-17
ORD00922,2025-10-08,CUST0564,Ahmedabad,West,Consumer,Home Appliances,Refrigerator,2,56770.11,20,Debit Card,Online,Delivered,2023-05-25
ORD00923,2025-12-30,CUST0372,Mumbai,West,Small Business,Beauty,Hair Dryer,1,4803.78,20,Debit Card,Online,Returned,2023-09-17
ORD00924,2025-06-28,CUST0971,Coimbatore,South,Corporate,Furniture,Bookshelf,1,5984.16,15,Net Banking,Retail Store,Delivered,2024-07-15
ORD00925,2025-08-26,CUST0069,Chennai,South,Consumer,Fashion,Shoes,1,8599.6,10,UPI,Online,Delivered,2023-11-28
ORD00926,2025-05-15,CUST0513,Pune,West,Consumer,Beauty,Hair Dryer,1,1984.23,15,UPI,Online,Delivered,2023-07-24
ORD00927,2025-10-07,CUST0562,Hyderabad,South,Consumer,Home Appliances,Refrigerator,3,60611.33,5,Cash on Delivery,Retail Store,Delivered,2023-06-28
ORD00928,2025-01-19,CUST0868,Kolkata,East,Consumer,Fashion,Jacket,3,5281.61,0,Debit Card,Retail Store,Delivered,2024-06-03
ORD00929,2026-08-18,CUST0703,Delhi,North,Consumer,Electronics,Smartwatch,1,22941.84,0,UPI,Marketplace,Delivered,2023-12-19
ORD00930,2026-01-06,CUST0806,Hyderabad,South,Consumer,Electronics,Smartwatch,4,19361.54,10,UPI,Online,Cancelled,2023-05-03
ORD00931,2025-04-22,CUST0925,Coimbatore,South,Consumer,Home Appliances,Microwave,3,11961.6,10,Credit Card,Online,Delivered,2024-11-22
ORD00932,2025-08-09,CUST1024,Mumbai,West,Consumer,Furniture,Sofa,1,24528.88,20,UPI,Retail Store,Delivered,2024-01-20
ORD00933,2025-10-31,CUST0376,Chennai,South,Small Business,Fashion,Jeans,2,4182.54,15,UPI,Retail Store,Cancelled,2024-09-01
ORD00934,2025-11-21,CUST0659,Delhi,North,Consumer,Home Appliances,Mixer,2,8618.79,10,UPI,Retail Store,Cancelled,2023-06-10
ORD00935,2026-03-13,CUST1000,Kochi,South,Corporate,Fashion,Dress,2,5021.91,15,UPI,Online,Delivered,2023-05-19
ORD00936,2026-03-14,CUST1190,Kolkata,East,Consumer,Electronics,Smartwatch,1,22850.5,15,UPI,Online,Delivered,2025-04-24
ORD00937,2025-06-19,CUST1059,Pune,West,Small Business,Beauty,Makeup Kit,1,2279.98,5,Debit Card,Online,Delivered,2025-03-27
ORD00938,2026-01-10,CUST0467,Ahmedabad,West,Consumer,Beauty,Hair Dryer,1,2593.21,10,UPI,Retail Store,Delivered,2023-09-11
ORD00939,2026-07-11,CUST0224,Coimbatore,South,Consumer,Fashion,Dress,3,1595.6,0,Credit Card,Retail Store,Delivered,2024-06-08
ORD00940,2026-01-16,CUST0609,Kochi,South,Consumer,Fashion,Dress,3,1685.13,10,Credit Card,Online,Delivered,2023-07-14
ORD00941,2025-01-14,CUST0888,Coimbatore,South,Consumer,Electronics,Smartwatch,2,3947.48,20,Net Banking,Marketplace,Delivered,2023-09-01
ORD00942,2026-05-15,CUST0609,Coimbatore,South,Small Business,Fashion,T-Shirt,2,1562.31,15,UPI,Retail Store,Delivered,2023-07-14
ORD00943,2026-01-26,CUST0600,Chennai,South,Corporate,Beauty,Hair Dryer,4,2864.85,20,UPI,Marketplace,Delivered,2023-08-19
ORD00944,2026-07-03,CUST0995,Coimbatore,South,Consumer,Electronics,Laptop,1,85792.26,5,UPI,Online,Delivered,2023-04-10
ORD00945,2026-07-19,CUST0458,Pune,West,Small Business,Electronics,Smartwatch,1,21958.93,0,Net Banking,Retail Store,Delivered,2025-02-24
ORD00946,2026-06-14,CUST1023,Kolkata,East,Corporate,Beauty,Hair Dryer,1,5587.52,20,UPI,Retail Store,Returned,2024-02-27
ORD00947,2026-05-07,CUST0501,Chennai,South,Consumer,Fashion,Shoes,2,3477.69,10,Credit Card,Online,Delivered,2025-04-23
ORD00948,2026-07-04,CUST0402,Delhi,North,Consumer,Electronics,Headphones,1,8348.88,0,Cash on Delivery,Online,Returned,2024-05-21
ORD00949,2026-01-20,CUST0556,Delhi,North,Consumer,Furniture,Bookshelf,1,21837.65,5,Debit Card,Online,Delivered,2024-09-17
ORD00950,2025-07-15,CUST0907,Chennai,South,Consumer,Beauty,Face Serum,5,3543.04,0,Credit Card,Online,Cancelled,2023-05-09
ORD00951,2025-10-27,CUST0142,Pune,West,Small Business,Electronics,Laptop,2,47902.6,15,UPI,Retail Store,Delivered,2024-04-13
ORD00952,2026-07-01,CUST0226,Bengaluru,South,Corporate,Fashion,Dress,1,6563.66,5,Net Banking,Online,Delivered,2023-10-03
ORD00953,2026-08-25,CUST1136,Chennai,South,Small Business,Fashion,Jacket,1,7250.69,15,Debit Card,Online,Delivered,2023-05-16
ORD00954,2025-11-04,CUST0201,Coimbatore,South,Corporate,Fashion,Dress,2,2352.23,5,UPI,Marketplace,Delivered,2024-05-22
ORD00955,2025-09-09,CUST0700,Ahmedabad,West,Consumer,Beauty,Face Serum,2,963.95,15,Net Banking,Online,Delivered,2025-04-02
ORD00956,2025-01-08,CUST0709,Kochi,South,Consumer,Home Appliances,Air Conditioner,2,55522.27,10,Credit Card,Retail Store,Cancelled,2024-03-28
ORD00957,2025-07-27,CUST0609,Hyderabad,South,Corporate,Furniture,Office Chair,3,22148.07,20,Net Banking,Online,Delivered,2023-07-14
ORD00958,2025-05-11,CUST0783,Coimbatore,South,Consumer,Fashion,Jacket,2,3173.52,10,UPI,Online,Delivered,2024-03-19
ORD00959,2026-08-31,CUST0247,Kochi,South,Consumer,Beauty,Skincare Kit,1,1282.4,5,Debit Card,Retail Store,Delivered,2025-05-14
ORD00960,2025-01-26,CUST0675,Chennai,South,Consumer,Furniture,Bookshelf,2,5123.46,25,Credit Card,Online,Delivered,2023-10-17
ORD00961,2026-09-15,CUST0469,Coimbatore,South,Corporate,Furniture,Sofa,1,52880.03,5,UPI,Retail Store,Delivered,2023-03-28
ORD00962,2026-03-30,CUST0799,Hyderabad,South,Corporate,Furniture,Bed,1,53508.11,10,Debit Card,Marketplace,Delivered,2024-11-20
ORD00963,2026-09-27,CUST0164,Pune,West,Corporate,Beauty,Skincare Kit,4,4442.59,15,UPI,Online,Delivered,2023-02-19
ORD00964,2025-07-05,CUST0701,Coimbatore,South,Consumer,Furniture,Office Chair,2,23306.53,0,Net Banking,Marketplace,Delivered,2025-04-22
ORD00965,2026-04-29,CUST0216,Hyderabad,South,Consumer,Home Appliances,Washing Machine,1,50830.13,15,UPI,Online,Delivered,2025-06-02
ORD00966,2025-02-20,CUST0328,Kochi,South,Small Business,Fashion,T-Shirt,3,1962.65,15,UPI,Online,Delivered,2023-12-01
ORD00967,2025-01-05,CUST0238,Chennai,South,Small Business,Electronics,Tablet,1,48865.85,10,UPI,Retail Store,Delivered,2025-05-26
ORD00968,2026-08-12,CUST0209,Delhi,North,Consumer,Beauty,Perfume,4,6047.46,0,Debit Card,Retail Store,Delivered,2024-06-29
ORD00969,2025-06-09,CUST0973,Hyderabad,South,Small Business,Fashion,Jeans,3,1635.41,10,UPI,Marketplace,Delivered,2024-11-17
ORD00970,2025-07-27,CUST0343,Coimbatore,South,Consumer,Fashion,Dress,2,2461.52,15,Net Banking,Online,Delivered,2024-10-01
ORD00971,2025-09-14,CUST1108,Kolkata,East,Consumer,Electronics,Headphones,2,12566.11,15,UPI,Online,Delivered,2023-08-06
ORD00972,2025-07-24,CUST1158,Coimbatore,South,Consumer,Electronics,Headphones,5,12619.58,10,Credit Card,Online,Delivered,2023-10-05
ORD00973,2025-01-11,CUST0703,Bengaluru,South,Consumer,Home Appliances,Washing Machine,1,35869.02,0,Credit Card,Online,Delivered,2023-12-19
ORD00974,2025-01-08,CUST0167,Ahmedabad,West,Consumer,Fashion,Dress,1,5404.21,10,UPI,Online,Delivered,2024-02-20
ORD00975,2026-02-13,CUST0470,Delhi,North,Consumer,Beauty,Hair Dryer,2,3814.92,10,UPI,Marketplace,Delivered,2023-06-30
ORD00976,2025-02-01,CUST0950,Ahmedabad,West,Small Business,Furniture,Bookshelf,2,4954.64,20,Cash on Delivery,Online,Cancelled,2025-01-26
ORD00977,2026-06-24,CUST0462,Kolkata,East,Corporate,Furniture,Bed,1,25771.38,0,UPI,Online,Delivered,2023-02-17
ORD00978,2026-01-22,CUST0107,Coimbatore,South,Consumer,Home Appliances,Air Conditioner,1,33614.67,5,UPI,Retail Store,Delivered,2025-02-20
ORD00979,2025-08-16,CUST0685,Bengaluru,South,Consumer,Electronics,Smartphone,4,30548.0,5,Credit Card,Marketplace,Delivered,2024-05-10
ORD00980,2026-04-20,CUST1005,Ahmedabad,West,Consumer,Electronics,Headphones,2,4149.13,25,Debit Card,Online,Delivered,2023-10-21
ORD00981,2025-07-26,CUST0948,Delhi,North,Corporate,Electronics,Smartwatch,3,8564.23,10,Credit Card,Online,Delivered,2023-01-05
ORD00982,2025-11-14,CUST0201,Coimbatore,South,Small Business,Fashion,Dress,2,6248.77,5,Net Banking,Online,Delivered,2024-05-22
ORD00983,2026-07-11,CUST0818,Mumbai,West,Consumer,Home Appliances,Microwave,2,17578.93,15,UPI,Online,Delivered,2025-04-09
ORD00984,2026-09-09,CUST0241,Coimbatore,South,Consumer,Fashion,Jacket,1,3541.0,5,UPI,Online,Delivered,2023-12-22
ORD00985,2025-12-14,CUST0237,Delhi,North,Corporate,Home Appliances,Mixer,2,3227.77,10,Cash on Delivery,Marketplace,Delivered,2023-11-25
ORD00986,2025-08-22,CUST1037,Kochi,South,Consumer,Fashion,T-Shirt,1,968.32,25,UPI,Online,Delivered,2024-11-24
ORD00987,2025-02-13,CUST0279,Chennai,South,Small Business,Beauty,Perfume,3,7824.93,15,Credit Card,Online,Delivered,2023-09-21
ORD00988,2025-05-22,CUST0310,Pune,West,Consumer,Home Appliances,Mixer,3,8908.15,10,Debit Card,Online,Delivered,2024-02-06
ORD00989,2025-06-25,CUST0002,Mumbai,West,Small Business,Electronics,Tablet,3,46212.9,10,Debit Card,Online,Delivered,2023-06-22
ORD00990,2026-03-25,CUST1035,Chennai,South,Consumer,Electronics,Headphones,4,8534.58,25,Credit Card,Online,Delivered,2025-03-11
ORD00991,2026-08-15,CUST0948,Ahmedabad,West,Corporate,Electronics,Smartphone,1,21350.69,10,UPI,Retail Store,Delivered,2023-01-05
ORD00992,2025-03-23,CUST0765,Bengaluru,South,Consumer,Beauty,Makeup Kit,2,5612.38,15,UPI,Online,Delivered,2023-07-16
ORD00993,2025-05-15,CUST0889,Delhi,North,Small Business,Fashion,T-Shirt,1,2467.52,20,Debit Card,Marketplace,Delivered,2025-03-16
ORD00994,2025-06-26,CUST0173,Coimbatore,South,Consumer,Electronics,Laptop,1,58127.35,10,Cash on Delivery,Online,Delivered,2024-01-23
ORD00995,2026-01-18,CUST0562,Bengaluru,South,Small Business,Home Appliances,Air Conditioner,2,38521.89,10,Credit Card,Online,Delivered,2023-06-28
ORD00996,2025-08-31,CUST0438,Mumbai,West,Consumer,Electronics,Laptop,3,97582.46,25,UPI,Marketplace,Delivered,2024-09-28
ORD00997,2026-07-21,CUST0112,Kolkata,East,Consumer,Fashion,Jeans,1,3865.55,20,UPI,Retail Store,Delivered,2024-12-17
ORD00998,2025-05-21,CUST0604,Delhi,North,Consumer,Electronics,Laptop,2,91610.08,0,Net Banking,Marketplace,Delivered,2024-09-21
ORD00999,2026-04-02,CUST1098,Bengaluru,South,Small Business,Fashion,Dress,2,4797.97,15,Credit Card,Marketplace,Delivered,2024-05-05
ORD01000,2026-03-16,CUST0052,Kochi,South,Small Business,Beauty,Skincare Kit,2,3736.8,25,UPI,Online,Delivered,2023-12-16
ORD01001,2025-02-25,CUST0352,Hyderabad,South,Small Business,Fashion,T-Shirt,2,1758.06,5,UPI,Retail Store,Delivered,2023-01-13
ORD01002,2026-06-11,CUST0231,Kochi,South,Small Business,Electronics,Smartphone,1,30995.11,25,UPI,Online,Delivered,2023-04-18
ORD01003,2026-02-23,CUST0257,Bengaluru,South,Consumer,Furniture,Bed,4,70330.49,10,Credit Card,Retail Store,Delivered,2023-12-16
ORD01004,2025-03-29,CUST1084,Hyderabad,South,Small Business,Home Appliances,Air Conditioner,1,51196.4,10,Credit Card,Online,Returned,2024-05-14
ORD01005,2026-09-01,CUST0568,Mumbai,West,Small Business,Electronics,Laptop,4,69893.0,10,Cash on Delivery,Online,Delivered,2023-03-25
ORD01006,2025-01-08,CUST0568,Delhi,North,Consumer,Home Appliances,Microwave,2,19419.03,0,Net Banking,Retail Store,Delivered,2023-03-25
ORD01007,2026-04-22,CUST0905,Kolkata,East,Corporate,Beauty,Skincare Kit,2,3743.35,10,UPI,Retail Store,Delivered,2024-07-20
ORD01008,2025-08-03,CUST0176,Mumbai,West,Corporate,Electronics,Headphones,2,14808.32,25,Debit Card,Retail Store,Delivered,2024-03-30
ORD01009,2026-07-06,CUST0606,Hyderabad,South,Corporate,Home Appliances,Washing Machine,1,49649.84,5,UPI,Online,Returned,2024-12-05
ORD01010,2026-05-12,CUST0525,Mumbai,West,Consumer,Electronics,Headphones,1,13865.41,10,UPI,Online,Returned,2024-07-18
ORD01011,2026-05-18,CUST0739,Pune,West,Consumer,Home Appliances,Mixer,1,4174.59,15,Debit Card,Online,Delivered,2023-02-09
ORD01012,2025-09-02,CUST1200,Hyderabad,South,Consumer,Beauty,Hair Dryer,3,2152.99,0,Net Banking,Online,Delivered,2024-11-02
ORD01013,2026-04-23,CUST0916,Kochi,South,Consumer,Furniture,Dining Table,4,42762.26,10,UPI,Online,Delivered,2023-10-20
ORD01014,2025-11-05,CUST0494,Bengaluru,South,Consumer,Furniture,Sofa,4,79924.32,5,Cash on Delivery,Online,Delivered,2023-03-31
ORD01015,2025-08-19,CUST0975,Hyderabad,South,Corporate,Beauty,Face Serum,1,811.69,20,UPI,Retail Store,Delivered,2024-03-16
ORD01016,2026-01-18,CUST0200,Hyderabad,South,Consumer,Home Appliances,Microwave,2,10085.8,10,Cash on Delivery,Online,Delivered,2023-06-04
ORD01017,2025-06-04,CUST0041,Bengaluru,South,Consumer,Beauty,Perfume,1,6704.71,10,Debit Card,Online,Delivered,2023-09-03
ORD01018,2025-06-24,CUST0230,Coimbatore,South,Consumer,Electronics,Tablet,5,31025.73,10,Net Banking,Online,Delivered,2024-10-25
ORD01019,2025-04-25,CUST0423,Chennai,South,Consumer,Home Appliances,Microwave,1,10112.39,15,Net Banking,Retail Store,Delivered,2023-05-29
ORD01020,2026-01-25,CUST0630,Kolkata,East,Small Business,Electronics,Tablet,1,23056.12,15,Debit Card,Online,Delivered,2025-01-16
ORD01021,2025-11-07,CUST0754,Coimbatore,South,Consumer,Fashion,T-Shirt,5,1284.31,15,Credit Card,Retail Store,Delivered,2024-04-02
ORD01022,2025-10-27,CUST1088,Delhi,North,Consumer,Home Appliances,Refrigerator,1,67102.87,5,Credit Card,Online,Delivered,2023-09-17
ORD01023,2025-01-18,CUST0628,Hyderabad,South,Consumer,Home Appliances,Mixer,1,8344.2,15,UPI,Online,Delivered,2024-10-10
ORD01024,2025-01-12,CUST0619,Kochi,South,Consumer,Electronics,Smartwatch,1,19318.71,20,Credit Card,Online,Delivered,2024-08-11
ORD01025,2026-02-08,CUST0059,Coimbatore,South,Consumer,Beauty,Perfume,1,2612.57,5,UPI,Retail Store,Delivered,2023-01-25
ORD01026,2025-08-20,CUST0045,Coimbatore,South,Consumer,Home Appliances,Refrigerator,1,28682.08,5,Net Banking,Retail Store,Delivered,2025-05-15
ORD01027,2026-08-28,CUST0673,Pune,West,Consumer,Home Appliances,Mixer,2,4771.77,15,UPI,Online,Delivered,2023-07-13
ORD01028,2025-10-05,CUST0536,Kolkata,East,Corporate,Beauty,Skincare Kit,4,1862.24,15,UPI,Retail Store,Delivered,2023-12-13
ORD01029,2025-12-19,CUST0997,Pune,West,Consumer,Fashion,Dress,1,4148.79,15,UPI,Retail Store,Delivered,2024-03-13
ORD01030,2025-10-30,CUST0185,Bengaluru,South,Small Business,Electronics,Headphones,3,3877.91,20,UPI,Marketplace,Delivered,2023-03-07
ORD01031,2026-06-25,CUST0035,Mumbai,West,Consumer,Fashion,T-Shirt,2,1731.69,10,Credit Card,Online,Cancelled,2024-12-31
ORD01032,2026-04-15,CUST0548,Delhi,North,Consumer,Furniture,Bookshelf,1,10061.69,10,Credit Card,Marketplace,Cancelled,2023-04-18
ORD01033,2025-03-18,CUST0257,Bengaluru,South,Consumer,Electronics,Smartphone,2,67857.0,10,UPI,Marketplace,Delivered,2023-12-16
ORD01034,2026-06-05,CUST0059,Coimbatore,South,Consumer,Furniture,Bookshelf,1,14815.28,25,Net Banking,Retail Store,Delivered,2023-01-25
ORD01035,2025-01-24,CUST0868,Hyderabad,South,Small Business,Home Appliances,Mixer,2,8154.68,20,Credit Card,Online,Delivered,2024-06-03
ORD01036,2025-01-15,CUST0125,Kochi,South,Corporate,Beauty,Hair Dryer,1,4566.11,15,UPI,Marketplace,Delivered,2023-11-19
ORD01037,2026-06-09,CUST0743,Mumbai,West,Corporate,Home Appliances,Air Conditioner,1,58115.95,10,Credit Card,Retail Store,Delivered,2023-09-30
ORD01038,2025-12-13,CUST0335,Delhi,North,Corporate,Electronics,Smartwatch,1,12143.69,10,Net Banking,Online,Delivered,2023-01-15
ORD01039,2025-06-21,CUST0201,Hyderabad,South,Corporate,Electronics,Laptop,2,76077.84,15,Credit Card,Online,Returned,2024-05-22
ORD01040,2025-11-23,CUST0472,Kochi,South,Corporate,Fashion,T-Shirt,5,2402.27,20,UPI,Marketplace,Delivered,2024-01-23
ORD01041,2026-04-30,CUST0954,Pune,West,Corporate,Home Appliances,Mixer,1,8190.41,0,Net Banking,Online,Delivered,2025-05-04
ORD01042,2026-05-04,CUST0486,Kochi,South,Small Business,Fashion,Jacket,4,6307.46,0,Credit Card,Online,Cancelled,2024-02-12
ORD01043,2026-04-07,CUST0889,Coimbatore,South,Corporate,Home Appliances,Refrigerator,4,58999.65,15,Credit Card,Retail Store,Delivered,2025-03-16
ORD01044,2026-01-13,CUST0142,Coimbatore,South,Consumer,Beauty,Skincare Kit,1,1784.06,5,Credit Card,Retail Store,Delivered,2024-04-13
ORD01045,2026-08-11,CUST0920,Delhi,North,Consumer,Fashion,Jacket,5,1593.16,25,Net Banking,Marketplace,Delivered,2023-05-09
ORD01046,2025-06-13,CUST0257,Hyderabad,South,Corporate,Electronics,Laptop,1,88869.18,5,Credit Card,Marketplace,Delivered,2023-12-16
ORD01047,2026-01-07,CUST0821,Kochi,South,Consumer,Home Appliances,Refrigerator,1,34154.24,5,Net Banking,Marketplace,Delivered,2024-11-23
ORD01048,2026-07-27,CUST0700,Hyderabad,South,Corporate,Electronics,Smartwatch,2,24278.56,0,Debit Card,Retail Store,Returned,2025-04-02
ORD01049,2026-02-28,CUST1108,Pune,West,Corporate,Furniture,Dining Table,3,27712.43,0,Credit Card,Online,Delivered,2023-08-06
ORD01050,2026-04-22,CUST0483,Coimbatore,South,Corporate,Beauty,Face Serum,3,3815.62,15,Credit Card,Online,Delivered,2023-08-05
ORD01051,2026-01-17,CUST0082,Ahmedabad,West,Corporate,Home Appliances,Air Conditioner,2,37069.83,25,Credit Card,Retail Store,Delivered,2025-05-11
ORD01052,2025-06-04,CUST0026,Bengaluru,South,Small Business,Furniture,Sofa,1,53277.74,5,Debit Card,Online,Delivered,2024-07-16
ORD01053,2025-09-14,CUST0975,Kochi,South,Small Business,Electronics,Headphones,1,6708.57,15,UPI,Online,Delivered,2024-03-16
ORD01054,2025-03-09,CUST0649,Kolkata,East,Small Business,Furniture,Sofa,1,77769.28,0,Debit Card,Marketplace,Delivered,2024-06-09
ORD01055,2025-12-10,CUST0922,Delhi,North,Corporate,Fashion,T-Shirt,3,1706.09,20,UPI,Online,Delivered,2023-12-09
ORD01056,2025-10-04,CUST0253,Delhi,North,Consumer,Fashion,Jacket,1,6146.5,15,Cash on Delivery,Retail Store,Delivered,2025-06-11
ORD01057,2026-01-26,CUST0428,Mumbai,West,Corporate,Home Appliances,Microwave,1,22655.93,15,Credit Card,Retail Store,Delivered,2024-05-30
ORD01058,2026-03-25,CUST0040,Kochi,South,Corporate,Beauty,Makeup Kit,1,2264.48,15,Debit Card,Online,Returned,2023-01-14
ORD01059,2025-09-16,CUST1148,Chennai,South,Consumer,Electronics,Laptop,1,65066.26,25,Net Banking,Online,Delivered,2024-06-18
ORD01060,2025-11-03,CUST0807,Kolkata,East,Consumer,Home Appliances,Microwave,1,11918.72,10,Debit Card,Online,Delivered,2023-09-01
ORD01061,2025-04-05,CUST1117,Mumbai,West,Corporate,Fashion,T-Shirt,3,1335.48,10,Cash on Delivery,Retail Store,Delivered,2024-03-28
ORD01062,2026-04-09,CUST0311,Pune,West,Consumer,Beauty,Hair Dryer,3,2249.37,10,Net Banking,Marketplace,Returned,2025-04-21
ORD01063,2025-09-03,CUST0752,Delhi,North,Consumer,Beauty,Face Serum,1,3152.15,10,Net Banking,Marketplace,Delivered,2023-05-29
ORD01064,2026-09-27,CUST0823,Pune,West,Consumer,Fashion,Dress,4,5416.26,0,UPI,Marketplace,Delivered,2023-02-25
ORD01065,2025-07-06,CUST0382,Mumbai,West,Consumer,Furniture,Bed,1,74134.37,10,Debit Card,Online,Delivered,2025-05-18
ORD01066,2026-01-08,CUST1011,Kolkata,East,Small Business,Home Appliances,Microwave,2,11223.73,15,UPI,Online,Delivered,2024-04-28
ORD01067,2026-07-26,CUST1126,Pune,West,Consumer,Home Appliances,Microwave,2,21032.46,10,UPI,Online,Delivered,2024-03-03
ORD01068,2026-02-10,CUST1053,Chennai,South,Corporate,Fashion,Shoes,2,6428.59,25,UPI,Marketplace,Delivered,2024-04-04
ORD01069,2026-02-12,CUST0884,Coimbatore,South,Consumer,Beauty,Skincare Kit,1,1882.8,10,Debit Card,Retail Store,Delivered,2023-09-29
ORD01070,2025-05-05,CUST0327,Kochi,South,Consumer,Home Appliances,Refrigerator,1,53320.08,15,Credit Card,Online,Delivered,2024-09-05
ORD01071,2025-12-03,CUST0337,Ahmedabad,West,Corporate,Fashion,Shoes,1,7367.21,0,Net Banking,Marketplace,Cancelled,2023-05-14
ORD01072,2025-12-07,CUST1151,Kolkata,East,Small Business,Beauty,Hair Dryer,5,1275.55,25,UPI,Retail Store,Delivered,2023-01-05
ORD01073,2026-07-17,CUST0018,Bengaluru,South,Corporate,Furniture,Dining Table,2,37872.47,25,Cash on Delivery,Marketplace,Returned,2024-11-01
ORD01074,2025-06-27,CUST0856,Hyderabad,South,Consumer,Home Appliances,Air Conditioner,5,35343.17,10,UPI,Online,Delivered,2024-06-12
ORD01075,2025-06-19,CUST0848,Chennai,South,Consumer,Fashion,Shoes,3,8015.45,5,Net Banking,Marketplace,Delivered,2024-03-24
ORD01076,2025-02-08,CUST0759,Kolkata,East,Consumer,Fashion,Jacket,1,4684.77,10,UPI,Retail Store,Delivered,2025-02-12
ORD01077,2025-03-10,CUST1191,Delhi,North,Small Business,Beauty,Hair Dryer,3,2858.16,10,Debit Card,Marketplace,Delivered,2024-09-24
ORD01078,2025-08-24,CUST0374,Bengaluru,South,Corporate,Furniture,Office Chair,1,16162.78,10,Net Banking,Online,Delivered,2023-10-06
ORD01079,2026-07-14,CUST0422,Coimbatore,South,Corporate,Home Appliances,Refrigerator,5,59598.49,10,Credit Card,Online,Delivered,2025-02-23
ORD01080,2026-01-16,CUST0097,Pune,West,Consumer,Home Appliances,Microwave,1,21331.85,0,Cash on Delivery,Online,Delivered,2024-04-10
ORD01081,2025-02-26,CUST0542,Pune,West,Small Business,Electronics,Smartwatch,1,9507.3,0,Net Banking,Online,Delivered,2023-07-06
ORD01082,2025-10-04,CUST0301,Kolkata,East,Corporate,Electronics,Tablet,3,15391.23,10,Debit Card,Retail Store,Delivered,2023-03-31
ORD01083,2025-04-09,CUST0427,Ahmedabad,West,Consumer,Fashion,T-Shirt,2,1723.29,10,Credit Card,Marketplace,Delivered,2024-03-27
ORD01084,2026-06-11,CUST0988,Hyderabad,South,Small Business,Home Appliances,Mixer,1,9256.71,5,Credit Card,Retail Store,Delivered,2024-05-11
ORD01085,2025-11-21,CUST1121,Kolkata,East,Consumer,Beauty,Skincare Kit,3,2536.13,15,Debit Card,Retail Store,Delivered,2024-02-18
ORD01086,2026-04-06,CUST0216,Delhi,North,Small Business,Home Appliances,Microwave,3,8957.83,0,Credit Card,Marketplace,Delivered,2025-06-02
ORD01087,2025-06-28,CUST0469,Hyderabad,South,Consumer,Fashion,Jeans,4,2889.06,10,UPI,Online,Delivered,2023-03-28
ORD01088,2026-07-28,CUST1108,Bengaluru,South,Consumer,Home Appliances,Refrigerator,1,56339.6,20,UPI,Online,Delivered,2023-08-06
ORD01089,2025-04-29,CUST0078,Mumbai,West,Small Business,Fashion,Dress,2,5174.22,20,Credit Card,Retail Store,Delivered,2023-05-28
ORD01090,2026-04-14,CUST0109,Delhi,North,Consumer,Home Appliances,Air Conditioner,1,62717.82,15,Net Banking,Online,Delivered,2024-09-15
ORD01091,2026-07-03,CUST0185,Hyderabad,South,Consumer,Electronics,Tablet,1,42000.59,5,Credit Card,Retail Store,Cancelled,2023-03-07
ORD01092,2026-03-31,CUST0734,Coimbatore,South,Small Business,Electronics,Laptop,1,66117.44,15,UPI,Marketplace,Delivered,2025-04-09
ORD01093,2025-01-26,CUST0171,Hyderabad,South,Consumer,Electronics,Smartphone,5,71445.75,15,Net Banking,Marketplace,Delivered,2025-03-23
ORD01094,2026-05-05,CUST1157,Coimbatore,South,Corporate,Fashion,Jeans,1,1414.11,5,UPI,Marketplace,Delivered,2024-05-28
ORD01095,2025-01-08,CUST0547,Kolkata,East,Consumer,Electronics,Smartwatch,2,12910.28,5,UPI,Online,Delivered,2023-12-17
ORD01096,2026-05-31,CUST0619,Ahmedabad,West,Consumer,Furniture,Dining Table,2,40718.22,20,Debit Card,Retail Store,Delivered,2024-08-11
ORD01097,2026-06-17,CUST0270,Kolkata,East,Consumer,Home Appliances,Washing Machine,1,40470.36,10,Cash on Delivery,Online,Delivered,2024-01-07
ORD01098,2025-05-29,CUST0571,Chennai,South,Consumer,Beauty,Hair Dryer,3,4599.12,5,Net Banking,Retail Store,Returned,2024-04-01
ORD01099,2026-05-03,CUST0799,Ahmedabad,West,Consumer,Beauty,Hair Dryer,2,5788.09,25,Credit Card,Online,Delivered,2024-11-20
ORD01100,2025-01-25,CUST0889,Mumbai,West,Consumer,Fashion,Dress,2,6176.71,5,UPI,Retail Store,Returned,2025-03-16
ORD01101,2026-07-09,CUST0893,Mumbai,West,Consumer,Home Appliances,Refrigerator,1,31072.0,10,UPI,Retail Store,Delivered,2024-07-21
ORD01102,2026-03-01,CUST0707,Delhi,North,Small Business,Electronics,Headphones,1,6368.93,10,Net Banking,Online,Delivered,2025-02-28
ORD01103,2025-10-20,CUST1076,Chennai,South,Small Business,Furniture,Dining Table,1,33360.46,10,Credit Card,Online,Delivered,2024-01-11
ORD01104,2025-07-04,CUST0970,Ahmedabad,West,Corporate,Home Appliances,Refrigerator,1,40125.82,20,Credit Card,Retail Store,Delivered,2024-07-26
ORD01105,2026-07-08,CUST0900,Ahmedabad,West,Consumer,Home Appliances,Air Conditioner,1,32172.75,5,UPI,Marketplace,Delivered,2023-02-28
ORD01106,2026-03-07,CUST0066,Pune,West,Consumer,Fashion,Jeans,3,1911.73,15,UPI,Retail Store,Delivered,2024-07-02
ORD01107,2026-08-27,CUST0016,Mumbai,West,Small Business,Beauty,Face Serum,1,3041.61,15,Debit Card,Marketplace,Returned,2025-04-07
ORD01108,2025-11-13,CUST0233,Chennai,South,Consumer,Electronics,Tablet,1,36625.09,0,UPI,Marketplace,Delivered,2023-06-25
ORD01109,2026-02-02,CUST0803,Mumbai,West,Consumer,Fashion,Dress,3,6211.61,15,UPI,Retail Store,Delivered,2024-08-06
ORD01110,2025-11-20,CUST0506,Mumbai,West,Consumer,Home Appliances,Microwave,3,18893.4,5,Debit Card,Retail Store,Delivered,2024-05-15
ORD01111,2026-07-19,CUST0497,Bengaluru,South,Consumer,Home Appliances,Air Conditioner,1,57470.8,10,UPI,Retail Store,Delivered,2024-11-01
ORD01112,2026-08-19,CUST1053,Mumbai,West,Consumer,Electronics,Smartwatch,3,18701.58,15,UPI,Online,Delivered,2024-04-04
ORD01113,2026-06-30,CUST1065,Hyderabad,South,Consumer,Home Appliances,Microwave,1,20500.4,15,Credit Card,Online,Returned,2024-01-28
ORD01114,2025-03-17,CUST1085,Coimbatore,South,Small Business,Beauty,Skincare Kit,2,2157.96,10,Credit Card,Online,Returned,2025-06-04
ORD01115,2026-05-01,CUST0376,Ahmedabad,West,Corporate,Fashion,Jeans,2,1560.63,10,Net Banking,Retail Store,Delivered,2024-09-01
ORD01116,2025-03-29,CUST0836,Hyderabad,South,Consumer,Electronics,Headphones,1,10010.62,0,UPI,Retail Store,Delivered,2023-06-05
ORD01117,2025-08-20,CUST0314,Hyderabad,South,Corporate,Beauty,Hair Dryer,1,3118.98,15,Credit Card,Retail Store,Delivered,2024-10-27
ORD01118,2025-01-07,CUST0219,Bengaluru,South,Corporate,Furniture,Bed,2,63407.08,25,Credit Card,Retail Store,Delivered,2024-02-14
ORD01119,2026-07-04,CUST0214,Chennai,South,Small Business,Home Appliances,Washing Machine,2,49780.52,0,Credit Card,Marketplace,Delivered,2025-02-04
ORD01120,2025-02-21,CUST0426,Ahmedabad,West,Corporate,Electronics,Smartwatch,1,13119.52,15,UPI,Marketplace,Delivered,2023-05-11
ORD01121,2026-01-31,CUST0525,Kolkata,East,Consumer,Home Appliances,Microwave,1,10903.02,20,Net Banking,Marketplace,Delivered,2024-07-18
ORD01122,2025-08-09,CUST0980,Chennai,South,Corporate,Furniture,Bed,3,39770.94,5,UPI,Online,Delivered,2023-12-04
ORD01123,2026-03-04,CUST0134,Kolkata,East,Consumer,Electronics,Headphones,1,2152.89,15,Debit Card,Marketplace,Delivered,2024-09-09
ORD01124,2025-05-23,CUST0877,Delhi,North,Consumer,Home Appliances,Air Conditioner,4,39123.7,10,Credit Card,Marketplace,Delivered,2025-03-11
ORD01125,2025-12-29,CUST0656,Bengaluru,South,Consumer,Furniture,Sofa,5,55681.94,15,Credit Card,Retail Store,Delivered,2024-12-07
ORD01126,2026-01-17,CUST0347,Mumbai,West,Consumer,Fashion,T-Shirt,2,1180.57,5,Cash on Delivery,Online,Delivered,2025-03-23
ORD01127,2026-07-15,CUST0610,Pune,West,Small Business,Fashion,T-Shirt,2,2295.9,5,Debit Card,Marketplace,Delivered,2023-06-17
ORD01128,2025-10-04,CUST0367,Delhi,North,Small Business,Fashion,T-Shirt,2,2344.44,10,Debit Card,Online,Delivered,2023-06-10
ORD01129,2025-09-28,CUST0738,Pune,West,Small Business,Furniture,Bookshelf,2,21033.38,15,Credit Card,Online,Delivered,2025-04-24
ORD01130,2025-01-14,CUST0530,Ahmedabad,West,Small Business,Electronics,Tablet,1,47175.59,5,Credit Card,Online,Delivered,2024-10-11
ORD01131,2025-10-25,CUST0188,Hyderabad,South,Consumer,Electronics,Laptop,1,52826.37,0,UPI,Retail Store,Delivered,2023-10-06
ORD01132,2026-04-09,CUST0128,Ahmedabad,West,Corporate,Electronics,Smartphone,1,29838.53,5,UPI,Marketplace,Delivered,2025-02-24
ORD01133,2026-06-11,CUST0669,Mumbai,West,Small Business,Beauty,Skincare Kit,1,1589.17,10,UPI,Marketplace,Delivered,2023-03-08
ORD01134,2025-08-22,CUST1073,Chennai,South,Consumer,Fashion,Jacket,2,3905.4,20,UPI,Online,Delivered,2023-03-12
ORD01135,2026-07-29,CUST0427,Kochi,South,Consumer,Home Appliances,Air Conditioner,2,63852.12,15,Net Banking,Online,Delivered,2024-03-27
ORD01136,2025-01-27,CUST0874,Coimbatore,South,Small Business,Beauty,Face Serum,1,3678.81,10,UPI,Marketplace,Delivered,2023-08-30
ORD01137,2026-04-16,CUST0797,Mumbai,West,Consumer,Electronics,Smartwatch,2,5924.21,10,Credit Card,Marketplace,Delivered,2023-05-30
ORD01138,2025-04-03,CUST1112,Hyderabad,South,Consumer,Furniture,Bed,1,50986.39,15,UPI,Online,Delivered,2025-02-24
ORD01139,2026-09-09,CUST0971,Kochi,South,Consumer,Fashion,Jacket,1,3659.54,25,UPI,Marketplace,Delivered,2024-07-15
ORD01140,2025-11-05,CUST0700,Kolkata,East,Corporate,Electronics,Headphones,2,3008.67,15,UPI,Online,Delivered,2025-04-02
ORD01141,2025-02-21,CUST0796,Ahmedabad,West,Consumer,Furniture,Office Chair,1,10593.9,10,Cash on Delivery,Retail Store,Delivered,2023-09-20
ORD01142,2025-11-15,CUST1070,Ahmedabad,West,Consumer,Beauty,Skincare Kit,2,1033.44,15,UPI,Online,Delivered,2025-01-29
ORD01143,2025-06-30,CUST0496,Bengaluru,South,Corporate,Beauty,Hair Dryer,2,2605.47,15,Credit Card,Online,Delivered,2023-12-31
ORD01144,2026-07-23,CUST0402,Hyderabad,South,Small Business,Electronics,Laptop,3,50865.9,10,Net Banking,Online,Delivered,2024-05-21
ORD01145,2025-04-30,CUST0018,Hyderabad,South,Consumer,Fashion,Jacket,3,5031.24,10,UPI,Retail Store,Returned,2024-11-01
ORD01146,2025-02-12,CUST0974,Kolkata,East,Consumer,Fashion,Shoes,1,2105.4,10,Cash on Delivery,Retail Store,Delivered,2024-05-27
ORD01147,2025-09-17,CUST0954,Pune,West,Consumer,Home Appliances,Microwave,2,13207.41,5,UPI,Retail Store,Delivered,2025-05-04
ORD01148,2025-07-16,CUST0120,Delhi,North,Small Business,Fashion,Shoes,2,3513.32,0,UPI,Retail Store,Delivered,2024-12-16
ORD01149,2025-09-12,CUST0706,Ahmedabad,West,Corporate,Beauty,Perfume,1,4780.65,0,Debit Card,Retail Store,Delivered,2024-11-08
ORD01150,2025-12-02,CUST0566,Pune,West,Small Business,Fashion,T-Shirt,4,655.57,5,Cash on Delivery,Retail Store,Delivered,2023-07-17
ORD01151,2026-07-07,CUST0132,Kochi,South,Small Business,Fashion,Jeans,2,1718.83,10,Debit Card,Marketplace,Delivered,2023-10-14
ORD01152,2026-05-17,CUST1173,Kochi,South,Consumer,Electronics,Laptop,4,45106.55,15,Debit Card,Marketplace,Delivered,2023-04-07
ORD01153,2025-09-12,CUST0237,Bengaluru,South,Corporate,Fashion,T-Shirt,1,835.07,20,UPI,Retail Store,Delivered,2023-11-25
ORD01154,2026-05-29,CUST0082,Kochi,South,Corporate,Beauty,Hair Dryer,1,3420.44,5,Net Banking,Marketplace,Delivered,2025-05-11
ORD01155,2025-08-30,CUST0734,Ahmedabad,West,Corporate,Home Appliances,Mixer,5,9015.12,10,UPI,Retail Store,Delivered,2025-04-09
ORD01156,2025-05-29,CUST0883,Hyderabad,South,Consumer,Furniture,Sofa,4,65977.75,10,Credit Card,Online,Delivered,2024-06-08
ORD01157,2025-10-26,CUST0042,Ahmedabad,West,Consumer,Fashion,Jeans,1,4791.58,0,Cash on Delivery,Retail Store,Delivered,2023-07-06
ORD01158,2026-09-12,CUST0797,Ahmedabad,West,Corporate,Fashion,Jeans,1,3163.27,20,UPI,Online,Delivered,2023-05-30
ORD01159,2026-03-29,CUST0657,Bengaluru,South,Consumer,Furniture,Sofa,1,71917.01,10,Credit Card,Marketplace,Delivered,2024-09-17
ORD01160,2026-01-28,CUST0117,Delhi,North,Consumer,Beauty,Perfume,1,6495.65,0,Credit Card,Retail Store,Returned,2023-04-27
ORD01161,2025-07-31,CUST0201,Hyderabad,South,Small Business,Home Appliances,Air Conditioner,1,54932.65,15,Credit Card,Online,Delivered,2024-05-22
ORD01162,2026-06-22,CUST0700,Mumbai,West,Consumer,Electronics,Smartwatch,5,9595.64,20,UPI,Retail Store,Delivered,2025-04-02
ORD01163,2026-08-17,CUST0359,Bengaluru,South,Consumer,Fashion,Dress,5,5220.48,10,Credit Card,Online,Delivered,2023-03-30
ORD01164,2026-08-18,CUST1121,Ahmedabad,West,Consumer,Furniture,Bookshelf,2,16303.99,5,Credit Card,Marketplace,Delivered,2024-02-18
ORD01165,2025-05-11,CUST0971,Delhi,North,Consumer,Beauty,Skincare Kit,2,4611.79,25,Debit Card,Marketplace,Delivered,2024-07-15
ORD01166,2025-11-25,CUST1179,Coimbatore,South,Consumer,Home Appliances,Microwave,2,16484.48,10,Net Banking,Online,Cancelled,2024-01-26
ORD01167,2026-09-04,CUST0298,Hyderabad,South,Corporate,Home Appliances,Air Conditioner,1,53657.73,5,Credit Card,Online,Delivered,2025-02-19
ORD01168,2025-09-13,CUST1158,Ahmedabad,West,Corporate,Beauty,Makeup Kit,3,2065.54,5,UPI,Online,Delivered,2023-10-05
ORD01169,2026-04-24,CUST0526,Pune,West,Small Business,Home Appliances,Microwave,3,17206.65,10,Credit Card,Online,Delivered,2024-05-29
ORD01170,2026-07-15,CUST0430,Delhi,North,Consumer,Beauty,Hair Dryer,2,5254.54,5,UPI,Marketplace,Delivered,2024-04-20
ORD01171,2025-03-04,CUST0059,Coimbatore,South,Consumer,Furniture,Office Chair,1,10145.3,10,Debit Card,Marketplace,Delivered,2023-01-25
ORD01172,2025-11-07,CUST0063,Kochi,South,Consumer,Furniture,Bed,1,47799.29,15,UPI,Online,Delivered,2023-08-24
ORD01173,2026-02-11,CUST0836,Coimbatore,South,Consumer,Home Appliances,Washing Machine,1,55035.28,5,Credit Card,Marketplace,Delivered,2023-06-05
ORD01174,2025-04-15,CUST0562,Hyderabad,South,Consumer,Fashion,Shoes,1,7754.54,10,UPI,Online,Returned,2023-06-28
ORD01175,2026-09-09,CUST0245,Pune,West,Consumer,Electronics,Smartphone,1,37716.39,15,Debit Card,Marketplace,Delivered,2025-04-06
ORD01176,2025-01-15,CUST0754,Delhi,North,Consumer,Fashion,T-Shirt,1,1589.67,25,Credit Card,Marketplace,Delivered,2024-04-02
ORD01177,2025-09-16,CUST0281,Bengaluru,South,Small Business,Home Appliances,Mixer,3,6920.66,15,UPI,Retail Store,Returned,2025-04-13
ORD01178,2026-02-16,CUST0707,Chennai,South,Small Business,Electronics,Smartwatch,1,13092.13,10,Credit Card,Marketplace,Delivered,2025-02-28
ORD01179,2025-09-16,CUST0455,Coimbatore,South,Consumer,Home Appliances,Refrigerator,1,26324.91,15,Cash on Delivery,Retail Store,Delivered,2023-10-31
ORD01180,2026-09-06,CUST0972,Kochi,South,Corporate,Furniture,Dining Table,2,50194.42,15,Cash on Delivery,Retail Store,Delivered,2023-05-02
ORD01181,2025-09-17,CUST0971,Ahmedabad,West,Corporate,Home Appliances,Air Conditioner,2,49524.57,20,UPI,Marketplace,Delivered,2024-07-15
ORD01182,2025-02-14,CUST0589,Kochi,South,Corporate,Fashion,T-Shirt,1,898.73,10,Cash on Delivery,Retail Store,Delivered,2025-01-12
ORD01183,2025-11-27,CUST0438,Kochi,South,Consumer,Fashion,Jacket,1,7451.36,10,UPI,Retail Store,Delivered,2024-09-28
ORD01184,2025-06-14,CUST0460,Hyderabad,South,Consumer,Beauty,Skincare Kit,1,3879.11,15,Cash on Delivery,Retail Store,Returned,2023-07-06
ORD01185,2025-07-12,CUST0959,Kolkata,East,Consumer,Beauty,Hair Dryer,1,2728.2,10,UPI,Online,Delivered,2023-11-03
ORD01186,2026-06-05,CUST0402,Delhi,North,Consumer,Electronics,Headphones,1,6398.66,10,Net Banking,Online,Delivered,2024-05-21
ORD01187,2026-02-05,CUST0231,Kolkata,East,Small Business,Fashion,Jeans,4,4182.23,10,Net Banking,Retail Store,Delivered,2023-04-18
ORD01188,2026-01-09,CUST0104,Delhi,North,Consumer,Home Appliances,Microwave,5,23887.58,15,UPI,Online,Delivered,2025-01-08
ORD01189,2025-03-06,CUST0568,Kolkata,East,Consumer,Fashion,T-Shirt,1,1465.89,10,Net Banking,Online,Delivered,2023-03-25
ORD01190,2026-01-22,CUST0596,Kochi,South,Consumer,Home Appliances,Washing Machine,1,30827.34,5,Debit Card,Online,Delivered,2025-02-13
ORD01191,2026-05-10,CUST1001,Kochi,South,Corporate,Fashion,Shoes,1,6202.93,20,Credit Card,Marketplace,Delivered,2025-04-07
ORD01192,2026-02-19,CUST0241,Hyderabad,South,Corporate,Fashion,Jacket,3,6269.11,10,UPI,Online,Delivered,2023-12-22
ORD01193,2025-01-30,CUST0472,Mumbai,West,Consumer,Home Appliances,Mixer,1,8292.56,15,UPI,Online,Delivered,2024-01-23
ORD01194,2025-09-23,CUST0962,Kochi,South,Consumer,Furniture,Sofa,1,37236.65,5,Credit Card,Retail Store,Delivered,2024-06-26
ORD01195,2025-11-24,CUST0972,Kolkata,East,Small Business,Fashion,Jacket,1,3451.62,15,Net Banking,Online,Delivered,2023-05-02
ORD01196,2026-05-07,CUST0481,Hyderabad,South,Corporate,Beauty,Face Serum,2,2755.93,5,UPI,Online,Delivered,2023-10-01
ORD01197,2025-08-05,CUST0563,Pune,West,Corporate,Beauty,Hair Dryer,1,4489.9,20,Credit Card,Marketplace,Delivered,2024-01-30
ORD01198,2025-11-16,CUST0369,Ahmedabad,West,Consumer,Fashion,Shoes,1,4093.31,20,Net Banking,Online,Delivered,2025-04-03
ORD01199,2026-02-03,CUST1113,Bengaluru,South,Consumer,Electronics,Smartphone,4,68576.56,25,UPI,Online,Delivered,2025-06-01
ORD01200,2025-04-15,CUST0132,Chennai,South,Small Business,Fashion,Jacket,1,5436.56,20,Credit Card,Online,Delivered,2023-10-14
ORD01201,2025-11-26,CUST1118,Mumbai,West,Corporate,Electronics,Smartwatch,2,10498.52,15,Debit Card,Retail Store,Delivered,2023-06-01
ORD01202,2026-09-09,CUST0832,Hyderabad,South,Small Business,Fashion,Dress,1,6326.54,10,UPI,Retail Store,Delivered,2024-09-26
ORD01203,2025-02-16,CUST0656,Kochi,South,Corporate,Fashion,Jacket,1,2861.44,10,Credit Card,Retail Store,Delivered,2024-12-07
ORD01204,2026-08-22,CUST0042,Coimbatore,South,Consumer,Beauty,Hair Dryer,1,2755.59,25,UPI,Retail Store,Delivered,2023-07-06
ORD01205,2025-11-10,CUST0582,Kochi,South,Consumer,Electronics,Tablet,1,13222.34,10,UPI,Retail Store,Delivered,2024-07-26
ORD01206,2025-05-27,CUST0502,Coimbatore,South,Small Business,Electronics,Smartwatch,1,12561.42,15,Debit Card,Marketplace,Delivered,2023-10-15
ORD01207,2026-04-07,CUST0185,Bengaluru,South,Small Business,Electronics,Smartwatch,1,15670.98,15,Credit Card,Online,Delivered,2023-03-07
ORD01208,2026-08-07,CUST0796,Kolkata,East,Consumer,Electronics,Laptop,1,47011.12,15,Credit Card,Marketplace,Delivered,2023-09-20
ORD01209,2026-05-01,CUST1161,Kochi,South,Small Business,Beauty,Skincare Kit,1,2334.64,10,Credit Card,Retail Store,Delivered,2023-08-12
ORD01210,2026-02-14,CUST0693,Kochi,South,Consumer,Fashion,Jacket,1,7189.48,10,UPI,Online,Delivered,2025-02-24
ORD01211,2025-01-27,CUST0854,Kochi,South,Consumer,Electronics,Smartphone,1,57749.03,5,Net Banking,Online,Cancelled,2023-06-26
ORD01212,2025-01-29,CUST0084,Delhi,North,Consumer,Furniture,Bed,1,60561.79,15,UPI,Online,Delivered,2025-03-22
ORD01213,2025-09-28,CUST0512,Delhi,North,Consumer,Furniture,Bed,1,72941.33,5,Net Banking,Online,Delivered,2024-11-29
ORD01214,2026-05-16,CUST0128,Chennai,South,Corporate,Electronics,Smartphone,1,78303.79,10,Net Banking,Marketplace,Delivered,2025-02-24
ORD01215,2025-09-10,CUST0754,Mumbai,West,Consumer,Furniture,Sofa,2,37782.04,5,Net Banking,Online,Delivered,2024-04-02
ORD01216,2026-01-20,CUST1121,Ahmedabad,West,Small Business,Electronics,Laptop,2,67327.88,10,Cash on Delivery,Online,Delivered,2024-02-18
ORD01217,2025-03-01,CUST0799,Hyderabad,South,Consumer,Beauty,Face Serum,1,2089.58,0,Debit Card,Online,Delivered,2024-11-20
ORD01218,2025-04-17,CUST0091,Kochi,South,Consumer,Furniture,Sofa,1,79873.32,10,Credit Card,Online,Delivered,2024-08-21
ORD01219,2025-08-08,CUST0447,Pune,West,Consumer,Furniture,Office Chair,2,6166.67,5,Cash on Delivery,Retail Store,Delivered,2024-01-11
ORD01220,2026-03-17,CUST0672,Ahmedabad,West,Corporate,Fashion,Shoes,2,7034.17,15,UPI,Retail Store,Delivered,2023-08-03
ORD01221,2026-07-18,CUST0498,Delhi,North,Small Business,Home Appliances,Refrigerator,1,46490.05,0,Debit Card,Online,Delivered,2023-07-21
ORD01222,2026-07-26,CUST0987,Pune,West,Consumer,Home Appliances,Air Conditioner,2,64444.24,20,Credit Card,Marketplace,Delivered,2023-11-12
ORD01223,2026-06-30,CUST0970,Kolkata,East,Corporate,Furniture,Office Chair,1,14201.44,5,Credit Card,Marketplace,Delivered,2024-07-26
ORD01224,2025-04-06,CUST0753,Coimbatore,South,Consumer,Furniture,Office Chair,2,17425.94,0,Credit Card,Online,Delivered,2023-04-27
ORD01225,2025-03-30,CUST0470,Pune,West,Consumer,Fashion,Jeans,1,4593.98,5,Credit Card,Online,Delivered,2023-06-30
ORD01226,2025-08-19,CUST0287,Delhi,North,Small Business,Home Appliances,Air Conditioner,2,40616.31,15,Debit Card,Retail Store,Delivered,2023-04-10
ORD01227,2025-10-02,CUST0120,Kochi,South,Consumer,Fashion,Shoes,2,9908.77,10,Cash on Delivery,Online,Delivered,2024-12-16
ORD01228,2025-09-03,CUST0447,Kochi,South,Small Business,Electronics,Tablet,2,39324.19,0,Cash on Delivery,Online,Delivered,2024-01-11
ORD01229,2025-04-21,CUST0507,Delhi,North,Corporate,Electronics,Tablet,1,16904.03,0,Credit Card,Online,Delivered,2024-09-29
ORD01230,2025-08-22,CUST0818,Bengaluru,South,Consumer,Furniture,Sofa,2,67659.82,10,Credit Card,Marketplace,Delivered,2025-04-09
ORD01231,2025-10-05,CUST0797,Ahmedabad,West,Small Business,Beauty,Face Serum,3,3908.72,15,Credit Card,Retail Store,Delivered,2023-05-30
ORD01232,2026-04-22,CUST0085,Mumbai,West,Consumer,Furniture,Dining Table,1,58403.12,20,UPI,Marketplace,Delivered,2024-11-05
ORD01233,2026-02-21,CUST0487,Bengaluru,South,Small Business,Electronics,Tablet,1,42929.15,20,UPI,Online,Delivered,2024-06-02
ORD01234,2025-05-08,CUST0209,Chennai,South,Consumer,Fashion,T-Shirt,2,1903.94,10,UPI,Marketplace,Delivered,2024-06-29
ORD01235,2025-08-25,CUST0179,Kochi,South,Small Business,Beauty,Makeup Kit,4,4096.72,15,Debit Card,Retail Store,Delivered,2025-04-27
ORD01236,2026-09-11,CUST0975,Coimbatore,South,Consumer,Home Appliances,Washing Machine,1,56961.2,10,UPI,Retail Store,Delivered,2024-03-16
ORD01237,2025-05-08,CUST0053,Mumbai,West,Consumer,Fashion,Shoes,2,7315.02,5,UPI,Online,Delivered,2023-03-25
ORD01238,2026-01-29,CUST0513,Chennai,South,Corporate,Electronics,Headphones,1,5236.09,25,UPI,Retail Store,Delivered,2023-07-24
ORD01239,2026-04-20,CUST0197,Kolkata,East,Consumer,Fashion,Dress,2,4262.56,15,UPI,Retail Store,Delivered,2024-08-14
ORD01240,2026-01-30,CUST1043,Mumbai,West,Consumer,Beauty,Perfume,1,4530.4,15,Net Banking,Retail Store,Delivered,2024-12-29
ORD01241,2025-04-21,CUST0685,Kolkata,East,Small Business,Electronics,Headphones,1,1891.97,15,Net Banking,Retail Store,Delivered,2024-05-10
ORD01242,2025-03-31,CUST0251,Mumbai,West,Consumer,Beauty,Perfume,1,4032.53,15,Credit Card,Online,Delivered,2023-04-16
ORD01243,2025-10-07,CUST0621,Ahmedabad,West,Consumer,Home Appliances,Refrigerator,1,46450.34,0,UPI,Marketplace,Delivered,2024-05-27
ORD01244,2025-11-29,CUST0873,Chennai,South,Corporate,Home Appliances,Washing Machine,2,33592.72,15,Credit Card,Online,Delivered,2023-12-08
ORD01245,2025-08-12,CUST1142,Kochi,South,Consumer,Fashion,T-Shirt,1,1563.94,15,Credit Card,Retail Store,Delivered,2023-05-06
ORD01246,2025-04-11,CUST0241,Ahmedabad,West,Consumer,Home Appliances,Washing Machine,1,46555.11,0,UPI,Retail Store,Delivered,2023-12-22
ORD01247,2025-05-12,CUST1055,Mumbai,West,Consumer,Home Appliances,Microwave,3,23013.18,15,UPI,Retail Store,Delivered,2023-11-17
ORD01248,2025-01-13,CUST1119,Mumbai,West,Corporate,Home Appliances,Mixer,2,7509.79,5,Credit Card,Retail Store,Delivered,2023-12-13
ORD01249,2026-04-02,CUST1093,Ahmedabad,West,Consumer,Fashion,T-Shirt,3,691.59,15,Debit Card,Retail Store,Delivered,2023-06-07
ORD01250,2026-03-17,CUST0772,Hyderabad,South,Consumer,Beauty,Makeup Kit,1,2101.62,10,Net Banking,Marketplace,Delivered,2023-08-11
ORD01251,2025-04-08,CUST0766,Kolkata,East,Small Business,Furniture,Bed,1,55212.06,0,UPI,Retail Store,Delivered,2023-01-25
ORD01252,2025-04-30,CUST0498,Pune,West,Consumer,Furniture,Bed,1,59261.61,20,Debit Card,Retail Store,Delivered,2023-07-21
ORD01253,2025-10-20,CUST0890,Chennai,South,Consumer,Electronics,Tablet,3,29721.84,10,Debit Card,Marketplace,Delivered,2024-03-09
ORD01254,2025-01-01,CUST0655,Pune,West,Small Business,Beauty,Skincare Kit,3,3763.63,15,UPI,Online,Delivered,2023-12-08
ORD01255,2026-07-26,CUST0821,Ahmedabad,West,Small Business,Electronics,Tablet,1,17258.85,10,Credit Card,Retail Store,Delivered,2024-11-23
ORD01256,2025-09-07,CUST0525,Coimbatore,South,Small Business,Electronics,Tablet,2,39211.48,5,Debit Card,Online,Delivered,2024-07-18
ORD01257,2025-05-29,CUST0873,Hyderabad,South,Consumer,Electronics,Tablet,1,24203.28,25,UPI,Marketplace,Delivered,2023-12-08
ORD01258,2026-01-30,CUST0973,Coimbatore,South,Consumer,Furniture,Bed,1,43762.43,0,Net Banking,Online,Delivered,2024-11-17
ORD01259,2025-02-13,CUST0168,Kolkata,East,Corporate,Beauty,Hair Dryer,1,3130.05,5,UPI,Online,Delivered,2023-11-01
ORD01260,2026-09-12,CUST0984,Chennai,South,Consumer,Electronics,Smartwatch,1,5206.53,5,Net Banking,Online,Delivered,2023-01-17
ORD01261,2025-02-13,CUST0661,Bengaluru,South,Consumer,Home Appliances,Mixer,2,5463.26,0,Debit Card,Retail Store,Delivered,2025-06-15
ORD01262,2025-03-19,CUST1004,Coimbatore,South,Corporate,Home Appliances,Washing Machine,3,48679.9,5,UPI,Retail Store,Delivered,2023-10-29
ORD01263,2025-08-14,CUST0527,Kochi,South,Consumer,Fashion,T-Shirt,1,1793.49,10,Credit Card,Marketplace,Delivered,2023-03-09
ORD01264,2025-06-11,CUST0471,Pune,West,Consumer,Beauty,Perfume,4,5763.85,10,Credit Card,Marketplace,Returned,2023-01-25
ORD01265,2025-09-10,CUST1091,Coimbatore,South,Consumer,Furniture,Office Chair,2,21172.24,10,UPI,Retail Store,Delivered,2025-02-12
ORD01266,2025-05-12,CUST0279,Mumbai,West,Corporate,Home Appliances,Washing Machine,2,44819.41,5,Net Banking,Retail Store,Cancelled,2023-09-21
ORD01267,2026-03-24,CUST1003,Ahmedabad,West,Small Business,Beauty,Perfume,4,5478.82,10,Debit Card,Online,Delivered,2025-04-25
ORD01268,2026-04-19,CUST0601,Delhi,North,Small Business,Electronics,Laptop,4,82575.88,5,UPI,Online,Cancelled,2023-01-30
ORD01269,2025-04-19,CUST0633,Kochi,South,Consumer,Furniture,Office Chair,1,13725.39,15,UPI,Marketplace,Delivered,2023-04-17
ORD01270,2025-02-04,CUST0374,Ahmedabad,West,Small Business,Fashion,Dress,1,4216.96,25,Cash on Delivery,Online,Delivered,2023-10-06
ORD01271,2026-04-12,CUST0703,Ahmedabad,West,Corporate,Home Appliances,Washing Machine,1,28728.01,15,Net Banking,Marketplace,Delivered,2023-12-19
ORD01272,2025-10-02,CUST0398,Chennai,South,Small Business,Furniture,Office Chair,3,5091.38,10,Credit Card,Marketplace,Delivered,2023-09-17
ORD01273,2025-07-06,CUST0050,Ahmedabad,West,Corporate,Furniture,Office Chair,3,17839.18,15,Credit Card,Online,Delivered,2023-12-17
ORD01274,2025-08-31,CUST0314,Kochi,South,Consumer,Beauty,Hair Dryer,1,3889.46,25,Debit Card,Online,Delivered,2024-10-27
ORD01275,2025-09-21,CUST0015,Kolkata,East,Consumer,Fashion,T-Shirt,2,1503.79,15,Credit Card,Online,Delivered,2023-08-21
ORD01276,2026-06-06,CUST1173,Ahmedabad,West,Small Business,Furniture,Dining Table,4,35409.17,10,Credit Card,Retail Store,Returned,2023-04-07
ORD01277,2026-06-25,CUST1155,Coimbatore,South,Consumer,Fashion,Shoes,2,6938.06,10,UPI,Online,Delivered,2025-02-14
ORD01278,2025-03-28,CUST0487,Bengaluru,South,Consumer,Home Appliances,Washing Machine,4,27867.58,0,Credit Card,Online,Returned,2024-06-02
ORD01279,2026-06-19,CUST0870,Delhi,North,Consumer,Electronics,Smartwatch,1,9663.69,10,UPI,Online,Delivered,2024-12-19
ORD01280,2025-07-29,CUST0428,Bengaluru,South,Consumer,Beauty,Hair Dryer,1,4055.36,10,Net Banking,Retail Store,Delivered,2024-05-30
ORD01281,2025-02-15,CUST0815,Hyderabad,South,Consumer,Fashion,Jeans,1,3465.58,10,UPI,Marketplace,Delivered,2025-05-05
ORD01282,2026-04-12,CUST0959,Mumbai,West,Small Business,Electronics,Smartphone,1,65001.26,5,Debit Card,Marketplace,Delivered,2023-11-03
ORD01283,2026-06-24,CUST1126,Delhi,North,Corporate,Fashion,Jacket,1,4278.62,10,Debit Card,Marketplace,Delivered,2024-03-03
ORD01284,2025-01-26,CUST0496,Coimbatore,South,Consumer,Home Appliances,Microwave,4,21346.38,10,Credit Card,Retail Store,Delivered,2023-12-31
ORD01285,2025-09-23,CUST0934,Coimbatore,South,Consumer,Electronics,Smartwatch,2,17255.21,20,UPI,Marketplace,Cancelled,2023-08-29
ORD01286,2025-06-24,CUST0311,Mumbai,West,Consumer,Beauty,Skincare Kit,2,3841.55,15,Net Banking,Online,Delivered,2025-04-21
ORD01287,2026-05-31,CUST1191,Bengaluru,South,Small Business,Furniture,Bookshelf,3,4212.57,20,UPI,Online,Delivered,2024-09-24
ORD01288,2025-11-07,CUST0037,Hyderabad,South,Corporate,Beauty,Face Serum,1,2389.58,15,UPI,Online,Delivered,2023-07-04
ORD01289,2025-11-18,CUST0742,Chennai,South,Consumer,Home Appliances,Air Conditioner,2,64188.57,0,Credit Card,Online,Delivered,2023-07-28
ORD01290,2026-08-02,CUST0797,Kochi,South,Consumer,Fashion,T-Shirt,3,1420.82,25,Credit Card,Online,Delivered,2023-05-30
ORD01291,2025-05-15,CUST0833,Kolkata,East,Corporate,Electronics,Headphones,1,10952.11,25,UPI,Online,Delivered,2023-02-07
ORD01292,2025-02-24,CUST0135,Bengaluru,South,Consumer,Beauty,Hair Dryer,1,2546.42,10,Debit Card,Marketplace,Delivered,2024-10-02
ORD01293,2026-06-27,CUST1121,Delhi,North,Small Business,Fashion,T-Shirt,1,514.39,10,UPI,Online,Delivered,2024-02-18
ORD01294,2026-08-09,CUST0209,Delhi,North,Corporate,Fashion,Jeans,2,3568.89,0,UPI,Online,Delivered,2024-06-29
ORD01295,2026-06-15,CUST0759,Mumbai,West,Small Business,Furniture,Bookshelf,1,21125.37,10,Credit Card,Online,Returned,2025-02-12
ORD01296,2025-06-05,CUST0242,Pune,West,Small Business,Electronics,Smartwatch,2,23561.66,20,Cash on Delivery,Retail Store,Delivered,2023-01-14
ORD01297,2025-05-27,CUST0372,Bengaluru,South,Consumer,Furniture,Sofa,2,35281.4,10,Credit Card,Marketplace,Delivered,2023-09-17
ORD01298,2026-04-30,CUST0669,Pune,West,Consumer,Electronics,Tablet,2,29457.07,20,Cash on Delivery,Online,Delivered,2023-03-08
ORD01299,2026-08-22,CUST0512,Delhi,North,Corporate,Electronics,Smartwatch,1,21059.83,10,UPI,Online,Delivered,2024-11-29
ORD01300,2025-01-20,CUST0185,Ahmedabad,West,Consumer,Electronics,Laptop,4,60234.44,5,Net Banking,Retail Store,Delivered,2023-03-07
ORD01301,2025-09-26,CUST0200,Pune,West,Consumer,Home Appliances,Mixer,1,4609.44,20,Net Banking,Retail Store,Delivered,2023-06-04
ORD01302,2025-11-29,CUST0512,Hyderabad,South,Consumer,Home Appliances,Refrigerator,2,42558.99,20,UPI,Marketplace,Delivered,2024-11-29
ORD01303,2026-07-09,CUST0900,Pune,West,Consumer,Home Appliances,Air Conditioner,1,59876.15,15,Net Banking,Retail Store,Delivered,2023-02-28
ORD01304,2026-02-05,CUST1070,Pune,West,Consumer,Electronics,Smartphone,2,29880.93,5,UPI,Online,Delivered,2025-01-29
ORD01305,2025-11-02,CUST0103,Kolkata,East,Consumer,Electronics,Headphones,1,14573.6,10,Debit Card,Retail Store,Delivered,2025-05-17
ORD01306,2025-01-28,CUST0486,Ahmedabad,West,Consumer,Furniture,Bookshelf,1,11494.9,15,Credit Card,Online,Delivered,2024-02-12
ORD01307,2026-04-12,CUST0116,Kochi,South,Consumer,Furniture,Bed,2,57510.49,10,Net Banking,Online,Delivered,2024-03-25
ORD01308,2025-09-17,CUST0025,Delhi,North,Consumer,Beauty,Face Serum,1,3373.62,10,Debit Card,Online,Delivered,2024-09-05
ORD01309,2026-06-18,CUST0799,Kochi,South,Small Business,Home Appliances,Air Conditioner,1,49245.92,5,Credit Card,Retail Store,Delivered,2024-11-20
ORD01310,2025-04-11,CUST0742,Coimbatore,South,Small Business,Furniture,Bookshelf,1,21410.7,15,Debit Card,Online,Delivered,2023-07-28
ORD01311,2026-07-05,CUST0185,Kochi,South,Consumer,Beauty,Makeup Kit,1,5897.19,5,Net Banking,Online,Delivered,2023-03-07
ORD01312,2025-12-19,CUST0252,Mumbai,West,Small Business,Furniture,Bookshelf,1,4094.36,15,Credit Card,Marketplace,Delivered,2025-02-08
ORD01313,2025-10-27,CUST0031,Mumbai,West,Consumer,Home Appliances,Refrigerator,3,42469.5,15,UPI,Online,Delivered,2024-10-04
ORD01314,2025-10-23,CUST0989,Bengaluru,South,Small Business,Home Appliances,Washing Machine,2,36559.7,10,Credit Card,Online,Delivered,2025-03-18
ORD01315,2025-12-19,CUST1168,Delhi,North,Consumer,Beauty,Makeup Kit,2,2294.87,10,Credit Card,Retail Store,Delivered,2023-12-09
ORD01316,2025-05-10,CUST0154,Kochi,South,Consumer,Fashion,Jeans,1,4663.17,5,UPI,Online,Delivered,2024-12-23
ORD01317,2025-06-05,CUST0251,Chennai,South,Consumer,Beauty,Hair Dryer,1,3853.59,20,Net Banking,Marketplace,Delivered,2023-04-16
ORD01318,2025-03-15,CUST1033,Chennai,South,Consumer,Home Appliances,Refrigerator,1,40507.67,5,Debit Card,Retail Store,Delivered,2024-10-31
ORD01319,2025-12-08,CUST1108,Pune,West,Consumer,Beauty,Face Serum,4,1021.1,15,Credit Card,Retail Store,Returned,2023-08-06
ORD01320,2026-04-10,CUST0515,Mumbai,West,Small Business,Furniture,Dining Table,1,30051.09,15,UPI,Marketplace,Delivered,2024-09-07
ORD01321,2025-03-31,CUST0059,Kolkata,East,Consumer,Electronics,Smartwatch,1,14467.96,15,UPI,Retail Store,Delivered,2023-01-25
ORD01322,2026-08-02,CUST0050,Ahmedabad,West,Consumer,Electronics,Headphones,2,8731.48,10,Credit Card,Online,Returned,2023-12-17
ORD01323,2026-03-31,CUST0703,Ahmedabad,West,Consumer,Electronics,Smartphone,1,33210.13,20,UPI,Retail Store,Delivered,2023-12-19
ORD01324,2025-11-28,CUST0486,Chennai,South,Small Business,Beauty,Skincare Kit,3,2967.27,5,UPI,Marketplace,Delivered,2024-02-12
ORD01325,2025-12-14,CUST0039,Mumbai,West,Small Business,Fashion,Dress,1,3238.8,15,Cash on Delivery,Marketplace,Delivered,2024-11-20
ORD01326,2025-08-21,CUST0712,Kolkata,East,Corporate,Fashion,Jacket,3,4659.62,15,Credit Card,Retail Store,Returned,2024-08-07
ORD01327,2026-08-21,CUST0018,Mumbai,West,Consumer,Home Appliances,Microwave,1,15971.21,20,Debit Card,Marketplace,Delivered,2024-11-01
ORD01328,2025-04-12,CUST0940,Hyderabad,South,Corporate,Beauty,Perfume,4,7554.65,10,UPI,Online,Delivered,2024-10-01
ORD01329,2026-04-26,CUST0372,Coimbatore,South,Consumer,Fashion,T-Shirt,3,508.96,5,Credit Card,Online,Delivered,2023-09-17
ORD01330,2025-08-02,CUST0053,Hyderabad,South,Small Business,Fashion,Jacket,4,4160.05,5,UPI,Online,Returned,2023-03-25
ORD01331,2025-04-18,CUST0720,Pune,West,Consumer,Furniture,Sofa,4,20850.29,20,Credit Card,Retail Store,Delivered,2025-06-06
ORD01332,2025-06-14,CUST0494,Coimbatore,South,Small Business,Electronics,Tablet,4,12782.29,10,Debit Card,Retail Store,Returned,2023-03-31
ORD01333,2026-08-26,CUST1165,Coimbatore,South,Corporate,Electronics,Headphones,1,14033.68,15,Credit Card,Retail Store,Delivered,2024-08-28
ORD01334,2025-12-01,CUST0667,Pune,West,Consumer,Electronics,Smartwatch,4,3555.6,10,UPI,Online,Delivered,2023-01-27
ORD01335,2025-03-27,CUST0321,Kochi,South,Small Business,Fashion,Shoes,3,5483.78,15,Net Banking,Online,Delivered,2024-02-01
ORD01336,2026-02-28,CUST0848,Ahmedabad,West,Corporate,Furniture,Bookshelf,2,11491.46,10,Net Banking,Marketplace,Delivered,2024-03-24
ORD01337,2026-09-05,CUST0314,Kochi,South,Consumer,Electronics,Laptop,1,64077.4,20,Net Banking,Retail Store,Delivered,2024-10-27
ORD01338,2025-12-30,CUST1075,Delhi,North,Consumer,Furniture,Office Chair,1,14511.19,10,Debit Card,Retail Store,Delivered,2024-08-09
ORD01339,2025-03-01,CUST0470,Kolkata,East,Consumer,Electronics,Headphones,2,11702.86,10,Credit Card,Marketplace,Returned,2023-06-30
ORD01340,2026-04-27,CUST0672,Ahmedabad,West,Corporate,Home Appliances,Air Conditioner,5,46716.47,15,Debit Card,Retail Store,Delivered,2023-08-03
ORD01341,2025-09-07,CUST0059,Hyderabad,South,Small Business,Home Appliances,Mixer,2,7264.44,15,UPI,Online,Delivered,2023-01-25
ORD01342,2026-07-14,CUST0522,Pune,West,Small Business,Beauty,Perfume,3,6143.65,0,Credit Card,Online,Delivered,2024-10-17
ORD01343,2025-04-27,CUST0984,Delhi,North,Corporate,Furniture,Office Chair,1,12079.28,25,Debit Card,Retail Store,Delivered,2023-01-17
ORD01344,2026-06-29,CUST0959,Coimbatore,South,Consumer,Home Appliances,Mixer,1,8464.8,0,UPI,Retail Store,Returned,2023-11-03
ORD01345,2025-02-13,CUST0243,Chennai,South,Consumer,Beauty,Hair Dryer,1,5379.61,20,Debit Card,Online,Delivered,2023-10-02
ORD01346,2026-05-24,CUST0245,Pune,West,Consumer,Beauty,Face Serum,1,1621.62,0,UPI,Retail Store,Delivered,2025-04-06
ORD01347,2025-06-14,CUST0970,Hyderabad,South,Consumer,Home Appliances,Air Conditioner,1,57272.67,15,UPI,Online,Delivered,2024-07-26
ORD01348,2026-01-03,CUST1111,Kochi,South,Consumer,Electronics,Headphones,2,12966.58,0,UPI,Online,Delivered,2023-08-07
ORD01349,2025-10-19,CUST0112,Delhi,North,Consumer,Electronics,Tablet,1,46421.39,15,UPI,Online,Delivered,2024-12-17
ORD01350,2025-10-13,CUST0549,Coimbatore,South,Small Business,Fashion,Shoes,3,8782.92,5,UPI,Online,Delivered,2023-08-28
ORD01351,2025-07-23,CUST0419,Bengaluru,South,Corporate,Electronics,Headphones,1,2623.8,25,UPI,Retail Store,Delivered,2023-06-02
ORD01352,2026-06-08,CUST1035,Bengaluru,South,Small Business,Beauty,Face Serum,1,2910.73,5,Debit Card,Retail Store,Delivered,2025-03-11
ORD01353,2025-05-01,CUST0103,Hyderabad,South,Corporate,Fashion,T-Shirt,1,958.31,5,Debit Card,Marketplace,Delivered,2025-05-17
ORD01354,2025-07-07,CUST0233,Ahmedabad,West,Corporate,Fashion,Shoes,3,3602.42,15,Credit Card,Online,Delivered,2023-06-25
ORD01355,2025-01-13,CUST0890,Kolkata,East,Small Business,Home Appliances,Microwave,1,18605.06,20,Credit Card,Marketplace,Delivered,2024-03-09
ORD01356,2026-08-26,CUST0061,Chennai,South,Consumer,Furniture,Sofa,4,58930.07,10,Debit Card,Online,Delivered,2023-04-13
ORD01357,2025-07-19,CUST0609,Mumbai,West,Consumer,Beauty,Face Serum,1,1874.94,10,Cash on Delivery,Online,Delivered,2023-07-14
ORD01358,2026-08-09,CUST0540,Delhi,North,Consumer,Fashion,Jeans,4,2368.24,15,Cash on Delivery,Marketplace,Delivered,2023-02-02
ORD01359,2026-04-01,CUST0414,Kochi,South,Consumer,Beauty,Perfume,2,1236.26,5,UPI,Online,Delivered,2025-05-02
ORD01360,2026-03-24,CUST0487,Hyderabad,South,Consumer,Fashion,Jacket,2,3066.31,20,Net Banking,Online,Cancelled,2024-06-02
ORD01361,2025-03-12,CUST0651,Pune,West,Corporate,Fashion,T-Shirt,2,1712.39,15,UPI,Marketplace,Delivered,2023-03-07
ORD01362,2026-08-13,CUST0185,Coimbatore,South,Consumer,Fashion,Jeans,3,2118.45,5,UPI,Online,Delivered,2023-03-07
ORD01363,2025-05-10,CUST0703,Bengaluru,South,Small Business,Furniture,Office Chair,4,10120.17,10,Cash on Delivery,Retail Store,Delivered,2023-12-19
ORD01364,2025-02-12,CUST0959,Kochi,South,Consumer,Furniture,Bed,2,33929.9,0,Net Banking,Marketplace,Delivered,2023-11-03
ORD01365,2026-06-04,CUST0904,Pune,West,Consumer,Fashion,T-Shirt,2,1756.71,0,Credit Card,Online,Delivered,2025-06-13
ORD01366,2025-01-13,CUST0175,Chennai,South,Consumer,Furniture,Sofa,1,59854.39,5,Net Banking,Online,Delivered,2025-05-14
ORD01367,2026-09-15,CUST0168,Mumbai,West,Consumer,Furniture,Bookshelf,1,16920.06,5,Debit Card,Marketplace,Delivered,2023-11-01
ORD01368,2026-06-19,CUST0312,Ahmedabad,West,Corporate,Home Appliances,Refrigerator,1,43835.61,0,UPI,Retail Store,Delivered,2024-11-09
ORD01369,2025-10-29,CUST0458,Bengaluru,South,Consumer,Electronics,Smartphone,1,33450.79,5,Net Banking,Online,Delivered,2025-02-24
ORD01370,2026-06-11,CUST0504,Kolkata,East,Consumer,Home Appliances,Refrigerator,1,52338.71,15,UPI,Online,Cancelled,2024-04-25
ORD01371,2026-07-27,CUST0826,Pune,West,Consumer,Furniture,Office Chair,1,9134.71,10,Net Banking,Online,Delivered,2024-08-02
ORD01372,2025-04-25,CUST0067,Hyderabad,South,Corporate,Beauty,Skincare Kit,1,1227.04,10,Debit Card,Retail Store,Delivered,2025-02-22
ORD01373,2026-04-05,CUST0044,Bengaluru,South,Corporate,Furniture,Office Chair,2,18097.53,10,UPI,Online,Delivered,2023-09-16
ORD01374,2026-05-20,CUST0485,Pune,West,Consumer,Beauty,Perfume,1,3130.04,10,Credit Card,Online,Delivered,2024-11-02
ORD01375,2025-11-04,CUST0842,Mumbai,West,Consumer,Home Appliances,Microwave,3,21381.67,25,UPI,Marketplace,Delivered,2024-01-29
ORD01376,2025-11-21,CUST0221,Coimbatore,South,Small Business,Fashion,Jacket,5,5671.03,10,Net Banking,Online,Delivered,2023-12-30
ORD01377,2026-08-02,CUST0776,Kolkata,East,Small Business,Beauty,Perfume,2,3853.71,25,UPI,Marketplace,Delivered,2023-07-07
ORD01378,2025-06-24,CUST0298,Delhi,North,Consumer,Electronics,Laptop,2,55075.47,10,Debit Card,Retail Store,Delivered,2025-02-19
ORD01379,2026-05-29,CUST1055,Kolkata,East,Consumer,Fashion,Dress,2,1506.36,0,UPI,Marketplace,Returned,2023-11-17
ORD01380,2025-06-21,CUST1065,Chennai,South,Corporate,Electronics,Tablet,3,40617.79,5,UPI,Online,Delivered,2024-01-28
ORD01381,2026-05-17,CUST0362,Chennai,South,Consumer,Home Appliances,Mixer,1,5974.28,15,Net Banking,Retail Store,Delivered,2023-08-05
ORD01382,2025-11-30,CUST0247,Mumbai,West,Consumer,Home Appliances,Mixer,2,7603.54,15,Credit Card,Online,Delivered,2025-05-14
ORD01383,2025-10-11,CUST0506,Ahmedabad,West,Consumer,Home Appliances,Washing Machine,1,33749.96,10,Credit Card,Online,Returned,2024-05-15
ORD01384,2026-04-20,CUST0260,Hyderabad,South,Corporate,Home Appliances,Mixer,1,5874.97,10,UPI,Marketplace,Delivered,2024-11-16
ORD01385,2025-02-23,CUST0817,Hyderabad,South,Consumer,Beauty,Makeup Kit,1,2927.42,0,Debit Card,Online,Delivered,2023-04-09
ORD01386,2026-04-03,CUST0973,Chennai,South,Consumer,Home Appliances,Microwave,5,19646.65,5,Credit Card,Online,Delivered,2024-11-17
ORD01387,2026-08-02,CUST0818,Delhi,North,Corporate,Furniture,Dining Table,2,50593.44,20,UPI,Online,Delivered,2025-04-09
ORD01388,2026-02-24,CUST0973,Chennai,South,Consumer,Beauty,Hair Dryer,1,3234.6,15,UPI,Online,Delivered,2024-11-17
ORD01389,2026-09-06,CUST0494,Hyderabad,South,Small Business,Beauty,Skincare Kit,2,1958.78,5,Debit Card,Retail Store,Delivered,2023-03-31
ORD01390,2026-09-24,CUST0179,Pune,West,Consumer,Fashion,Shoes,3,6027.98,10,Credit Card,Retail Store,Delivered,2025-04-27
ORD01391,2026-02-13,CUST0883,Coimbatore,South,Consumer,Home Appliances,Mixer,1,3698.83,5,Credit Card,Marketplace,Delivered,2024-06-08
ORD01392,2025-10-31,CUST0456,Coimbatore,South,Small Business,Home Appliances,Air Conditioner,1,38304.67,0,UPI,Retail Store,Delivered,2023-03-03
ORD01393,2026-07-13,CUST0815,Delhi,North,Corporate,Electronics,Smartwatch,1,13085.08,15,Credit Card,Online,Cancelled,2025-05-05
ORD01394,2025-08-10,CUST0314,Kolkata,East,Corporate,Electronics,Tablet,3,43023.69,0,Debit Card,Retail Store,Delivered,2024-10-27
ORD01395,2026-06-17,CUST0100,Hyderabad,South,Consumer,Electronics,Smartwatch,1,7918.6,0,UPI,Online,Delivered,2024-08-31
ORD01396,2025-06-07,CUST1192,Kochi,South,Consumer,Beauty,Perfume,4,7154.4,5,UPI,Retail Store,Returned,2023-01-24
ORD01397,2025-12-14,CUST0179,Pune,West,Small Business,Electronics,Smartwatch,1,18841.21,15,UPI,Online,Delivered,2025-04-27
ORD01398,2025-06-08,CUST1188,Kolkata,East,Consumer,Fashion,Shoes,3,4990.1,15,Credit Card,Retail Store,Delivered,2023-01-19
ORD01399,2025-08-23,CUST1173,Delhi,North,Consumer,Electronics,Laptop,3,54302.57,10,Net Banking,Online,Delivered,2023-04-07
ORD01400,2026-02-09,CUST0948,Delhi,North,Corporate,Furniture,Dining Table,1,30627.98,15,UPI,Online,Delivered,2023-01-05
ORD01401,2025-09-14,CUST0797,Coimbatore,South,Consumer,Fashion,Jeans,2,3037.1,10,Cash on Delivery,Online,Delivered,2023-05-30
ORD01402,2026-08-12,CUST0707,Bengaluru,South,Corporate,Beauty,Hair Dryer,1,2666.91,15,Cash on Delivery,Online,Delivered,2025-02-28
ORD01403,2026-08-20,CUST1028,Mumbai,West,Consumer,Beauty,Makeup Kit,2,1059.43,15,Credit Card,Online,Delivered,2023-07-14
ORD01404,2026-07-12,CUST0348,Hyderabad,South,Consumer,Home Appliances,Refrigerator,2,66798.07,5,Credit Card,Online,Delivered,2024-01-13
ORD01405,2025-02-16,CUST0568,Hyderabad,South,Consumer,Furniture,Office Chair,3,15696.56,25,UPI,Retail Store,Delivered,2023-03-25
ORD01406,2025-08-01,CUST0755,Coimbatore,South,Consumer,Furniture,Bookshelf,1,22152.05,0,Credit Card,Marketplace,Delivered,2024-07-18
ORD01407,2026-04-24,CUST0506,Kochi,South,Small Business,Electronics,Headphones,1,1502.63,20,UPI,Online,Delivered,2024-05-15
ORD01408,2026-05-02,CUST0524,Mumbai,West,Small Business,Electronics,Tablet,2,33344.95,0,Cash on Delivery,Marketplace,Delivered,2024-11-05
ORD01409,2026-07-25,CUST0406,Chennai,South,Small Business,Electronics,Headphones,5,13466.84,15,Credit Card,Online,Delivered,2023-10-16
ORD01410,2026-07-20,CUST0698,Mumbai,West,Consumer,Home Appliances,Refrigerator,1,61622.26,10,UPI,Online,Delivered,2024-04-01
ORD01411,2025-12-08,CUST1014,Bengaluru,South,Consumer,Beauty,Perfume,1,3257.71,10,Net Banking,Online,Delivered,2023-12-02
ORD01412,2026-06-08,CUST0227,Ahmedabad,West,Consumer,Electronics,Smartwatch,3,11296.45,15,Net Banking,Marketplace,Delivered,2024-08-26
ORD01413,2026-05-18,CUST1119,Mumbai,West,Consumer,Electronics,Laptop,1,95025.55,5,UPI,Retail Store,Delivered,2023-12-13
ORD01414,2025-01-06,CUST0834,Bengaluru,South,Small Business,Home Appliances,Mixer,1,5318.17,5,Credit Card,Retail Store,Delivered,2023-05-03
ORD01415,2025-05-24,CUST0972,Hyderabad,South,Consumer,Home Appliances,Washing Machine,1,37415.91,10,Cash on Delivery,Marketplace,Delivered,2023-05-02
ORD01416,2025-09-18,CUST0684,Hyderabad,South,Consumer,Beauty,Hair Dryer,1,4095.08,10,Credit Card,Online,Delivered,2023-12-03
ORD01417,2026-08-08,CUST0929,Kolkata,East,Corporate,Beauty,Skincare Kit,3,4511.14,10,UPI,Online,Returned,2023-07-04
ORD01418,2025-08-20,CUST0025,Delhi,North,Consumer,Electronics,Headphones,4,7164.63,20,UPI,Online,Delivered,2024-09-05
ORD01419,2025-09-27,CUST0971,Mumbai,West,Small Business,Beauty,Face Serum,2,848.98,5,Credit Card,Online,Delivered,2024-07-15
ORD01420,2026-03-23,CUST0053,Pune,West,Consumer,Beauty,Face Serum,5,919.59,20,UPI,Online,Delivered,2023-03-25
ORD01421,2025-08-10,CUST1060,Chennai,South,Small Business,Electronics,Headphones,2,11691.68,15,UPI,Online,Delivered,2024-03-31
ORD01422,2025-02-21,CUST1192,Kochi,South,Consumer,Home Appliances,Refrigerator,2,25004.96,0,Credit Card,Marketplace,Delivered,2023-01-24
ORD01423,2025-04-26,CUST0356,Coimbatore,South,Consumer,Furniture,Sofa,3,69178.57,20,Net Banking,Retail Store,Delivered,2023-03-11
ORD01424,2026-06-22,CUST0233,Chennai,South,Consumer,Furniture,Sofa,3,77803.52,20,UPI,Online,Delivered,2023-06-25
ORD01425,2026-07-19,CUST0911,Kochi,South,Corporate,Home Appliances,Mixer,2,4415.05,0,UPI,Retail Store,Cancelled,2024-05-24
ORD01426,2026-06-25,CUST0281,Chennai,South,Corporate,Electronics,Laptop,1,92217.74,5,Cash on Delivery,Marketplace,Returned,2025-04-13
ORD01427,2025-01-19,CUST1028,Coimbatore,South,Small Business,Electronics,Smartwatch,3,18513.86,10,UPI,Marketplace,Delivered,2023-07-14
ORD01428,2026-01-27,CUST0116,Ahmedabad,West,Corporate,Electronics,Smartphone,1,50011.83,10,UPI,Marketplace,Delivered,2024-03-25
ORD01429,2026-09-21,CUST0142,Coimbatore,South,Consumer,Home Appliances,Washing Machine,1,59139.79,10,Debit Card,Online,Delivered,2024-04-13
ORD01430,2026-09-10,CUST1173,Coimbatore,South,Small Business,Beauty,Face Serum,2,2071.45,10,UPI,Marketplace,Delivered,2023-04-07
ORD01431,2026-02-23,CUST0818,Ahmedabad,West,Small Business,Electronics,Tablet,2,48350.22,10,Debit Card,Retail Store,Returned,2025-04-09
ORD01432,2025-11-05,CUST1008,Hyderabad,South,Consumer,Home Appliances,Washing Machine,3,40921.67,10,Credit Card,Online,Delivered,2023-10-19
ORD01433,2025-07-05,CUST0398,Hyderabad,South,Small Business,Home Appliances,Refrigerator,3,50304.35,20,Credit Card,Online,Delivered,2023-09-17
ORD01434,2025-09-18,CUST0819,Hyderabad,South,Corporate,Beauty,Perfume,3,7335.47,5,UPI,Online,Delivered,2023-12-29
ORD01435,2026-06-12,CUST0733,Delhi,North,Corporate,Beauty,Makeup Kit,3,2698.7,10,Net Banking,Online,Delivered,2024-08-22
ORD01436,2025-09-30,CUST0742,Coimbatore,South,Corporate,Furniture,Bed,2,58046.83,15,Debit Card,Marketplace,Delivered,2023-07-28
ORD01437,2025-06-09,CUST0831,Kolkata,East,Corporate,Home Appliances,Mixer,1,6221.49,5,Debit Card,Retail Store,Delivered,2023-08-13
ORD01438,2025-08-12,CUST0704,Kolkata,East,Small Business,Furniture,Bed,2,49934.95,10,Debit Card,Online,Delivered,2025-03-04
ORD01439,2025-09-13,CUST0525,Delhi,North,Consumer,Home Appliances,Mixer,1,5127.56,0,UPI,Online,Delivered,2024-07-18
ORD01440,2025-06-29,CUST0325,Kochi,South,Consumer,Home Appliances,Microwave,2,20372.36,15,Credit Card,Marketplace,Delivered,2024-02-20
ORD01441,2025-01-20,CUST0916,Kochi,South,Consumer,Fashion,Jacket,2,6661.53,20,Debit Card,Online,Delivered,2023-10-20
ORD01442,2026-09-16,CUST0245,Kochi,South,Consumer,Furniture,Sofa,1,49818.0,15,Credit Card,Retail Store,Delivered,2025-04-06
ORD01443,2026-09-24,CUST0836,Hyderabad,South,Consumer,Furniture,Office Chair,2,20748.51,10,UPI,Online,Delivered,2023-06-05
ORD01444,2026-04-13,CUST0252,Ahmedabad,West,Consumer,Home Appliances,Microwave,2,19644.99,15,Credit Card,Retail Store,Delivered,2025-02-08
ORD01445,2026-09-15,CUST0760,Ahmedabad,West,Consumer,Home Appliances,Microwave,1,17305.48,15,Credit Card,Marketplace,Delivered,2025-03-29
ORD01446,2025-07-29,CUST0889,Pune,West,Consumer,Beauty,Makeup Kit,2,3586.74,5,Debit Card,Marketplace,Delivered,2025-03-16
ORD01447,2026-05-28,CUST0238,Kolkata,East,Consumer,Furniture,Office Chair,3,18906.98,0,Credit Card,Online,Delivered,2025-05-26
ORD01448,2025-02-27,CUST0071,Kolkata,East,Corporate,Beauty,Perfume,2,3739.19,10,Debit Card,Online,Delivered,2025-03-04
ORD01449,2025-04-03,CUST0147,Chennai,South,Small Business,Furniture,Sofa,3,27039.14,15,Debit Card,Retail Store,Delivered,2023-11-29
ORD01450,2025-08-09,CUST0742,Delhi,North,Small Business,Electronics,Tablet,2,18026.08,20,Credit Card,Online,Delivered,2023-07-28
ORD01451,2025-08-20,CUST1013,Chennai,South,Consumer,Fashion,Shoes,2,3540.29,15,Debit Card,Online,Delivered,2024-06-09
ORD01452,2025-12-30,CUST0055,Kochi,South,Corporate,Fashion,T-Shirt,2,663.73,15,Credit Card,Online,Delivered,2025-03-03
ORD01453,2026-09-07,CUST0876,Coimbatore,South,Consumer,Electronics,Headphones,1,5221.64,25,UPI,Retail Store,Delivered,2024-01-05
ORD01454,2026-07-16,CUST0424,Coimbatore,South,Consumer,Furniture,Bed,3,74866.43,10,UPI,Retail Store,Delivered,2023-07-07
ORD01455,2026-01-09,CUST0590,Kochi,South,Consumer,Electronics,Laptop,1,92345.17,10,UPI,Retail Store,Delivered,2024-10-06
ORD01456,2026-09-14,CUST1108,Coimbatore,South,Consumer,Electronics,Smartwatch,1,4186.92,10,Net Banking,Marketplace,Delivered,2023-08-06
ORD01457,2026-04-01,CUST0410,Kochi,South,Consumer,Furniture,Sofa,4,73984.67,5,UPI,Online,Delivered,2024-05-16
ORD01458,2025-03-29,CUST0567,Mumbai,West,Small Business,Beauty,Hair Dryer,2,3276.64,20,Debit Card,Online,Delivered,2025-04-16
ORD01459,2025-01-20,CUST0025,Pune,West,Consumer,Fashion,Dress,1,4119.2,15,Credit Card,Online,Delivered,2024-09-05
ORD01460,2025-01-14,CUST0100,Kolkata,East,Consumer,Fashion,Jacket,2,6151.28,5,Debit Card,Online,Delivered,2024-08-31
ORD01461,2025-05-13,CUST0296,Delhi,North,Consumer,Furniture,Dining Table,2,32181.23,0,Debit Card,Online,Delivered,2023-07-02
ORD01462,2025-02-03,CUST0038,Coimbatore,South,Consumer,Furniture,Dining Table,5,52885.2,10,Debit Card,Retail Store,Delivered,2023-05-25
ORD01463,2025-07-27,CUST0771,Bengaluru,South,Corporate,Home Appliances,Microwave,2,15513.77,10,Credit Card,Online,Delivered,2024-04-18
ORD01464,2025-07-18,CUST0522,Kochi,South,Corporate,Beauty,Face Serum,1,3879.56,10,Debit Card,Marketplace,Returned,2024-10-17
ORD01465,2026-08-15,CUST0671,Mumbai,West,Consumer,Furniture,Sofa,1,38083.03,5,UPI,Online,Delivered,2023-04-06
ORD01466,2026-08-06,CUST0201,Delhi,North,Consumer,Electronics,Laptop,4,53131.03,20,UPI,Marketplace,Delivered,2024-05-22
ORD01467,2025-06-04,CUST0359,Delhi,North,Corporate,Fashion,Shoes,2,9218.1,0,UPI,Retail Store,Cancelled,2023-03-30
ORD01468,2026-08-13,CUST0804,Pune,West,Small Business,Beauty,Hair Dryer,1,3715.96,10,Credit Card,Retail Store,Delivered,2023-08-07
ORD01469,2025-03-19,CUST1154,Bengaluru,South,Consumer,Electronics,Smartwatch,2,14165.74,15,UPI,Retail Store,Delivered,2024-06-20
ORD01470,2025-06-21,CUST0059,Pune,West,Consumer,Furniture,Sofa,3,38481.25,5,UPI,Online,Delivered,2023-01-25
ORD01471,2025-10-16,CUST1062,Coimbatore,South,Consumer,Home Appliances,Washing Machine,1,32647.81,15,UPI,Marketplace,Delivered,2024-08-20
ORD01472,2026-06-29,CUST0706,Ahmedabad,West,Consumer,Home Appliances,Mixer,3,6073.04,5,UPI,Online,Returned,2024-11-08
ORD01473,2026-02-24,CUST0698,Chennai,South,Corporate,Fashion,Jacket,3,5957.46,10,UPI,Marketplace,Returned,2024-04-01
ORD01474,2025-01-07,CUST0619,Bengaluru,South,Consumer,Home Appliances,Air Conditioner,3,32919.85,10,UPI,Online,Delivered,2024-08-11
ORD01475,2025-06-09,CUST0084,Mumbai,West,Corporate,Electronics,Headphones,1,11433.46,15,Cash on Delivery,Marketplace,Delivered,2025-03-22
ORD01476,2025-08-28,CUST0108,Pune,West,Corporate,Electronics,Laptop,1,51747.26,10,Net Banking,Marketplace,Delivered,2023-06-11
ORD01477,2026-02-27,CUST0741,Kochi,South,Corporate,Home Appliances,Washing Machine,3,40961.6,0,Credit Card,Marketplace,Delivered,2024-05-04
ORD01478,2026-06-20,CUST0424,Chennai,South,Small Business,Home Appliances,Washing Machine,2,54787.29,10,UPI,Retail Store,Delivered,2023-07-07
ORD01479,2025-03-11,CUST1095,Kochi,South,Consumer,Fashion,Dress,1,1548.51,15,Credit Card,Marketplace,Delivered,2024-09-13
ORD01480,2025-08-04,CUST0500,Coimbatore,South,Consumer,Electronics,Smartwatch,2,22199.79,10,Net Banking,Marketplace,Delivered,2025-03-04
ORD01481,2025-04-14,CUST0167,Kolkata,East,Small Business,Furniture,Bed,3,33717.87,25,UPI,Marketplace,Delivered,2024-02-20
ORD01482,2025-02-23,CUST0854,Chennai,South,Corporate,Fashion,T-Shirt,1,1039.01,0,Net Banking,Online,Delivered,2023-06-26
ORD01483,2025-11-26,CUST0356,Pune,West,Consumer,Fashion,Dress,1,5078.5,15,Credit Card,Online,Delivered,2023-03-11
ORD01484,2025-07-22,CUST0649,Hyderabad,South,Consumer,Electronics,Tablet,4,29458.31,25,Debit Card,Marketplace,Delivered,2024-06-09
ORD01485,2025-10-15,CUST0842,Mumbai,West,Corporate,Furniture,Bed,1,25456.71,5,UPI,Marketplace,Delivered,2024-01-29
ORD01486,2025-02-14,CUST1072,Coimbatore,South,Corporate,Home Appliances,Microwave,2,21998.09,5,Net Banking,Online,Delivered,2024-11-03
ORD01487,2025-07-17,CUST0948,Coimbatore,South,Consumer,Electronics,Smartphone,1,33931.2,5,Debit Card,Retail Store,Returned,2023-01-05
ORD01488,2025-08-04,CUST0818,Bengaluru,South,Consumer,Beauty,Skincare Kit,3,2907.89,15,Cash on Delivery,Marketplace,Delivered,2025-04-09
ORD01489,2026-04-26,CUST0826,Chennai,South,Small Business,Electronics,Laptop,2,50642.25,15,UPI,Marketplace,Delivered,2024-08-02
ORD01490,2025-11-05,CUST1126,Pune,West,Consumer,Home Appliances,Air Conditioner,3,49172.46,10,Debit Card,Online,Delivered,2024-03-03
ORD01491,2026-03-11,CUST0359,Chennai,South,Corporate,Fashion,Dress,2,1944.43,0,UPI,Marketplace,Delivered,2023-03-30
ORD01492,2025-11-28,CUST0002,Coimbatore,South,Consumer,Beauty,Makeup Kit,1,3096.38,15,UPI,Retail Store,Delivered,2023-06-22
ORD01493,2025-01-27,CUST0314,Ahmedabad,West,Small Business,Beauty,Perfume,1,4257.21,20,Credit Card,Online,Delivered,2024-10-27
ORD01494,2025-06-15,CUST0237,Chennai,South,Corporate,Electronics,Laptop,2,86052.28,15,UPI,Online,Delivered,2023-11-25
ORD01495,2025-11-14,CUST0799,Delhi,North,Corporate,Beauty,Perfume,3,7342.41,10,Credit Card,Marketplace,Delivered,2024-11-20
ORD01496,2025-10-01,CUST0771,Kolkata,East,Consumer,Fashion,T-Shirt,3,1735.56,5,UPI,Marketplace,Delivered,2024-04-18
ORD01497,2026-01-18,CUST0731,Bengaluru,South,Corporate,Home Appliances,Air Conditioner,2,63974.99,10,Credit Card,Retail Store,Delivered,2023-09-25
ORD01498,2025-12-31,CUST0025,Mumbai,West,Small Business,Furniture,Office Chair,1,18058.48,25,UPI,Online,Delivered,2024-09-05
ORD01499,2025-04-13,CUST0871,Bengaluru,South,Consumer,Fashion,T-Shirt,2,1806.51,5,Cash on Delivery,Retail Store,Delivered,2023-07-13
ORD01500,2026-05-18,CUST0395,Ahmedabad,West,Corporate,Fashion,Jacket,3,6446.52,10,Credit Card,Online,Delivered,2023-07-05
ORD01501,2026-01-08,CUST0805,Kolkata,East,Consumer,Beauty,Makeup Kit,1,2835.01,10,Debit Card,Online,Delivered,2025-03-24
ORD01502,2026-09-08,CUST0685,Mumbai,West,Consumer,Beauty,Skincare Kit,2,3075.96,20,UPI,Online,Delivered,2024-05-10
ORD01503,2025-09-02,CUST0426,Chennai,South,Consumer,Furniture,Bookshelf,2,6555.11,5,Debit Card,Online,Delivered,2023-05-11
ORD01504,2025-06-18,CUST0153,Ahmedabad,West,Consumer,Fashion,Dress,2,3036.18,5,Credit Card,Online,Delivered,2025-02-04
ORD01505,2026-09-20,CUST0112,Kochi,South,Consumer,Fashion,Jeans,3,4830.16,5,Credit Card,Online,Delivered,2024-12-17
ORD01506,2026-02-22,CUST0981,Kolkata,East,Small Business,Furniture,Office Chair,1,21124.55,0,Debit Card,Online,Delivered,2024-12-02
ORD01507,2025-12-22,CUST1095,Kolkata,East,Consumer,Fashion,Jacket,4,1822.62,20,UPI,Online,Delivered,2024-09-13
ORD01508,2026-04-23,CUST0790,Bengaluru,South,Small Business,Beauty,Face Serum,5,1966.49,15,Debit Card,Online,Delivered,2023-09-14
ORD01509,2025-05-05,CUST0117,Kochi,South,Corporate,Home Appliances,Microwave,1,22082.2,20,UPI,Online,Delivered,2023-04-27
ORD01510,2026-06-21,CUST0497,Kochi,South,Corporate,Home Appliances,Washing Machine,3,47316.16,10,UPI,Online,Delivered,2024-11-01
ORD01511,2026-09-04,CUST0871,Coimbatore,South,Consumer,Fashion,Jeans,3,4290.53,15,UPI,Retail Store,Delivered,2023-07-13
ORD01512,2026-02-06,CUST0929,Bengaluru,South,Small Business,Home Appliances,Mixer,1,6977.13,15,Credit Card,Retail Store,Delivered,2023-07-04
ORD01513,2026-06-01,CUST0132,Coimbatore,South,Corporate,Electronics,Smartwatch,1,16964.38,15,UPI,Retail Store,Delivered,2023-10-14
ORD01514,2026-06-15,CUST0001,Coimbatore,South,Small Business,Home Appliances,Mixer,1,7223.83,0,UPI,Online,Delivered,2023-08-26
ORD01515,2025-09-11,CUST0851,Bengaluru,South,Consumer,Home Appliances,Air Conditioner,1,45082.6,10,Credit Card,Online,Delivered,2023-12-11
ORD01516,2025-05-01,CUST0449,Hyderabad,South,Small Business,Beauty,Makeup Kit,3,3848.64,15,Credit Card,Marketplace,Delivered,2025-03-24
ORD01517,2025-02-01,CUST0285,Pune,West,Consumer,Electronics,Smartwatch,1,23249.53,15,Net Banking,Online,Delivered,2023-08-01
ORD01518,2025-02-06,CUST0023,Bengaluru,South,Consumer,Home Appliances,Washing Machine,1,36156.71,15,UPI,Marketplace,Delivered,2024-01-15
ORD01519,2025-12-08,CUST0661,Bengaluru,South,Consumer,Fashion,Dress,3,3795.73,15,Debit Card,Online,Delivered,2025-06-15
ORD01520,2025-01-13,CUST1014,Ahmedabad,West,Consumer,Fashion,T-Shirt,1,1893.98,10,UPI,Online,Delivered,2023-12-02
ORD01521,2025-07-02,CUST1142,Mumbai,West,Consumer,Furniture,Office Chair,1,24408.06,10,UPI,Online,Delivered,2023-05-06
ORD01522,2025-09-22,CUST0700,Hyderabad,South,Small Business,Electronics,Laptop,1,64368.13,15,UPI,Retail Store,Delivered,2025-04-02
ORD01523,2025-03-29,CUST0633,Delhi,North,Corporate,Fashion,Jeans,5,2386.0,20,UPI,Online,Delivered,2023-04-17
ORD01524,2026-04-07,CUST0104,Coimbatore,South,Small Business,Fashion,Jeans,2,1115.26,15,Net Banking,Retail Store,Delivered,2025-01-08
ORD01525,2025-02-15,CUST0671,Hyderabad,South,Consumer,Beauty,Perfume,1,4358.74,20,UPI,Online,Delivered,2023-04-06
ORD01526,2026-01-27,CUST0472,Pune,West,Consumer,Electronics,Tablet,1,40758.85,0,UPI,Online,Returned,2024-01-23
ORD01527,2025-04-29,CUST0742,Pune,West,Corporate,Electronics,Laptop,2,86988.82,10,Credit Card,Online,Delivered,2023-07-28
ORD01528,2026-06-15,CUST0483,Delhi,North,Small Business,Beauty,Skincare Kit,5,4139.44,10,Credit Card,Marketplace,Delivered,2023-08-05
ORD01529,2026-03-23,CUST0260,Coimbatore,South,Consumer,Fashion,Shoes,2,2404.69,10,Credit Card,Online,Delivered,2024-11-16
ORD01530,2026-08-29,CUST0112,Coimbatore,South,Small Business,Beauty,Face Serum,2,3723.66,25,Credit Card,Online,Delivered,2024-12-17
ORD01531,2025-02-15,CUST0376,Pune,West,Consumer,Electronics,Laptop,1,93543.26,20,UPI,Marketplace,Delivered,2024-09-01
ORD01532,2026-05-23,CUST0112,Coimbatore,South,Consumer,Home Appliances,Refrigerator,2,44724.72,5,Credit Card,Marketplace,Delivered,2024-12-17
ORD01533,2026-07-12,CUST0202,Kochi,South,Corporate,Fashion,Jeans,1,4698.76,20,UPI,Retail Store,Delivered,2025-04-28
ORD01534,2026-06-10,CUST1185,Mumbai,West,Consumer,Electronics,Headphones,3,1836.22,5,UPI,Marketplace,Returned,2025-01-12
ORD01535,2026-08-20,CUST0547,Delhi,North,Consumer,Furniture,Bed,3,59512.89,15,UPI,Online,Delivered,2023-12-17
ORD01536,2025-01-03,CUST0656,Kolkata,East,Consumer,Beauty,Perfume,1,7475.9,25,Credit Card,Marketplace,Delivered,2024-12-07
ORD01537,2025-01-28,CUST1037,Hyderabad,South,Corporate,Electronics,Smartphone,2,16134.83,5,Cash on Delivery,Online,Delivered,2024-11-24
ORD01538,2026-01-16,CUST1199,Coimbatore,South,Corporate,Fashion,Jacket,1,4098.11,10,UPI,Marketplace,Delivered,2024-05-18
ORD01539,2025-06-06,CUST0711,Ahmedabad,West,Small Business,Home Appliances,Washing Machine,2,53676.05,5,UPI,Marketplace,Delivered,2024-03-25
ORD01540,2026-05-26,CUST0969,Mumbai,West,Consumer,Fashion,T-Shirt,1,1409.43,10,Credit Card,Retail Store,Cancelled,2023-01-10
ORD01541,2025-11-29,CUST0402,Kolkata,East,Consumer,Fashion,Jacket,1,2649.26,0,Net Banking,Online,Delivered,2024-05-21
ORD01542,2025-04-24,CUST0372,Kochi,South,Corporate,Home Appliances,Mixer,1,8339.25,10,Debit Card,Retail Store,Delivered,2023-09-17
ORD01543,2026-01-24,CUST0498,Ahmedabad,West,Consumer,Fashion,T-Shirt,2,1425.68,10,UPI,Marketplace,Delivered,2023-07-21
ORD01544,2026-05-02,CUST0817,Bengaluru,South,Consumer,Fashion,T-Shirt,1,2152.28,25,Credit Card,Online,Delivered,2023-04-09
ORD01545,2025-09-07,CUST0831,Kochi,South,Consumer,Electronics,Tablet,4,29150.59,20,UPI,Online,Returned,2023-08-13
ORD01546,2026-07-25,CUST0376,Hyderabad,South,Consumer,Electronics,Tablet,3,19609.24,10,UPI,Retail Store,Delivered,2024-09-01
ORD01547,2025-11-11,CUST0150,Delhi,North,Small Business,Electronics,Headphones,2,3631.44,15,UPI,Online,Delivered,2024-02-17
ORD01548,2025-08-27,CUST0771,Pune,West,Small Business,Furniture,Bookshelf,2,24843.95,10,UPI,Retail Store,Delivered,2024-04-18
ORD01549,2025-08-22,CUST0147,Chennai,South,Consumer,Beauty,Makeup Kit,3,5986.6,0,Credit Card,Online,Delivered,2023-11-29
ORD01550,2025-10-30,CUST0707,Kolkata,East,Consumer,Home Appliances,Washing Machine,2,31332.17,0,Net Banking,Online,Cancelled,2025-02-28
ORD01551,2026-08-30,CUST0837,Pune,West,Small Business,Electronics,Tablet,1,28109.84,15,UPI,Retail Store,Delivered,2023-10-28
ORD01552,2025-11-30,CUST0843,Kolkata,East,Consumer,Electronics,Smartwatch,1,15927.76,10,Credit Card,Online,Delivered,2024-10-13
ORD01553,2025-04-23,CUST0891,Kochi,South,Consumer,Furniture,Dining Table,1,54710.75,15,Cash on Delivery,Retail Store,Delivered,2023-02-07
ORD01554,2026-09-13,CUST1037,Delhi,North,Consumer,Furniture,Office Chair,1,18159.45,20,Net Banking,Online,Returned,2024-11-24
ORD01555,2025-12-28,CUST0619,Bengaluru,South,Small Business,Beauty,Skincare Kit,1,3310.27,20,UPI,Retail Store,Delivered,2024-08-11
ORD01556,2025-04-07,CUST0871,Kolkata,East,Consumer,Beauty,Hair Dryer,1,2516.98,20,Cash on Delivery,Online,Delivered,2023-07-13
ORD01557,2025-01-16,CUST0755,Pune,West,Corporate,Beauty,Perfume,1,2417.84,15,Debit Card,Online,Delivered,2024-07-18
ORD01558,2026-07-10,CUST0216,Mumbai,West,Consumer,Fashion,Jacket,1,2258.56,20,Debit Card,Online,Delivered,2025-06-02
ORD01559,2026-01-11,CUST0037,Pune,West,Consumer,Furniture,Dining Table,2,28076.74,10,Net Banking,Online,Cancelled,2023-07-04
ORD01560,2026-01-25,CUST0343,Mumbai,West,Corporate,Electronics,Headphones,1,13097.18,25,Cash on Delivery,Online,Delivered,2024-10-01
ORD01561,2026-09-12,CUST0542,Delhi,North,Consumer,Home Appliances,Mixer,2,8542.06,20,UPI,Online,Delivered,2023-07-06
ORD01562,2025-08-05,CUST0755,Coimbatore,South,Consumer,Home Appliances,Microwave,4,14868.32,10,Debit Card,Retail Store,Delivered,2024-07-18
ORD01563,2026-02-03,CUST1013,Bengaluru,South,Small Business,Beauty,Makeup Kit,1,1660.12,20,Credit Card,Retail Store,Delivered,2024-06-09
ORD01564,2025-09-17,CUST0226,Pune,West,Small Business,Home Appliances,Washing Machine,3,50475.57,15,Net Banking,Marketplace,Delivered,2023-10-03
ORD01565,2025-11-16,CUST0142,Delhi,North,Corporate,Electronics,Laptop,2,58029.04,20,UPI,Retail Store,Delivered,2024-04-13
ORD01566,2025-07-15,CUST1153,Hyderabad,South,Consumer,Furniture,Bed,1,30219.96,10,Net Banking,Retail Store,Delivered,2023-03-23
ORD01567,2026-04-23,CUST0123,Mumbai,West,Consumer,Beauty,Makeup Kit,3,4229.31,5,UPI,Online,Delivered,2023-07-08
ORD01568,2026-02-22,CUST0590,Ahmedabad,West,Consumer,Fashion,Dress,2,2796.64,15,Debit Card,Marketplace,Delivered,2024-10-06
ORD01569,2026-04-20,CUST0714,Delhi,North,Small Business,Fashion,Dress,2,1870.91,5,Credit Card,Retail Store,Delivered,2023-02-20
ORD01570,2026-08-30,CUST0663,Hyderabad,South,Consumer,Fashion,Dress,2,1993.04,15,UPI,Online,Delivered,2024-07-02
ORD01571,2026-07-22,CUST0105,Coimbatore,South,Small Business,Fashion,Jeans,2,3077.5,25,Debit Card,Retail Store,Delivered,2024-10-18
ORD01572,2026-06-28,CUST0069,Delhi,North,Consumer,Beauty,Perfume,1,1766.62,5,Net Banking,Retail Store,Delivered,2023-11-28
ORD01573,2025-08-19,CUST0120,Bengaluru,South,Consumer,Fashion,T-Shirt,1,1467.78,15,Debit Card,Retail Store,Delivered,2024-12-16
ORD01574,2026-06-05,CUST0714,Chennai,South,Corporate,Electronics,Smartphone,1,69782.09,25,UPI,Retail Store,Delivered,2023-02-20
ORD01575,2025-07-19,CUST0667,Kochi,South,Consumer,Fashion,Shoes,3,8390.51,0,UPI,Online,Delivered,2023-01-27
ORD01576,2026-08-22,CUST0252,Bengaluru,South,Consumer,Fashion,T-Shirt,1,810.99,5,Credit Card,Retail Store,Delivered,2025-02-08
ORD01577,2025-01-21,CUST0772,Mumbai,West,Consumer,Electronics,Headphones,5,14011.85,25,UPI,Marketplace,Delivered,2023-08-11
ORD01578,2025-11-07,CUST0971,Coimbatore,South,Consumer,Electronics,Tablet,1,32431.75,20,Credit Card,Online,Delivered,2024-07-15
ORD01579,2026-08-11,CUST0053,Bengaluru,South,Consumer,Beauty,Skincare Kit,4,1203.42,10,Credit Card,Marketplace,Delivered,2023-03-25
ORD01580,2026-09-30,CUST0616,Chennai,South,Consumer,Fashion,T-Shirt,2,1375.4,0,UPI,Online,Delivered,2023-09-01
ORD01581,2026-08-19,CUST0834,Hyderabad,South,Corporate,Home Appliances,Air Conditioner,2,55198.7,10,UPI,Online,Delivered,2023-05-03
ORD01582,2026-03-10,CUST0281,Bengaluru,South,Small Business,Electronics,Tablet,2,34040.64,5,Cash on Delivery,Retail Store,Delivered,2025-04-13
ORD01583,2026-01-06,CUST0373,Kolkata,East,Consumer,Furniture,Sofa,2,50681.32,10,Debit Card,Online,Delivered,2024-12-28
ORD01584,2026-07-14,CUST0754,Chennai,South,Consumer,Furniture,Bookshelf,2,17068.62,10,Net Banking,Retail Store,Delivered,2024-04-02
ORD01585,2025-03-19,CUST1070,Ahmedabad,West,Small Business,Electronics,Smartwatch,3,14043.32,15,Credit Card,Online,Delivered,2025-01-29
ORD01586,2026-06-26,CUST0962,Kochi,South,Consumer,Beauty,Skincare Kit,2,4239.7,15,Net Banking,Marketplace,Cancelled,2024-06-26
ORD01587,2025-10-12,CUST0712,Kolkata,East,Consumer,Electronics,Tablet,3,42391.77,5,UPI,Marketplace,Delivered,2024-08-07
ORD01588,2025-05-20,CUST0871,Hyderabad,South,Consumer,Furniture,Dining Table,2,36705.53,5,UPI,Marketplace,Delivered,2023-07-13
ORD01589,2026-07-07,CUST0460,Kochi,South,Small Business,Fashion,T-Shirt,3,2132.02,5,Credit Card,Retail Store,Delivered,2023-07-06
ORD01590,2025-10-09,CUST0776,Coimbatore,South,Consumer,Furniture,Office Chair,3,7325.58,15,UPI,Marketplace,Delivered,2023-07-07
ORD01591,2026-07-16,CUST0568,Bengaluru,South,Consumer,Fashion,Jacket,2,7429.16,5,UPI,Online,Delivered,2023-03-25
ORD01592,2025-09-15,CUST0218,Chennai,South,Consumer,Beauty,Hair Dryer,1,2044.08,10,Credit Card,Online,Delivered,2025-06-03
ORD01593,2025-12-26,CUST0844,Ahmedabad,West,Consumer,Furniture,Sofa,1,33973.9,10,Net Banking,Marketplace,Delivered,2024-08-16
ORD01594,2026-03-16,CUST0684,Mumbai,West,Small Business,Home Appliances,Washing Machine,2,33588.17,10,Credit Card,Retail Store,Returned,2023-12-03
ORD01595,2025-09-27,CUST0455,Coimbatore,South,Consumer,Electronics,Headphones,2,10939.4,5,Debit Card,Online,Delivered,2023-10-31
ORD01596,2025-05-14,CUST1088,Ahmedabad,West,Corporate,Fashion,Jeans,1,2345.82,5,UPI,Marketplace,Delivered,2023-09-17
ORD01597,2025-04-14,CUST0026,Mumbai,West,Consumer,Fashion,Jacket,1,1659.94,5,UPI,Marketplace,Delivered,2024-07-16
ORD01598,2025-04-05,CUST0377,Coimbatore,South,Consumer,Fashion,Jacket,2,4406.5,25,Net Banking,Online,Delivered,2024-06-25
ORD01599,2026-07-27,CUST0069,Hyderabad,South,Consumer,Furniture,Dining Table,1,44096.46,15,UPI,Online,Delivered,2023-11-28
ORD01600,2026-04-25,CUST0911,Kochi,South,Consumer,Electronics,Headphones,1,8629.45,15,Credit Card,Online,Delivered,2024-05-24
ORD01601,2025-08-29,CUST0844,Kolkata,East,Consumer,Electronics,Smartwatch,1,10774.36,5,UPI,Marketplace,Delivered,2024-08-16
ORD01602,2025-01-13,CUST0410,Coimbatore,South,Corporate,Fashion,T-Shirt,1,2072.47,10,Debit Card,Online,Delivered,2024-05-16
ORD01603,2025-05-27,CUST0818,Kolkata,East,Small Business,Fashion,Jeans,3,3111.89,0,UPI,Marketplace,Returned,2025-04-09
ORD01604,2026-08-24,CUST0489,Hyderabad,South,Consumer,Electronics,Smartphone,3,20004.02,10,Credit Card,Online,Cancelled,2024-09-29
ORD01605,2025-04-05,CUST0897,Bengaluru,South,Consumer,Furniture,Office Chair,2,24395.58,10,Credit Card,Retail Store,Cancelled,2024-07-13
ORD01606,2025-10-20,CUST0557,Coimbatore,South,Consumer,Electronics,Laptop,4,77471.01,20,Net Banking,Retail Store,Delivered,2024-03-25
ORD01607,2025-01-25,CUST0507,Kolkata,East,Consumer,Fashion,Shoes,1,4763.27,25,UPI,Marketplace,Delivered,2024-09-29
ORD01608,2025-09-29,CUST1120,Chennai,South,Consumer,Furniture,Bookshelf,2,21279.83,20,Debit Card,Marketplace,Delivered,2025-03-26
ORD01609,2026-05-20,CUST0279,Kochi,South,Consumer,Electronics,Smartwatch,1,9920.48,10,UPI,Online,Delivered,2023-09-21
ORD01610,2025-06-15,CUST0135,Ahmedabad,West,Small Business,Furniture,Bookshelf,3,12745.61,15,UPI,Online,Delivered,2024-10-02
ORD01611,2025-03-28,CUST0714,Delhi,North,Corporate,Fashion,Jeans,1,4412.65,15,Net Banking,Marketplace,Delivered,2023-02-20
ORD01612,2026-09-30,CUST1158,Hyderabad,South,Consumer,Electronics,Laptop,1,70274.28,20,Net Banking,Retail Store,Delivered,2023-10-05
ORD01613,2026-05-06,CUST0471,Kochi,South,Consumer,Home Appliances,Refrigerator,1,38609.18,0,Cash on Delivery,Online,Delivered,2023-01-25
ORD01614,2025-05-21,CUST0078,Kochi,South,Corporate,Electronics,Smartphone,2,65815.98,15,UPI,Online,Delivered,2023-05-28
ORD01615,2025-04-13,CUST0421,Delhi,North,Small Business,Furniture,Bed,1,31071.56,25,Cash on Delivery,Marketplace,Delivered,2024-10-10
ORD01616,2025-08-14,CUST0623,Bengaluru,South,Consumer,Electronics,Smartwatch,1,17375.21,0,Debit Card,Online,Delivered,2024-07-27
ORD01617,2026-07-29,CUST0185,Ahmedabad,West,Consumer,Home Appliances,Washing Machine,2,30595.82,15,Cash on Delivery,Marketplace,Delivered,2023-03-07
ORD01618,2025-10-21,CUST0797,Delhi,North,Consumer,Home Appliances,Mixer,1,5202.98,15,Net Banking,Online,Delivered,2023-05-30
ORD01619,2025-11-02,CUST1200,Mumbai,West,Small Business,Fashion,Jeans,1,3986.66,5,Net Banking,Online,Delivered,2024-11-02
ORD01620,2025-09-11,CUST0552,Kolkata,East,Consumer,Electronics,Headphones,5,12210.47,10,Credit Card,Retail Store,Delivered,2024-07-18
ORD01621,2025-06-29,CUST0447,Pune,West,Consumer,Fashion,Jeans,1,3326.4,15,Debit Card,Marketplace,Delivered,2024-01-11
ORD01622,2025-02-09,CUST0496,Delhi,North,Small Business,Electronics,Laptop,2,58672.69,10,Credit Card,Online,Delivered,2023-12-31
ORD01623,2026-06-04,CUST0128,Chennai,South,Consumer,Fashion,Dress,1,5075.7,20,Credit Card,Retail Store,Delivered,2025-02-24
ORD01624,2026-09-08,CUST1049,Bengaluru,South,Small Business,Furniture,Bookshelf,2,21710.95,5,UPI,Online,Delivered,2023-08-15
ORD01625,2026-06-30,CUST0511,Coimbatore,South,Consumer,Home Appliances,Refrigerator,1,34338.16,15,Credit Card,Online,Delivered,2024-02-28
ORD01626,2025-08-24,CUST0483,Bengaluru,South,Corporate,Furniture,Sofa,1,58574.03,25,Credit Card,Marketplace,Delivered,2023-08-05
ORD01627,2026-04-08,CUST0797,Hyderabad,South,Consumer,Beauty,Perfume,3,7617.04,15,Debit Card,Online,Returned,2023-05-30
ORD01628,2025-08-16,CUST0540,Delhi,North,Consumer,Fashion,Jeans,2,4302.99,10,Net Banking,Online,Delivered,2023-02-02
ORD01629,2026-04-28,CUST0789,Delhi,North,Consumer,Electronics,Headphones,3,5318.77,0,UPI,Marketplace,Delivered,2025-03-20
ORD01630,2026-03-06,CUST0074,Kolkata,East,Consumer,Fashion,Jeans,1,2615.07,25,UPI,Online,Delivered,2025-05-20
ORD01631,2025-01-22,CUST0970,Ahmedabad,West,Consumer,Fashion,T-Shirt,2,2333.07,10,Credit Card,Marketplace,Delivered,2024-07-26
ORD01632,2025-12-09,CUST1121,Mumbai,West,Corporate,Furniture,Dining Table,2,36481.37,5,Debit Card,Marketplace,Returned,2024-02-18
ORD01633,2025-02-09,CUST0789,Kolkata,East,Small Business,Fashion,Jacket,3,3887.07,5,Net Banking,Marketplace,Delivered,2025-03-20
ORD01634,2025-06-22,CUST1140,Hyderabad,South,Consumer,Beauty,Skincare Kit,1,4575.58,10,Net Banking,Online,Delivered,2025-03-24
ORD01635,2026-03-15,CUST0171,Pune,West,Consumer,Furniture,Sofa,1,64609.4,10,UPI,Online,Delivered,2025-03-23
ORD01636,2025-06-28,CUST0589,Hyderabad,South,Consumer,Electronics,Smartphone,2,36230.18,5,Net Banking,Marketplace,Delivered,2025-01-12
ORD01637,2026-08-21,CUST0742,Delhi,North,Small Business,Home Appliances,Microwave,2,22455.09,10,Debit Card,Retail Store,Delivered,2023-07-28
ORD01638,2025-05-13,CUST0710,Kolkata,East,Small Business,Furniture,Dining Table,1,40594.72,20,UPI,Online,Delivered,2024-02-23
ORD01639,2025-12-17,CUST0496,Hyderabad,South,Consumer,Electronics,Smartwatch,2,6056.12,0,Net Banking,Retail Store,Delivered,2023-12-31
ORD01640,2026-06-09,CUST0420,Ahmedabad,West,Corporate,Beauty,Hair Dryer,1,3931.86,15,UPI,Retail Store,Delivered,2025-04-02
ORD01641,2026-06-24,CUST0144,Hyderabad,South,Small Business,Fashion,T-Shirt,3,801.25,20,Credit Card,Retail Store,Delivered,2023-01-21
ORD01642,2026-05-21,CUST0485,Kochi,South,Consumer,Electronics,Headphones,1,6171.74,10,UPI,Retail Store,Delivered,2024-11-02
ORD01643,2025-03-25,CUST0185,Hyderabad,South,Corporate,Home Appliances,Microwave,3,8418.15,15,Net Banking,Marketplace,Delivered,2023-03-07
ORD01644,2026-04-09,CUST0876,Coimbatore,South,Consumer,Home Appliances,Air Conditioner,2,47158.05,15,UPI,Online,Cancelled,2024-01-05
ORD01645,2025-12-09,CUST0231,Ahmedabad,West,Consumer,Beauty,Perfume,4,2495.92,15,UPI,Retail Store,Delivered,2023-04-18
ORD01646,2025-10-07,CUST0069,Ahmedabad,West,Consumer,Beauty,Makeup Kit,2,2847.75,0,Debit Card,Marketplace,Delivered,2023-11-28
ORD01647,2025-09-20,CUST0674,Coimbatore,South,Small Business,Electronics,Headphones,1,4655.01,0,UPI,Retail Store,Cancelled,2024-10-08
ORD01648,2025-06-15,CUST0734,Chennai,South,Consumer,Home Appliances,Refrigerator,1,43538.31,20,Net Banking,Online,Delivered,2025-04-09
ORD01649,2025-10-20,CUST1036,Bengaluru,South,Corporate,Home Appliances,Mixer,2,6939.49,0,Credit Card,Marketplace,Delivered,2023-10-05
ORD01650,2026-05-24,CUST0706,Bengaluru,South,Consumer,Furniture,Office Chair,2,16549.46,20,Credit Card,Retail Store,Delivered,2024-11-08
ORD01651,2026-08-03,CUST0428,Delhi,North,Small Business,Fashion,T-Shirt,1,521.58,5,Cash on Delivery,Online,Delivered,2024-05-30
ORD01652,2025-08-14,CUST0958,Bengaluru,South,Consumer,Electronics,Smartphone,1,41943.21,15,Debit Card,Online,Delivered,2024-07-28
ORD01653,2025-06-19,CUST0661,Bengaluru,South,Corporate,Home Appliances,Refrigerator,2,53381.49,5,UPI,Online,Delivered,2025-06-15
ORD01654,2026-08-21,CUST0097,Pune,West,Consumer,Furniture,Bed,2,38492.5,0,Credit Card,Retail Store,Delivered,2024-04-10
ORD01655,2026-03-24,CUST0700,Pune,West,Consumer,Furniture,Office Chair,4,6952.17,20,Net Banking,Online,Cancelled,2025-04-02
ORD01656,2026-05-17,CUST1084,Pune,West,Corporate,Home Appliances,Air Conditioner,5,61475.2,5,Credit Card,Online,Delivered,2024-05-14
ORD01657,2026-06-11,CUST0492,Mumbai,West,Consumer,Furniture,Bed,4,47507.57,20,UPI,Marketplace,Delivered,2023-11-21
ORD01658,2026-01-14,CUST0359,Hyderabad,South,Corporate,Furniture,Bed,1,55191.19,0,Debit Card,Retail Store,Delivered,2023-03-30
ORD01659,2025-07-20,CUST0167,Coimbatore,South,Consumer,Fashion,Jeans,1,2968.41,0,Cash on Delivery,Retail Store,Delivered,2024-02-20
ORD01660,2026-09-11,CUST0171,Bengaluru,South,Corporate,Fashion,Shoes,1,7733.95,15,Credit Card,Online,Delivered,2025-03-23
ORD01661,2025-09-07,CUST0528,Chennai,South,Corporate,Home Appliances,Refrigerator,2,61409.47,10,Debit Card,Online,Delivered,2023-09-03
ORD01662,2026-02-13,CUST0738,Ahmedabad,West,Consumer,Home Appliances,Washing Machine,4,25335.5,0,Debit Card,Retail Store,Delivered,2025-04-24
ORD01663,2026-08-24,CUST0099,Mumbai,West,Small Business,Fashion,Shoes,3,3474.49,10,Debit Card,Retail Store,Delivered,2024-02-11
ORD01664,2025-05-05,CUST1121,Bengaluru,South,Corporate,Furniture,Sofa,2,41376.67,10,UPI,Retail Store,Delivered,2024-02-18
ORD01665,2025-04-23,CUST0893,Coimbatore,South,Consumer,Fashion,Dress,3,2737.23,0,Credit Card,Marketplace,Delivered,2024-07-21
ORD01666,2025-05-17,CUST0718,Delhi,North,Consumer,Beauty,Face Serum,2,3377.43,5,Credit Card,Online,Delivered,2024-05-29
ORD01667,2026-05-11,CUST0978,Hyderabad,South,Consumer,Home Appliances,Microwave,1,12117.11,0,Debit Card,Marketplace,Delivered,2024-08-13
ORD01668,2025-05-30,CUST0099,Delhi,North,Consumer,Furniture,Office Chair,1,14822.83,5,Credit Card,Marketplace,Delivered,2024-02-11
ORD01669,2025-12-09,CUST0588,Bengaluru,South,Consumer,Electronics,Tablet,1,29283.88,25,UPI,Marketplace,Delivered,2023-01-04
ORD01670,2026-08-03,CUST0766,Pune,West,Consumer,Fashion,T-Shirt,1,1169.68,0,Cash on Delivery,Retail Store,Delivered,2023-01-25
ORD01671,2025-11-17,CUST0978,Bengaluru,South,Small Business,Fashion,Shoes,3,4705.98,0,UPI,Online,Delivered,2024-08-13
ORD01672,2026-06-16,CUST0936,Ahmedabad,West,Consumer,Beauty,Makeup Kit,4,1209.77,5,Net Banking,Marketplace,Delivered,2024-12-16
ORD01673,2025-10-16,CUST0326,Bengaluru,South,Consumer,Beauty,Perfume,1,3079.97,5,UPI,Retail Store,Delivered,2024-10-18
ORD01674,2026-05-04,CUST1121,Kolkata,East,Corporate,Home Appliances,Mixer,3,4951.0,10,Credit Card,Retail Store,Delivered,2024-02-18
ORD01675,2026-05-07,CUST0140,Hyderabad,South,Consumer,Home Appliances,Washing Machine,5,25924.55,10,Credit Card,Retail Store,Delivered,2023-06-30
ORD01676,2026-09-04,CUST1038,Kolkata,East,Corporate,Fashion,Jeans,4,2534.75,20,Cash on Delivery,Retail Store,Delivered,2024-01-01
ORD01677,2025-09-09,CUST1161,Kochi,South,Consumer,Home Appliances,Mixer,1,9046.59,0,UPI,Retail Store,Delivered,2023-08-12
ORD01678,2025-03-18,CUST0202,Ahmedabad,West,Consumer,Home Appliances,Washing Machine,1,22234.48,5,UPI,Online,Delivered,2025-04-28
ORD01679,2026-01-27,CUST0866,Bengaluru,South,Small Business,Electronics,Laptop,3,69315.29,20,UPI,Retail Store,Delivered,2025-01-27
ORD01680,2026-02-16,CUST0053,Mumbai,West,Consumer,Fashion,Jacket,1,7356.08,5,UPI,Online,Delivered,2023-03-25
ORD01681,2025-06-22,CUST0498,Mumbai,West,Consumer,Home Appliances,Washing Machine,1,36213.12,20,Debit Card,Marketplace,Delivered,2023-07-21
ORD01682,2025-07-20,CUST0633,Coimbatore,South,Consumer,Furniture,Bed,4,32417.47,0,UPI,Online,Delivered,2023-04-17
ORD01683,2025-08-05,CUST0710,Pune,West,Consumer,Fashion,Shoes,2,8136.64,20,UPI,Online,Delivered,2024-02-23
ORD01684,2026-01-11,CUST1121,Ahmedabad,West,Small Business,Home Appliances,Microwave,4,22491.97,25,Net Banking,Retail Store,Delivered,2024-02-18
ORD01685,2026-08-09,CUST0817,Hyderabad,South,Consumer,Electronics,Smartphone,3,46869.24,10,UPI,Online,Delivered,2023-04-09
ORD01686,2025-01-11,CUST0596,Kochi,South,Consumer,Electronics,Headphones,1,14273.7,5,UPI,Online,Delivered,2025-02-13
ORD01687,2025-01-12,CUST0962,Delhi,North,Small Business,Furniture,Bed,3,50283.75,5,UPI,Retail Store,Delivered,2024-06-26
ORD01688,2026-08-13,CUST1135,Delhi,North,Corporate,Furniture,Bed,1,21806.02,15,UPI,Retail Store,Delivered,2024-01-13
ORD01689,2026-03-11,CUST0030,Coimbatore,South,Consumer,Beauty,Makeup Kit,2,1586.45,10,Debit Card,Retail Store,Delivered,2025-03-29
ORD01690,2026-08-31,CUST1176,Hyderabad,South,Small Business,Electronics,Tablet,2,26163.79,0,UPI,Marketplace,Delivered,2023-12-04
ORD01691,2026-01-08,CUST0105,Pune,West,Corporate,Furniture,Bed,1,55436.77,5,Net Banking,Retail Store,Delivered,2024-10-18
ORD01692,2025-09-30,CUST0970,Mumbai,West,Corporate,Fashion,T-Shirt,1,2387.22,15,UPI,Retail Store,Delivered,2024-07-26
ORD01693,2026-07-30,CUST0334,Delhi,North,Small Business,Electronics,Smartphone,1,64536.22,10,UPI,Retail Store,Delivered,2023-03-25
ORD01694,2026-05-24,CUST0148,Pune,West,Consumer,Home Appliances,Air Conditioner,2,42922.14,10,Net Banking,Retail Store,Returned,2024-04-10
ORD01695,2025-05-12,CUST0538,Ahmedabad,West,Small Business,Beauty,Hair Dryer,1,5824.83,10,Debit Card,Retail Store,Delivered,2024-10-28
ORD01696,2025-11-15,CUST0781,Delhi,North,Small Business,Furniture,Sofa,2,58778.56,5,Net Banking,Retail Store,Delivered,2025-03-29
ORD01697,2026-09-13,CUST0472,Kolkata,East,Consumer,Fashion,Dress,1,4598.77,5,Debit Card,Online,Delivered,2024-01-23
ORD01698,2025-06-17,CUST0063,Delhi,North,Consumer,Home Appliances,Air Conditioner,2,34084.41,0,Cash on Delivery,Online,Delivered,2023-08-24
ORD01699,2026-02-01,CUST0740,Coimbatore,South,Consumer,Beauty,Makeup Kit,1,3127.97,10,UPI,Online,Delivered,2023-07-01
ORD01700,2025-06-29,CUST1073,Pune,West,Consumer,Electronics,Smartphone,1,64615.57,5,Cash on Delivery,Retail Store,Delivered,2023-03-12
ORD01701,2025-02-27,CUST0481,Ahmedabad,West,Consumer,Electronics,Headphones,1,10184.55,15,UPI,Retail Store,Delivered,2023-10-01
ORD01702,2026-04-25,CUST0237,Coimbatore,South,Consumer,Furniture,Sofa,1,25800.68,10,Credit Card,Online,Delivered,2023-11-25
ORD01703,2026-08-14,CUST0541,Mumbai,West,Consumer,Beauty,Makeup Kit,1,5167.71,0,UPI,Retail Store,Delivered,2023-03-09
ORD01704,2026-04-05,CUST0057,Mumbai,West,Small Business,Fashion,Shoes,1,7695.59,10,Debit Card,Online,Delivered,2024-01-13
ORD01705,2025-03-02,CUST0971,Delhi,North,Consumer,Beauty,Face Serum,1,2120.86,5,Net Banking,Online,Delivered,2024-07-15
ORD01706,2026-01-04,CUST0974,Chennai,South,Consumer,Fashion,T-Shirt,1,2242.73,10,Cash on Delivery,Retail Store,Delivered,2024-05-27
ORD01707,2025-05-01,CUST0719,Chennai,South,Consumer,Furniture,Office Chair,1,17865.92,10,UPI,Online,Delivered,2023-07-29
ORD01708,2026-06-30,CUST0445,Pune,West,Corporate,Beauty,Perfume,1,3652.06,10,Debit Card,Retail Store,Delivered,2023-11-04
ORD01709,2026-08-05,CUST0953,Hyderabad,South,Consumer,Fashion,Shoes,1,2851.47,25,Credit Card,Online,Returned,2023-09-04
ORD01710,2025-01-17,CUST0679,Ahmedabad,West,Consumer,Beauty,Makeup Kit,1,2663.18,10,UPI,Marketplace,Delivered,2025-05-13
ORD01711,2026-05-11,CUST0973,Bengaluru,South,Corporate,Home Appliances,Refrigerator,2,57598.69,15,UPI,Online,Delivered,2024-11-17
ORD01712,2026-05-12,CUST0771,Hyderabad,South,Consumer,Beauty,Face Serum,2,2109.98,5,Debit Card,Online,Delivered,2024-04-18
ORD01713,2026-05-20,CUST0936,Ahmedabad,West,Consumer,Home Appliances,Microwave,1,22671.49,5,UPI,Online,Delivered,2024-12-16
ORD01714,2026-06-16,CUST0740,Pune,West,Consumer,Home Appliances,Mixer,1,6738.72,5,Credit Card,Retail Store,Cancelled,2023-07-01
ORD01715,2025-11-11,CUST0509,Pune,West,Small Business,Electronics,Headphones,4,13744.68,10,UPI,Online,Delivered,2023-04-13
ORD01716,2025-03-10,CUST1142,Chennai,South,Corporate,Fashion,Shoes,4,3879.27,15,UPI,Online,Delivered,2023-05-06
ORD01717,2025-06-10,CUST0662,Kolkata,East,Corporate,Electronics,Smartwatch,1,22140.33,20,Debit Card,Online,Delivered,2024-06-10
ORD01718,2026-09-06,CUST0742,Coimbatore,South,Consumer,Fashion,Jeans,2,1248.19,15,UPI,Retail Store,Delivered,2023-07-28
ORD01719,2025-05-25,CUST0241,Hyderabad,South,Consumer,Home Appliances,Washing Machine,1,37131.99,5,Debit Card,Retail Store,Delivered,2023-12-22
ORD01720,2026-07-23,CUST0760,Coimbatore,South,Consumer,Home Appliances,Microwave,1,11827.68,10,Credit Card,Marketplace,Delivered,2025-03-29
ORD01721,2026-08-18,CUST0703,Delhi,North,Consumer,Beauty,Perfume,1,6004.64,5,Credit Card,Marketplace,Delivered,2023-12-19
ORD01722,2026-01-20,CUST0216,Mumbai,West,Corporate,Electronics,Headphones,2,5472.46,10,Net Banking,Online,Delivered,2025-06-02
ORD01723,2025-09-26,CUST0071,Mumbai,West,Consumer,Home Appliances,Microwave,1,20489.18,15,Credit Card,Retail Store,Delivered,2025-03-04
ORD01724,2026-03-30,CUST0742,Delhi,North,Corporate,Home Appliances,Air Conditioner,1,49207.04,10,UPI,Retail Store,Delivered,2023-07-28
ORD01725,2026-06-02,CUST0908,Coimbatore,South,Consumer,Beauty,Hair Dryer,1,1356.14,10,Net Banking,Online,Delivered,2024-01-18
ORD01726,2025-12-16,CUST0647,Chennai,South,Corporate,Home Appliances,Microwave,1,17907.29,10,Net Banking,Marketplace,Delivered,2023-05-14
ORD01727,2025-04-20,CUST0245,Chennai,South,Consumer,Furniture,Bed,2,30122.56,20,UPI,Retail Store,Delivered,2025-04-06
ORD01728,2026-04-28,CUST0806,Ahmedabad,West,Small Business,Electronics,Headphones,1,11016.84,15,UPI,Online,Delivered,2023-05-03
ORD01729,2026-02-11,CUST0099,Coimbatore,South,Small Business,Furniture,Bookshelf,2,18652.71,10,Debit Card,Retail Store,Delivered,2024-02-11
ORD01730,2025-02-20,CUST0540,Bengaluru,South,Consumer,Beauty,Face Serum,1,3261.96,15,Credit Card,Retail Store,Returned,2023-02-02
ORD01731,2026-02-07,CUST0185,Hyderabad,South,Small Business,Fashion,Dress,1,5631.21,15,Net Banking,Online,Delivered,2023-03-07
ORD01732,2026-07-17,CUST0214,Chennai,South,Consumer,Electronics,Smartwatch,1,15216.89,5,Credit Card,Marketplace,Delivered,2025-02-04
ORD01733,2026-04-21,CUST0229,Hyderabad,South,Consumer,Home Appliances,Washing Machine,1,41129.09,20,Credit Card,Retail Store,Delivered,2023-08-17
ORD01734,2025-03-28,CUST0482,Chennai,South,Small Business,Beauty,Face Serum,1,3817.42,15,UPI,Marketplace,Delivered,2023-02-04
ORD01735,2025-03-09,CUST0061,Ahmedabad,West,Consumer,Fashion,Jacket,1,7831.42,20,UPI,Online,Delivered,2023-04-13
ORD01736,2026-08-19,CUST0494,Ahmedabad,West,Consumer,Electronics,Laptop,1,93476.84,5,Net Banking,Marketplace,Delivered,2023-03-31
ORD01737,2025-02-11,CUST0632,Coimbatore,South,Consumer,Furniture,Bed,1,60683.72,10,Cash on Delivery,Online,Delivered,2024-02-11
ORD01738,2025-02-26,CUST0600,Bengaluru,South,Consumer,Fashion,T-Shirt,1,1563.97,15,Debit Card,Online,Cancelled,2023-08-19
ORD01739,2025-07-15,CUST0481,Delhi,North,Corporate,Electronics,Smartphone,1,26533.39,5,Debit Card,Marketplace,Delivered,2023-10-01
ORD01740,2025-03-03,CUST0997,Ahmedabad,West,Consumer,Electronics,Tablet,3,29353.3,5,Credit Card,Online,Delivered,2024-03-13
ORD01741,2025-09-20,CUST0167,Kochi,South,Small Business,Furniture,Sofa,2,70259.35,15,Debit Card,Retail Store,Delivered,2024-02-20
ORD01742,2025-04-22,CUST0623,Chennai,South,Consumer,Furniture,Dining Table,2,58275.5,10,Credit Card,Marketplace,Delivered,2024-07-27
ORD01743,2025-06-27,CUST0078,Kolkata,East,Small Business,Electronics,Smartwatch,1,10242.86,10,Net Banking,Marketplace,Delivered,2023-05-28
ORD01744,2025-01-26,CUST0087,Coimbatore,South,Consumer,Beauty,Skincare Kit,4,2940.66,5,Credit Card,Marketplace,Delivered,2024-03-30
ORD01745,2026-02-14,CUST0703,Coimbatore,South,Consumer,Beauty,Face Serum,3,3534.15,0,Credit Card,Online,Delivered,2023-12-19
ORD01746,2026-06-15,CUST0700,Kolkata,East,Small Business,Electronics,Laptop,2,62842.11,10,UPI,Marketplace,Delivered,2025-04-02
ORD01747,2025-11-13,CUST1043,Pune,West,Small Business,Home Appliances,Washing Machine,1,30286.57,5,UPI,Marketplace,Cancelled,2024-12-29
ORD01748,2026-06-16,CUST0686,Pune,West,Corporate,Beauty,Hair Dryer,3,2200.04,10,Debit Card,Marketplace,Delivered,2025-02-09
ORD01749,2025-04-16,CUST1147,Hyderabad,South,Small Business,Fashion,Shoes,1,9378.83,10,Debit Card,Marketplace,Delivered,2024-08-01
ORD01750,2026-04-09,CUST0057,Mumbai,West,Consumer,Home Appliances,Washing Machine,1,23851.46,10,Net Banking,Online,Delivered,2024-01-13
ORD01751,2025-09-03,CUST0114,Mumbai,West,Small Business,Furniture,Sofa,3,60597.61,10,UPI,Retail Store,Returned,2024-01-12
ORD01752,2025-03-22,CUST0055,Ahmedabad,West,Consumer,Beauty,Skincare Kit,1,942.75,20,UPI,Online,Delivered,2025-03-03
ORD01753,2026-01-31,CUST0216,Mumbai,West,Consumer,Electronics,Tablet,1,13791.3,10,Net Banking,Retail Store,Delivered,2025-06-02
ORD01754,2026-06-06,CUST0663,Ahmedabad,West,Consumer,Fashion,T-Shirt,1,756.86,0,Cash on Delivery,Online,Delivered,2024-07-02
ORD01755,2025-09-21,CUST0783,Coimbatore,South,Consumer,Furniture,Sofa,1,51544.43,5,Debit Card,Online,Delivered,2024-03-19
ORD01756,2025-10-01,CUST0056,Mumbai,West,Small Business,Home Appliances,Washing Machine,5,37839.55,0,UPI,Retail Store,Delivered,2023-12-24
ORD01757,2025-06-21,CUST1126,Ahmedabad,West,Corporate,Home Appliances,Refrigerator,2,63469.01,15,Net Banking,Online,Delivered,2024-03-03
ORD01758,2025-09-22,CUST1001,Mumbai,West,Corporate,Electronics,Laptop,1,78431.1,15,UPI,Online,Delivered,2025-04-07
ORD01759,2025-01-26,CUST0361,Hyderabad,South,Consumer,Electronics,Laptop,2,77664.84,0,Net Banking,Retail Store,Delivered,2023-09-14
ORD01760,2026-04-14,CUST0092,Mumbai,West,Consumer,Electronics,Laptop,4,46918.28,0,Cash on Delivery,Marketplace,Delivered,2024-02-03
ORD01761,2026-04-21,CUST0200,Kolkata,East,Consumer,Fashion,Jacket,1,7873.27,20,UPI,Retail Store,Delivered,2023-06-04
ORD01762,2025-12-22,CUST0145,Mumbai,West,Consumer,Furniture,Bookshelf,1,4243.04,10,UPI,Marketplace,Delivered,2023-10-02
ORD01763,2025-01-26,CUST0140,Pune,West,Consumer,Fashion,Jeans,4,1258.12,10,UPI,Online,Delivered,2023-06-30
ORD01764,2025-02-03,CUST0637,Mumbai,West,Consumer,Beauty,Skincare Kit,3,1591.54,20,Net Banking,Retail Store,Delivered,2024-02-02
ORD01765,2025-09-21,CUST0270,Chennai,South,Corporate,Home Appliances,Microwave,1,13814.2,5,Credit Card,Retail Store,Delivered,2024-01-07
ORD01766,2025-05-18,CUST0452,Ahmedabad,West,Corporate,Furniture,Bed,3,32323.69,10,Debit Card,Retail Store,Delivered,2023-03-16
ORD01767,2026-07-20,CUST1190,Kochi,South,Consumer,Fashion,Dress,1,3205.95,10,UPI,Online,Delivered,2025-04-24
ORD01768,2026-04-07,CUST0832,Kochi,South,Corporate,Beauty,Makeup Kit,5,1767.39,0,Debit Card,Online,Delivered,2024-09-26
ORD01769,2025-06-17,CUST1133,Hyderabad,South,Consumer,Electronics,Tablet,1,26037.22,20,Debit Card,Online,Returned,2025-02-11
ORD01770,2026-09-23,CUST0166,Mumbai,West,Consumer,Electronics,Smartwatch,2,7430.64,20,UPI,Online,Delivered,2024-05-01
ORD01771,2025-03-22,CUST0479,Mumbai,West,Corporate,Fashion,T-Shirt,1,1835.53,0,Net Banking,Retail Store,Returned,2023-06-24
ORD01772,2026-02-11,CUST0679,Bengaluru,South,Consumer,Furniture,Bookshelf,1,7500.18,20,Credit Card,Retail Store,Delivered,2025-05-13
ORD01773,2026-07-28,CUST0091,Delhi,North,Small Business,Electronics,Smartphone,2,25723.35,0,Net Banking,Retail Store,Cancelled,2024-08-21
ORD01774,2025-02-15,CUST0009,Ahmedabad,West,Small Business,Electronics,Tablet,4,32962.79,10,UPI,Retail Store,Delivered,2023-10-12
ORD01775,2026-08-22,CUST0812,Kochi,South,Corporate,Beauty,Skincare Kit,2,2236.87,10,Net Banking,Online,Delivered,2023-07-09
ORD01776,2026-09-03,CUST0777,Hyderabad,South,Small Business,Fashion,Jeans,1,1712.35,10,Net Banking,Marketplace,Delivered,2024-02-06
ORD01777,2025-02-22,CUST0505,Hyderabad,South,Consumer,Electronics,Smartphone,1,63348.61,10,Credit Card,Online,Delivered,2024-09-28
ORD01778,2026-04-21,CUST0609,Ahmedabad,West,Small Business,Electronics,Tablet,1,38259.92,10,UPI,Retail Store,Delivered,2023-07-14
ORD01779,2026-08-15,CUST0511,Ahmedabad,West,Corporate,Home Appliances,Washing Machine,3,28396.03,20,UPI,Retail Store,Delivered,2024-02-28
ORD01780,2025-01-16,CUST0032,Kolkata,East,Consumer,Fashion,Jeans,1,2690.83,15,Debit Card,Online,Returned,2024-05-23
ORD01781,2025-12-26,CUST0414,Bengaluru,South,Consumer,Beauty,Face Serum,1,2649.13,5,UPI,Retail Store,Delivered,2025-05-02
ORD01782,2026-05-02,CUST0202,Hyderabad,South,Corporate,Electronics,Tablet,1,37977.74,0,Credit Card,Online,Delivered,2025-04-28
ORD01783,2026-05-17,CUST0114,Mumbai,West,Corporate,Home Appliances,Air Conditioner,1,30861.46,15,UPI,Online,Delivered,2024-01-12
ORD01784,2025-05-21,CUST1142,Chennai,South,Corporate,Fashion,T-Shirt,1,619.21,0,Net Banking,Marketplace,Delivered,2023-05-06
ORD01785,2026-09-12,CUST0740,Bengaluru,South,Consumer,Furniture,Bookshelf,2,7478.02,10,UPI,Online,Delivered,2023-07-01
ORD01786,2026-03-23,CUST0871,Pune,West,Small Business,Home Appliances,Microwave,2,19970.35,10,Debit Card,Online,Delivered,2023-07-13
ORD01787,2025-10-17,CUST0376,Mumbai,West,Consumer,Home Appliances,Microwave,1,12955.75,15,Credit Card,Marketplace,Delivered,2024-09-01
ORD01788,2025-07-28,CUST0486,Delhi,North,Small Business,Home Appliances,Microwave,2,17428.9,15,Net Banking,Marketplace,Delivered,2024-02-12
ORD01789,2026-04-20,CUST0257,Coimbatore,South,Consumer,Furniture,Dining Table,4,51601.63,15,UPI,Online,Delivered,2023-12-16
ORD01790,2026-02-17,CUST0112,Coimbatore,South,Consumer,Home Appliances,Mixer,2,6209.13,10,Credit Card,Marketplace,Delivered,2024-12-17
ORD01791,2026-03-03,CUST0208,Kolkata,East,Consumer,Home Appliances,Refrigerator,2,31634.64,20,UPI,Retail Store,Delivered,2024-05-08
ORD01792,2026-01-06,CUST0948,Delhi,North,Consumer,Beauty,Hair Dryer,1,2352.46,5,UPI,Retail Store,Delivered,2023-01-05
ORD01793,2025-10-17,CUST0821,Hyderabad,South,Consumer,Beauty,Perfume,1,6108.3,0,Cash on Delivery,Online,Delivered,2024-11-23
ORD01794,2026-03-08,CUST0669,Mumbai,West,Corporate,Beauty,Face Serum,4,2642.7,0,Credit Card,Marketplace,Delivered,2023-03-08
ORD01795,2025-09-25,CUST0580,Chennai,South,Consumer,Furniture,Bookshelf,3,10307.24,5,Credit Card,Marketplace,Delivered,2023-09-03
ORD01796,2025-05-31,CUST1100,Mumbai,West,Small Business,Fashion,Jacket,5,3766.34,5,UPI,Marketplace,Delivered,2024-09-25
ORD01797,2025-09-12,CUST0088,Hyderabad,South,Consumer,Home Appliances,Washing Machine,1,54556.21,20,Credit Card,Retail Store,Delivered,2024-10-23
ORD01798,2025-12-19,CUST0335,Pune,West,Consumer,Fashion,Jeans,2,3812.19,10,UPI,Online,Delivered,2023-01-15
ORD01799,2026-01-12,CUST0438,Ahmedabad,West,Consumer,Home Appliances,Mixer,3,3048.48,10,Credit Card,Online,Delivered,2024-09-28
ORD01800,2025-12-24,CUST0933,Chennai,South,Small Business,Fashion,Shoes,3,4909.99,15,Net Banking,Marketplace,Delivered,2024-06-17
ORD01801,2026-08-31,CUST1192,Mumbai,West,Corporate,Fashion,Shoes,1,1978.8,5,Credit Card,Marketplace,Delivered,2023-01-24
ORD01802,2026-01-05,CUST0260,Bengaluru,South,Small Business,Fashion,Dress,1,4495.33,0,UPI,Marketplace,Delivered,2024-11-16
ORD01803,2025-08-15,CUST1037,Pune,West,Consumer,Beauty,Hair Dryer,1,5037.05,10,UPI,Retail Store,Returned,2024-11-24
ORD01804,2025-10-30,CUST0979,Pune,West,Consumer,Furniture,Office Chair,3,17521.67,20,Credit Card,Online,Delivered,2023-12-11
ORD01805,2026-01-24,CUST0243,Delhi,North,Small Business,Fashion,Shoes,1,6143.01,5,UPI,Retail Store,Delivered,2023-10-02
ORD01806,2026-01-12,CUST0496,Pune,West,Small Business,Electronics,Smartphone,1,57083.36,5,Debit Card,Retail Store,Delivered,2023-12-31
ORD01807,2025-04-28,CUST0504,Pune,West,Small Business,Fashion,Jacket,1,7331.61,15,Credit Card,Retail Store,Delivered,2024-04-25
ORD01808,2025-01-05,CUST1173,Ahmedabad,West,Small Business,Fashion,Jeans,2,3641.47,25,UPI,Marketplace,Delivered,2023-04-07
ORD01809,2026-03-20,CUST0209,Coimbatore,South,Small Business,Fashion,Jacket,1,2392.47,15,Credit Card,Online,Delivered,2024-06-29
ORD01810,2025-12-18,CUST0953,Bengaluru,South,Small Business,Furniture,Bookshelf,3,20492.77,0,UPI,Retail Store,Cancelled,2023-09-04
ORD01811,2026-06-17,CUST0413,Coimbatore,South,Consumer,Home Appliances,Microwave,2,18640.18,0,Credit Card,Retail Store,Delivered,2024-04-19
ORD01812,2025-05-04,CUST0872,Ahmedabad,West,Corporate,Fashion,Dress,2,6150.82,20,Credit Card,Online,Delivered,2023-02-16
ORD01813,2025-10-04,CUST0516,Delhi,North,Consumer,Electronics,Tablet,4,34388.95,15,Credit Card,Marketplace,Delivered,2024-09-20
ORD01814,2026-01-29,CUST0707,Chennai,South,Consumer,Home Appliances,Mixer,1,8792.09,10,Cash on Delivery,Online,Delivered,2025-02-28
ORD01815,2025-12-26,CUST0984,Kolkata,East,Small Business,Furniture,Bed,2,30190.14,15,Credit Card,Retail Store,Delivered,2023-01-17
ORD01816,2026-09-15,CUST0958,Bengaluru,South,Corporate,Furniture,Office Chair,1,14941.0,10,UPI,Marketplace,Delivered,2024-07-28
ORD01817,2026-04-14,CUST1030,Coimbatore,South,Consumer,Electronics,Laptop,2,76447.44,5,Cash on Delivery,Online,Delivered,2025-04-12
ORD01818,2026-09-20,CUST0071,Coimbatore,South,Small Business,Fashion,Shoes,3,9328.66,10,Credit Card,Marketplace,Returned,2025-03-04
ORD01819,2025-02-26,CUST0836,Pune,West,Consumer,Beauty,Face Serum,1,1410.02,20,Debit Card,Online,Delivered,2023-06-05
ORD01820,2025-09-08,CUST0164,Chennai,South,Consumer,Electronics,Smartphone,1,71960.28,15,UPI,Online,Delivered,2023-02-19
ORD01821,2025-05-30,CUST0511,Mumbai,West,Consumer,Home Appliances,Air Conditioner,2,44411.23,5,Cash on Delivery,Online,Delivered,2024-02-28
ORD01822,2026-03-28,CUST0671,Kolkata,East,Consumer,Home Appliances,Microwave,1,22556.25,15,Debit Card,Online,Delivered,2023-04-06
ORD01823,2025-06-11,CUST0498,Kolkata,East,Consumer,Home Appliances,Air Conditioner,3,61100.41,10,UPI,Marketplace,Delivered,2023-07-21
ORD01824,2025-04-30,CUST0640,Hyderabad,South,Corporate,Beauty,Perfume,1,7402.41,10,Credit Card,Online,Delivered,2024-03-22
ORD01825,2026-08-05,CUST1200,Pune,West,Consumer,Home Appliances,Mixer,3,3303.34,15,Debit Card,Online,Delivered,2024-11-02
ORD01826,2025-12-17,CUST0154,Delhi,North,Consumer,Fashion,T-Shirt,1,1152.18,25,Net Banking,Marketplace,Delivered,2024-12-23
ORD01827,2025-04-09,CUST0818,Chennai,South,Small Business,Beauty,Skincare Kit,2,1474.59,20,Credit Card,Marketplace,Delivered,2025-04-09
ORD01828,2025-06-16,CUST0489,Coimbatore,South,Consumer,Beauty,Face Serum,2,2987.97,15,Credit Card,Online,Delivered,2024-09-29
ORD01829,2026-05-29,CUST0150,Kochi,South,Consumer,Home Appliances,Air Conditioner,1,63814.17,0,Credit Card,Online,Delivered,2024-02-17
ORD01830,2026-02-05,CUST0180,Coimbatore,South,Consumer,Furniture,Bed,2,38904.86,15,UPI,Retail Store,Delivered,2024-10-19
ORD01831,2025-12-31,CUST1133,Ahmedabad,West,Consumer,Furniture,Dining Table,1,44538.04,0,Credit Card,Marketplace,Delivered,2025-02-11
ORD01832,2026-07-31,CUST1043,Delhi,North,Small Business,Electronics,Smartwatch,2,3194.2,10,Net Banking,Marketplace,Delivered,2024-12-29
ORD01833,2025-11-22,CUST1082,Bengaluru,South,Small Business,Home Appliances,Washing Machine,3,56484.32,0,UPI,Online,Returned,2024-02-23
ORD01834,2026-08-04,CUST1192,Kochi,South,Consumer,Furniture,Dining Table,1,51430.19,15,Debit Card,Online,Returned,2023-01-24
ORD01835,2026-09-25,CUST0231,Kolkata,East,Consumer,Electronics,Smartwatch,1,3210.7,10,Debit Card,Online,Delivered,2023-04-18
ORD01836,2026-09-13,CUST0448,Mumbai,West,Small Business,Beauty,Makeup Kit,1,5985.69,10,Credit Card,Online,Delivered,2023-06-07
ORD01837,2025-09-04,CUST0810,Kolkata,East,Consumer,Home Appliances,Refrigerator,3,58250.77,5,Credit Card,Retail Store,Delivered,2024-06-01
ORD01838,2026-03-10,CUST0601,Bengaluru,South,Consumer,Furniture,Office Chair,4,16040.42,10,UPI,Online,Delivered,2023-01-30
ORD01839,2025-04-03,CUST0512,Hyderabad,South,Corporate,Fashion,Dress,1,6794.09,5,Credit Card,Retail Store,Delivered,2024-11-29
ORD01840,2025-09-25,CUST0452,Mumbai,West,Consumer,Home Appliances,Microwave,1,23121.29,25,Debit Card,Online,Delivered,2023-03-16
ORD01841,2026-09-07,CUST0731,Coimbatore,South,Consumer,Electronics,Smartphone,2,55645.7,15,UPI,Retail Store,Delivered,2023-09-25
ORD01842,2026-09-16,CUST0704,Bengaluru,South,Consumer,Fashion,T-Shirt,2,910.45,15,UPI,Online,Delivered,2025-03-04
ORD01843,2025-11-17,CUST0185,Kolkata,East,Consumer,Home Appliances,Washing Machine,1,39665.07,0,Credit Card,Online,Delivered,2023-03-07
ORD01844,2025-03-03,CUST0575,Kochi,South,Corporate,Fashion,Shoes,2,9277.03,10,Cash on Delivery,Retail Store,Cancelled,2023-03-13
ORD01845,2025-10-27,CUST0678,Kolkata,East,Consumer,Electronics,Smartphone,2,67126.25,10,UPI,Retail Store,Delivered,2023-02-08
ORD01846,2026-02-07,CUST0701,Mumbai,West,Consumer,Fashion,Dress,1,4873.52,25,UPI,Online,Delivered,2025-04-22
ORD01847,2026-07-21,CUST0233,Kochi,South,Consumer,Fashion,T-Shirt,2,1021.05,10,UPI,Marketplace,Returned,2023-06-25
ORD01848,2026-09-12,CUST0889,Kolkata,East,Small Business,Fashion,T-Shirt,1,1803.71,10,Cash on Delivery,Marketplace,Cancelled,2025-03-16
ORD01849,2025-10-30,CUST0035,Mumbai,West,Small Business,Beauty,Face Serum,4,3074.77,0,Net Banking,Retail Store,Delivered,2024-12-31
ORD01850,2025-09-10,CUST0447,Hyderabad,South,Consumer,Electronics,Smartwatch,3,8188.55,0,Credit Card,Retail Store,Delivered,2024-01-11
ORD01851,2026-04-23,CUST0930,Delhi,North,Corporate,Electronics,Smartwatch,1,15210.81,5,UPI,Online,Delivered,2024-05-20
ORD01852,2026-01-04,CUST0698,Mumbai,West,Consumer,Electronics,Smartwatch,1,20535.43,10,Credit Card,Retail Store,Delivered,2024-04-01
ORD01853,2025-06-09,CUST0301,Delhi,North,Small Business,Beauty,Face Serum,3,863.86,20,UPI,Marketplace,Delivered,2023-03-31
ORD01854,2025-06-15,CUST0840,Kolkata,East,Consumer,Home Appliances,Refrigerator,1,57365.81,5,Debit Card,Online,Delivered,2024-10-06
ORD01855,2025-07-24,CUST0700,Hyderabad,South,Corporate,Electronics,Headphones,3,6217.11,0,Debit Card,Online,Delivered,2025-04-02
ORD01856,2025-09-24,CUST0948,Kochi,South,Small Business,Home Appliances,Mixer,1,4250.29,5,Debit Card,Online,Delivered,2023-01-05
ORD01857,2025-05-18,CUST0877,Pune,West,Corporate,Electronics,Smartphone,1,54962.74,10,UPI,Online,Delivered,2025-03-11
ORD01858,2026-01-03,CUST0747,Mumbai,West,Consumer,Furniture,Bed,1,38884.6,5,UPI,Online,Delivered,2023-09-15
ORD01859,2026-03-19,CUST0609,Mumbai,West,Consumer,Fashion,Dress,3,3245.71,15,Cash on Delivery,Marketplace,Delivered,2023-07-14
ORD01860,2026-07-21,CUST0150,Ahmedabad,West,Small Business,Furniture,Dining Table,1,55689.91,15,Net Banking,Online,Delivered,2024-02-17
ORD01861,2025-01-17,CUST0301,Kolkata,East,Corporate,Fashion,Dress,1,2192.52,10,UPI,Retail Store,Delivered,2023-03-31
ORD01862,2025-03-09,CUST0513,Mumbai,West,Corporate,Fashion,Dress,1,2451.88,10,UPI,Retail Store,Delivered,2023-07-24
ORD01863,2025-05-13,CUST0740,Bengaluru,South,Small Business,Electronics,Smartphone,3,18812.95,5,Credit Card,Online,Delivered,2023-07-01
ORD01864,2026-03-06,CUST0633,Pune,West,Consumer,Home Appliances,Mixer,2,2547.45,10,Credit Card,Retail Store,Cancelled,2023-04-17
ORD01865,2025-11-04,CUST0347,Hyderabad,South,Small Business,Beauty,Hair Dryer,1,3749.54,15,Credit Card,Online,Delivered,2025-03-23
ORD01866,2025-06-23,CUST0015,Coimbatore,South,Consumer,Home Appliances,Microwave,1,15330.17,25,UPI,Online,Delivered,2023-08-21
ORD01867,2026-02-16,CUST0614,Chennai,South,Consumer,Home Appliances,Washing Machine,2,30899.24,20,UPI,Online,Delivered,2023-12-28
ORD01868,2025-04-07,CUST0343,Coimbatore,South,Consumer,Furniture,Bookshelf,3,9384.09,0,UPI,Retail Store,Delivered,2024-10-01
ORD01869,2025-06-03,CUST0876,Delhi,North,Consumer,Furniture,Sofa,1,70410.84,10,Net Banking,Online,Delivered,2024-01-05
ORD01870,2025-08-30,CUST0031,Mumbai,West,Small Business,Electronics,Tablet,5,27292.99,20,Credit Card,Online,Delivered,2024-10-04
ORD01871,2025-10-31,CUST0714,Coimbatore,South,Consumer,Electronics,Laptop,3,65495.84,10,Cash on Delivery,Online,Delivered,2023-02-20
ORD01872,2025-10-12,CUST1121,Chennai,South,Consumer,Fashion,Dress,2,1407.27,10,UPI,Online,Delivered,2024-02-18
ORD01873,2025-01-27,CUST0201,Pune,West,Small Business,Beauty,Skincare Kit,2,829.85,5,Net Banking,Retail Store,Cancelled,2024-05-22
ORD01874,2026-02-06,CUST0575,Coimbatore,South,Consumer,Electronics,Smartwatch,1,8543.81,10,Debit Card,Online,Delivered,2023-03-13
ORD01875,2025-12-26,CUST0109,Bengaluru,South,Small Business,Fashion,Shoes,2,9347.85,10,UPI,Online,Delivered,2024-09-15
ORD01876,2025-03-01,CUST0760,Ahmedabad,West,Corporate,Furniture,Office Chair,3,18531.84,10,Cash on Delivery,Online,Delivered,2025-03-29
ORD01877,2025-07-21,CUST0672,Kochi,South,Consumer,Fashion,T-Shirt,1,1576.27,10,Net Banking,Retail Store,Delivered,2023-08-03
ORD01878,2026-08-04,CUST0502,Kolkata,East,Corporate,Fashion,T-Shirt,2,1270.91,10,Net Banking,Retail Store,Delivered,2023-10-15
ORD01879,2026-01-05,CUST0641,Bengaluru,South,Consumer,Electronics,Smartphone,4,46913.84,0,UPI,Online,Delivered,2025-04-29
ORD01880,2026-06-17,CUST1066,Hyderabad,South,Small Business,Beauty,Perfume,2,7279.89,10,Debit Card,Retail Store,Delivered,2023-04-05
ORD01881,2025-06-01,CUST0226,Mumbai,West,Corporate,Fashion,Shoes,2,8479.58,20,Credit Card,Online,Delivered,2023-10-03
ORD01882,2025-04-12,CUST0031,Bengaluru,South,Corporate,Electronics,Smartphone,2,33812.14,5,Debit Card,Marketplace,Delivered,2024-10-04
ORD01883,2026-08-30,CUST1024,Kolkata,East,Small Business,Electronics,Smartwatch,3,18833.03,20,UPI,Online,Delivered,2024-01-20
ORD01884,2026-03-22,CUST0706,Delhi,North,Small Business,Fashion,Jeans,3,3803.17,0,UPI,Marketplace,Delivered,2024-11-08
ORD01885,2025-08-17,CUST1062,Bengaluru,South,Small Business,Electronics,Laptop,1,87911.34,0,UPI,Retail Store,Delivered,2024-08-20
ORD01886,2025-05-05,CUST0739,Kolkata,East,Consumer,Electronics,Laptop,3,86751.28,15,UPI,Marketplace,Delivered,2023-02-09
ORD01887,2025-08-24,CUST0962,Kochi,South,Consumer,Fashion,Jeans,1,2464.75,20,Credit Card,Marketplace,Delivered,2024-06-26
ORD01888,2025-06-11,CUST0525,Delhi,North,Corporate,Beauty,Hair Dryer,3,2284.39,0,Credit Card,Marketplace,Delivered,2024-07-18
ORD01889,2026-07-08,CUST0889,Pune,West,Consumer,Home Appliances,Air Conditioner,2,55698.96,0,UPI,Online,Cancelled,2025-03-16
ORD01890,2025-12-19,CUST1089,Kolkata,East,Small Business,Furniture,Bed,2,29276.28,10,Debit Card,Online,Delivered,2023-07-11
ORD01891,2025-03-09,CUST0703,Hyderabad,South,Corporate,Beauty,Perfume,1,6242.23,10,Credit Card,Online,Cancelled,2023-12-19
ORD01892,2025-06-22,CUST0209,Bengaluru,South,Small Business,Fashion,Jeans,3,1596.7,0,UPI,Retail Store,Delivered,2024-06-29
ORD01893,2026-09-29,CUST0312,Kolkata,East,Consumer,Home Appliances,Microwave,1,16305.47,10,Credit Card,Marketplace,Delivered,2024-11-09
ORD01894,2026-07-13,CUST0226,Pune,West,Corporate,Electronics,Laptop,2,72219.2,10,UPI,Online,Delivered,2023-10-03
ORD01895,2025-09-18,CUST0270,Ahmedabad,West,Consumer,Electronics,Smartwatch,1,14025.37,25,UPI,Online,Delivered,2024-01-07
ORD01896,2025-08-05,CUST0372,Delhi,North,Small Business,Fashion,Dress,2,5048.56,10,Debit Card,Marketplace,Delivered,2023-09-17
ORD01897,2025-05-04,CUST0681,Ahmedabad,West,Consumer,Home Appliances,Washing Machine,5,42504.6,15,UPI,Retail Store,Delivered,2025-06-17
ORD01898,2025-06-11,CUST0719,Ahmedabad,West,Consumer,Fashion,Jacket,1,4379.8,20,UPI,Online,Cancelled,2023-07-29
ORD01899,2025-07-20,CUST0522,Hyderabad,South,Corporate,Electronics,Headphones,2,2296.67,10,Net Banking,Online,Delivered,2024-10-17
ORD01900,2026-03-30,CUST0755,Kochi,South,Corporate,Fashion,Dress,2,4408.85,15,Debit Card,Marketplace,Delivered,2024-07-18
ORD01901,2026-02-06,CUST0100,Kochi,South,Consumer,Fashion,Shoes,1,3758.72,20,Net Banking,Retail Store,Delivered,2024-08-31
ORD01902,2026-04-07,CUST0108,Kolkata,East,Consumer,Fashion,Shoes,2,9266.6,15,Credit Card,Online,Delivered,2023-06-11
ORD01903,2025-10-02,CUST0201,Chennai,South,Consumer,Fashion,Shoes,4,3845.65,5,Net Banking,Marketplace,Delivered,2024-05-22
ORD01904,2025-07-25,CUST0637,Kochi,South,Small Business,Fashion,Shoes,1,7568.56,20,Credit Card,Online,Delivered,2024-02-02
ORD01905,2025-02-09,CUST0237,Chennai,South,Small Business,Home Appliances,Air Conditioner,2,50618.22,25,UPI,Online,Delivered,2023-11-25
ORD01906,2025-09-30,CUST0340,Kochi,South,Corporate,Fashion,Shoes,2,4466.17,0,UPI,Retail Store,Delivered,2023-11-15
ORD01907,2025-04-03,CUST0496,Chennai,South,Consumer,Fashion,Jeans,3,1302.36,10,UPI,Retail Store,Delivered,2023-12-31
ORD01908,2025-02-11,CUST0967,Kochi,South,Consumer,Electronics,Tablet,1,38603.28,20,UPI,Online,Delivered,2024-07-21
ORD01909,2026-04-10,CUST0025,Coimbatore,South,Consumer,Furniture,Bookshelf,1,7376.87,10,UPI,Marketplace,Delivered,2024-09-05
ORD01910,2026-01-14,CUST0789,Ahmedabad,West,Consumer,Home Appliances,Washing Machine,2,59436.43,10,Credit Card,Online,Delivered,2025-03-20
ORD01911,2025-04-17,CUST0810,Coimbatore,South,Consumer,Electronics,Smartwatch,2,14008.96,15,Debit Card,Marketplace,Delivered,2024-06-01
ORD01912,2025-11-24,CUST0951,Mumbai,West,Small Business,Fashion,Shoes,5,2489.53,10,Net Banking,Online,Delivered,2025-05-21
ORD01913,2025-03-06,CUST1114,Coimbatore,South,Small Business,Beauty,Perfume,4,2142.17,10,Credit Card,Online,Cancelled,2024-10-20
ORD01914,2025-12-31,CUST0026,Ahmedabad,West,Consumer,Electronics,Smartwatch,3,8427.99,10,Cash on Delivery,Marketplace,Delivered,2024-07-16
ORD01915,2026-04-29,CUST0175,Pune,West,Consumer,Electronics,Smartphone,2,26010.39,5,Debit Card,Online,Delivered,2025-05-14
ORD01916,2025-01-24,CUST1055,Hyderabad,South,Small Business,Home Appliances,Microwave,1,13635.01,20,Net Banking,Online,Delivered,2023-11-17
ORD01917,2026-06-24,CUST0563,Chennai,South,Consumer,Home Appliances,Mixer,5,8208.22,5,Debit Card,Online,Delivered,2024-01-30
ORD01918,2025-03-03,CUST0698,Mumbai,West,Consumer,Home Appliances,Refrigerator,2,36009.05,0,UPI,Online,Delivered,2024-04-01
ORD01919,2026-05-06,CUST0802,Chennai,South,Corporate,Beauty,Skincare Kit,4,2434.89,5,UPI,Retail Store,Delivered,2023-04-30
ORD01920,2025-09-30,CUST0826,Pune,West,Consumer,Fashion,Shoes,1,7515.99,20,UPI,Online,Delivered,2024-08-02
ORD01921,2025-08-17,CUST1112,Mumbai,West,Corporate,Electronics,Smartwatch,1,6779.83,25,UPI,Marketplace,Delivered,2025-02-24
ORD01922,2025-01-20,CUST1200,Mumbai,West,Corporate,Fashion,T-Shirt,4,826.03,15,Credit Card,Marketplace,Delivered,2024-11-02
ORD01923,2025-01-03,CUST0863,Pune,West,Consumer,Electronics,Tablet,4,24998.79,15,UPI,Retail Store,Delivered,2023-05-15
ORD01924,2026-02-25,CUST0345,Delhi,North,Consumer,Fashion,Jacket,1,7972.58,5,Debit Card,Retail Store,Delivered,2024-01-02
ORD01925,2025-11-03,CUST1043,Kochi,South,Consumer,Electronics,Tablet,2,30716.07,10,UPI,Marketplace,Delivered,2024-12-29
ORD01926,2026-03-08,CUST0057,Pune,West,Corporate,Furniture,Dining Table,4,19786.5,20,UPI,Marketplace,Delivered,2024-01-13
ORD01927,2025-05-16,CUST0250,Chennai,South,Corporate,Home Appliances,Air Conditioner,1,56443.67,0,Net Banking,Online,Delivered,2024-06-06
ORD01928,2026-05-30,CUST1070,Ahmedabad,West,Consumer,Electronics,Headphones,2,6640.38,10,Credit Card,Online,Delivered,2025-01-29
ORD01929,2025-07-12,CUST0288,Ahmedabad,West,Consumer,Fashion,Jeans,1,1952.48,0,UPI,Online,Delivered,2025-04-08
ORD01930,2026-08-08,CUST0241,Pune,West,Consumer,Fashion,Jacket,1,5240.56,10,Debit Card,Marketplace,Delivered,2023-12-22
ORD01931,2026-02-19,CUST0161,Bengaluru,South,Small Business,Home Appliances,Mixer,3,6197.54,25,Credit Card,Online,Delivered,2024-06-16
ORD01932,2025-04-28,CUST1023,Kochi,South,Small Business,Furniture,Bed,2,41639.11,15,Debit Card,Online,Delivered,2024-02-27
ORD01933,2025-07-28,CUST0619,Kochi,South,Small Business,Fashion,T-Shirt,1,748.74,20,Net Banking,Online,Delivered,2024-08-11
ORD01934,2025-02-03,CUST0818,Chennai,South,Consumer,Beauty,Skincare Kit,1,4554.73,25,Credit Card,Retail Store,Delivered,2025-04-09
ORD01935,2025-11-14,CUST0257,Kochi,South,Consumer,Fashion,Shoes,1,9929.23,10,Debit Card,Retail Store,Delivered,2023-12-16
ORD01936,2025-04-30,CUST0900,Bengaluru,South,Small Business,Fashion,Dress,1,5295.92,15,Credit Card,Online,Cancelled,2023-02-28
ORD01937,2026-09-19,CUST0904,Pune,West,Consumer,Electronics,Smartwatch,2,4082.37,0,UPI,Online,Delivered,2025-06-13
ORD01938,2026-06-09,CUST0374,Coimbatore,South,Consumer,Furniture,Office Chair,1,15008.59,10,Credit Card,Online,Delivered,2023-10-06
ORD01939,2026-08-04,CUST0505,Pune,West,Corporate,Home Appliances,Refrigerator,2,62315.43,20,Debit Card,Retail Store,Delivered,2024-09-28
ORD01940,2025-03-30,CUST0232,Pune,West,Consumer,Electronics,Headphones,2,10879.65,20,Credit Card,Online,Cancelled,2025-03-11
ORD01941,2026-05-27,CUST1171,Chennai,South,Consumer,Electronics,Tablet,1,46132.19,15,Credit Card,Retail Store,Delivered,2025-01-02
ORD01942,2025-02-16,CUST0783,Ahmedabad,West,Small Business,Electronics,Tablet,2,37579.24,10,UPI,Online,Returned,2024-03-19
ORD01943,2026-06-06,CUST1119,Hyderabad,South,Corporate,Electronics,Tablet,3,28637.1,10,Cash on Delivery,Online,Delivered,2023-12-13
ORD01944,2025-10-11,CUST0369,Delhi,North,Consumer,Fashion,T-Shirt,1,1496.68,10,Credit Card,Online,Delivered,2025-04-03
ORD01945,2026-01-12,CUST0931,Coimbatore,South,Corporate,Electronics,Tablet,1,18821.59,0,Credit Card,Retail Store,Delivered,2024-10-07
ORD01946,2026-09-30,CUST0911,Hyderabad,South,Consumer,Beauty,Hair Dryer,3,4943.58,20,UPI,Marketplace,Delivered,2024-05-24
ORD01947,2025-05-14,CUST0836,Kochi,South,Consumer,Fashion,Shoes,2,4525.38,15,Debit Card,Retail Store,Delivered,2023-06-05
ORD01948,2025-09-05,CUST1155,Kochi,South,Consumer,Beauty,Skincare Kit,3,1529.6,0,Credit Card,Retail Store,Delivered,2025-02-14
ORD01949,2025-11-14,CUST0486,Ahmedabad,West,Small Business,Home Appliances,Washing Machine,1,39986.21,10,UPI,Retail Store,Delivered,2024-02-12
ORD01950,2026-03-12,CUST0147,Delhi,North,Corporate,Electronics,Headphones,1,10260.79,10,Debit Card,Retail Store,Delivered,2023-11-29
ORD01951,2025-06-25,CUST0817,Delhi,North,Consumer,Fashion,Jacket,2,7825.16,15,Credit Card,Marketplace,Delivered,2023-04-09
ORD01952,2026-08-09,CUST0871,Kochi,South,Consumer,Electronics,Tablet,2,35667.19,15,Debit Card,Online,Delivered,2023-07-13
ORD01953,2025-12-17,CUST0704,Chennai,South,Consumer,Furniture,Sofa,2,37897.18,5,Debit Card,Online,Delivered,2025-03-04
ORD01954,2025-05-23,CUST0231,Kochi,South,Small Business,Fashion,Jeans,2,4714.29,25,Credit Card,Retail Store,Delivered,2023-04-18
ORD01955,2026-02-02,CUST0621,Kolkata,East,Corporate,Electronics,Headphones,1,11843.53,5,Net Banking,Retail Store,Delivered,2024-05-27
ORD01956,2026-09-16,CUST0374,Delhi,North,Consumer,Beauty,Face Serum,2,1316.94,20,Debit Card,Online,Delivered,2023-10-06
ORD01957,2026-01-04,CUST0524,Delhi,North,Consumer,Electronics,Headphones,3,9240.42,15,Credit Card,Marketplace,Delivered,2024-11-05
ORD01958,2026-05-16,CUST0783,Kochi,South,Corporate,Home Appliances,Microwave,2,16667.54,20,Net Banking,Online,Delivered,2024-03-19
ORD01959,2026-09-14,CUST0889,Mumbai,West,Corporate,Electronics,Headphones,1,8013.56,5,Credit Card,Online,Delivered,2025-03-16
ORD01960,2026-01-05,CUST0252,Pune,West,Small Business,Electronics,Tablet,3,34355.74,0,UPI,Retail Store,Delivered,2025-02-08
ORD01961,2026-08-02,CUST0498,Kochi,South,Corporate,Electronics,Headphones,1,14766.86,15,Credit Card,Online,Delivered,2023-07-21
ORD01962,2026-01-17,CUST0312,Mumbai,West,Consumer,Furniture,Dining Table,3,57188.31,20,UPI,Online,Delivered,2024-11-09
ORD01963,2025-03-27,CUST0226,Mumbai,West,Consumer,Fashion,Jeans,2,1676.77,15,Debit Card,Online,Delivered,2023-10-03
ORD01964,2026-04-05,CUST0935,Pune,West,Small Business,Furniture,Bookshelf,2,5517.59,15,Debit Card,Online,Delivered,2024-08-11
ORD01965,2025-11-21,CUST1085,Bengaluru,South,Consumer,Fashion,T-Shirt,2,1950.25,20,Credit Card,Online,Delivered,2025-06-04
ORD01966,2026-06-06,CUST0464,Kochi,South,Consumer,Fashion,Dress,1,6446.7,5,Debit Card,Online,Delivered,2023-09-25
ORD01967,2026-05-04,CUST0889,Mumbai,West,Consumer,Home Appliances,Washing Machine,2,44893.59,5,Cash on Delivery,Online,Delivered,2025-03-16
ORD01968,2026-02-01,CUST1068,Kochi,South,Consumer,Home Appliances,Air Conditioner,2,42136.75,15,UPI,Marketplace,Delivered,2023-04-17
ORD01969,2025-12-21,CUST1007,Mumbai,West,Corporate,Fashion,Jeans,1,3113.72,15,Debit Card,Online,Returned,2025-04-13
ORD01970,2025-10-15,CUST0209,Chennai,South,Consumer,Home Appliances,Mixer,1,7493.5,15,Debit Card,Retail Store,Returned,2024-06-29
ORD01971,2026-04-04,CUST1141,Ahmedabad,West,Consumer,Furniture,Bed,1,50148.52,5,Credit Card,Online,Delivered,2024-06-25
ORD01972,2026-09-16,CUST0471,Ahmedabad,West,Corporate,Beauty,Perfume,3,6931.29,5,UPI,Retail Store,Delivered,2023-01-25
ORD01973,2026-06-20,CUST0421,Chennai,South,Corporate,Home Appliances,Refrigerator,1,27278.97,10,UPI,Marketplace,Delivered,2024-10-10
ORD01974,2025-10-18,CUST0078,Ahmedabad,West,Corporate,Electronics,Laptop,2,81271.79,20,Credit Card,Online,Delivered,2023-05-28
ORD01975,2025-06-17,CUST0604,Mumbai,West,Consumer,Fashion,Shoes,2,5690.36,20,Net Banking,Online,Delivered,2024-09-21
ORD01976,2026-09-13,CUST0123,Coimbatore,South,Corporate,Beauty,Skincare Kit,1,1084.03,5,UPI,Online,Delivered,2023-07-08
ORD01977,2026-03-04,CUST0276,Kochi,South,Corporate,Beauty,Makeup Kit,1,4716.1,20,Credit Card,Online,Delivered,2023-09-12
ORD01978,2026-05-05,CUST0380,Coimbatore,South,Consumer,Home Appliances,Refrigerator,4,38381.8,20,UPI,Online,Delivered,2024-10-17
ORD01979,2025-12-21,CUST0962,Kolkata,East,Small Business,Electronics,Tablet,1,47947.45,5,UPI,Retail Store,Delivered,2024-06-26
ORD01980,2025-07-15,CUST1039,Hyderabad,South,Consumer,Fashion,Jeans,2,1914.82,20,Credit Card,Online,Delivered,2024-05-30
ORD01981,2026-06-29,CUST0369,Mumbai,West,Consumer,Home Appliances,Air Conditioner,2,47712.74,20,Debit Card,Online,Delivered,2025-04-03
ORD01982,2025-01-11,CUST1022,Mumbai,West,Consumer,Electronics,Headphones,1,13624.17,10,Net Banking,Online,Cancelled,2024-05-25
ORD01983,2026-08-05,CUST1022,Chennai,South,Corporate,Home Appliances,Refrigerator,2,67807.77,10,UPI,Retail Store,Cancelled,2024-05-25
ORD01984,2025-09-13,CUST0911,Kochi,South,Consumer,Fashion,Dress,4,4767.33,10,UPI,Marketplace,Delivered,2024-05-24
ORD01985,2026-01-31,CUST0168,Pune,West,Consumer,Home Appliances,Washing Machine,2,59779.23,5,Debit Card,Online,Delivered,2023-11-01
ORD01986,2026-02-13,CUST0836,Bengaluru,South,Consumer,Beauty,Hair Dryer,3,3864.12,10,UPI,Online,Delivered,2023-06-05
ORD01987,2025-12-28,CUST1126,Kochi,South,Consumer,Fashion,Dress,1,1265.57,15,UPI,Marketplace,Delivered,2024-03-03
ORD01988,2025-09-16,CUST0831,Coimbatore,South,Consumer,Home Appliances,Microwave,1,12329.02,10,Credit Card,Online,Delivered,2023-08-13
ORD01989,2025-01-03,CUST0410,Bengaluru,South,Consumer,Fashion,T-Shirt,1,1498.97,20,Credit Card,Online,Delivered,2024-05-16
ORD01990,2025-03-25,CUST0619,Bengaluru,South,Consumer,Beauty,Face Serum,4,1859.97,0,Credit Card,Marketplace,Delivered,2024-08-11
ORD01991,2025-06-05,CUST0783,Kochi,South,Consumer,Fashion,T-Shirt,1,1342.21,0,Credit Card,Online,Delivered,2024-03-19
ORD01992,2025-06-25,CUST0630,Kolkata,East,Corporate,Furniture,Bookshelf,2,6576.25,5,Cash on Delivery,Online,Delivered,2025-01-16
ORD01993,2026-04-17,CUST0134,Delhi,North,Corporate,Electronics,Tablet,2,17403.93,10,UPI,Marketplace,Delivered,2024-09-09
ORD01994,2026-09-11,CUST0374,Mumbai,West,Consumer,Electronics,Headphones,1,12449.08,10,UPI,Online,Delivered,2023-10-06
ORD01995,2026-02-28,CUST0957,Ahmedabad,West,Consumer,Electronics,Smartphone,1,42246.61,20,Cash on Delivery,Online,Delivered,2024-01-21
ORD01996,2025-05-14,CUST1024,Bengaluru,South,Consumer,Furniture,Office Chair,2,14465.81,0,Net Banking,Online,Delivered,2024-01-20
ORD01997,2026-01-15,CUST0159,Bengaluru,South,Corporate,Furniture,Bed,4,67334.01,10,UPI,Online,Delivered,2023-06-17
ORD01998,2025-10-04,CUST1138,Mumbai,West,Consumer,Beauty,Perfume,4,7279.95,0,Credit Card,Marketplace,Delivered,2023-04-16
ORD01999,2025-08-24,CUST0404,Kochi,South,Consumer,Furniture,Dining Table,5,20151.71,5,Credit Card,Retail Store,Returned,2024-04-15
ORD02000,2025-01-13,CUST0802,Bengaluru,South,Corporate,Electronics,Headphones,1,8665.0,15,UPI,Online,Delivered,2023-04-30
ORD02001,2025-12-08,CUST0889,Kolkata,East,Corporate,Home Appliances,Mixer,1,3631.32,25,Credit Card,Online,Delivered,2025-03-16
ORD02002,2025-02-04,CUST0968,Chennai,South,Consumer,Electronics,Tablet,1,31905.7,15,Net Banking,Retail Store,Delivered,2023-03-14
ORD02003,2026-07-13,CUST1126,Pune,West,Small Business,Furniture,Sofa,4,18608.28,10,Net Banking,Retail Store,Delivered,2024-03-03
ORD02004,2025-08-02,CUST0374,Hyderabad,South,Corporate,Beauty,Skincare Kit,5,4427.48,20,UPI,Online,Delivered,2023-10-06
ORD02005,2026-02-16,CUST1022,Kochi,South,Small Business,Fashion,Shoes,2,6291.35,20,UPI,Retail Store,Delivered,2024-05-25
ORD02006,2026-02-09,CUST0147,Bengaluru,South,Consumer,Electronics,Headphones,1,9379.07,5,UPI,Marketplace,Delivered,2023-11-29
ORD02007,2026-05-09,CUST0846,Ahmedabad,West,Small Business,Beauty,Perfume,1,2165.84,5,Credit Card,Retail Store,Delivered,2024-10-22
ORD02008,2025-06-08,CUST0889,Kolkata,East,Small Business,Beauty,Makeup Kit,4,5950.51,20,UPI,Retail Store,Delivered,2025-03-16
ORD02009,2026-09-29,CUST0821,Pune,West,Consumer,Beauty,Perfume,4,1092.62,5,Credit Card,Retail Store,Delivered,2024-11-23
ORD02010,2025-04-20,CUST0281,Delhi,North,Consumer,Fashion,Shoes,2,6907.01,10,UPI,Online,Delivered,2025-04-13
ORD02011,2026-07-03,CUST1037,Mumbai,West,Consumer,Home Appliances,Mixer,1,8343.75,20,Credit Card,Retail Store,Returned,2024-11-24
ORD02012,2026-06-10,CUST0197,Hyderabad,South,Consumer,Furniture,Dining Table,1,31809.45,10,UPI,Retail Store,Delivered,2024-08-14
ORD02013,2025-12-13,CUST0063,Coimbatore,South,Small Business,Beauty,Makeup Kit,2,4391.7,5,Debit Card,Online,Delivered,2023-08-24
ORD02014,2026-09-28,CUST0860,Chennai,South,Small Business,Electronics,Headphones,1,6805.88,5,Debit Card,Online,Delivered,2024-09-16
ORD02015,2025-10-06,CUST0581,Delhi,North,Consumer,Home Appliances,Mixer,1,4017.42,0,Credit Card,Marketplace,Delivered,2023-12-07
ORD02016,2026-04-24,CUST1013,Coimbatore,South,Consumer,Furniture,Office Chair,3,19508.41,15,Net Banking,Retail Store,Delivered,2024-06-09
ORD02017,2025-04-21,CUST0481,Hyderabad,South,Small Business,Fashion,Jacket,3,2282.98,20,Debit Card,Online,Delivered,2023-10-01
ORD02018,2026-09-28,CUST0197,Kolkata,East,Small Business,Home Appliances,Washing Machine,1,43569.55,10,Credit Card,Marketplace,Delivered,2024-08-14
ORD02019,2026-03-07,CUST0992,Delhi,North,Consumer,Fashion,Shoes,3,4736.91,5,Credit Card,Marketplace,Delivered,2024-07-06
ORD02020,2026-06-26,CUST0671,Hyderabad,South,Consumer,Fashion,Jacket,3,7802.53,5,UPI,Online,Delivered,2023-04-06
ORD02021,2025-04-25,CUST0217,Mumbai,West,Corporate,Electronics,Laptop,1,63166.26,20,Net Banking,Marketplace,Delivered,2023-06-25
ORD02022,2025-03-31,CUST0863,Chennai,South,Consumer,Beauty,Face Serum,2,786.9,15,Debit Card,Marketplace,Delivered,2023-05-15
ORD02023,2025-07-31,CUST0631,Kolkata,East,Corporate,Fashion,Jeans,1,1748.13,15,Credit Card,Marketplace,Delivered,2025-02-06
ORD02024,2026-07-04,CUST0742,Kolkata,East,Consumer,Fashion,Jacket,4,5583.44,0,Cash on Delivery,Online,Delivered,2023-07-28
ORD02025,2026-08-18,CUST0564,Bengaluru,South,Consumer,Furniture,Bookshelf,3,22331.16,10,UPI,Marketplace,Delivered,2023-05-25
ORD02026,2026-06-23,CUST0978,Pune,West,Consumer,Home Appliances,Washing Machine,1,56889.93,15,UPI,Online,Delivered,2024-08-13
ORD02027,2025-12-26,CUST0978,Kochi,South,Small Business,Fashion,T-Shirt,2,2321.58,0,Net Banking,Retail Store,Delivered,2024-08-13
ORD02028,2026-05-01,CUST0848,Ahmedabad,West,Small Business,Home Appliances,Washing Machine,3,33436.06,0,Cash on Delivery,Online,Delivered,2024-03-24
ORD02029,2026-01-07,CUST0120,Coimbatore,South,Consumer,Home Appliances,Refrigerator,1,44048.77,0,Debit Card,Online,Delivered,2024-12-16
ORD02030,2025-08-03,CUST0997,Hyderabad,South,Small Business,Furniture,Dining Table,1,38159.86,0,UPI,Retail Store,Delivered,2024-03-13
ORD02031,2025-01-15,CUST0814,Delhi,North,Small Business,Fashion,T-Shirt,1,1997.8,20,UPI,Online,Returned,2024-09-06
ORD02032,2025-09-16,CUST0842,Mumbai,West,Consumer,Electronics,Smartphone,1,44242.03,10,UPI,Retail Store,Delivered,2024-01-29
ORD02033,2026-04-08,CUST0460,Delhi,North,Consumer,Furniture,Sofa,1,32280.01,5,Debit Card,Online,Delivered,2023-07-06
ORD02034,2025-04-30,CUST1043,Pune,West,Corporate,Home Appliances,Refrigerator,1,49678.99,10,UPI,Online,Delivered,2024-12-29
ORD02035,2025-05-08,CUST0868,Hyderabad,South,Consumer,Home Appliances,Refrigerator,2,44609.68,25,Cash on Delivery,Retail Store,Delivered,2024-06-03
ORD02036,2026-06-07,CUST0126,Ahmedabad,West,Corporate,Electronics,Smartwatch,3,8788.92,15,Debit Card,Online,Delivered,2024-08-18
ORD02037,2025-11-21,CUST0502,Kolkata,East,Corporate,Electronics,Smartphone,1,68183.89,20,UPI,Online,Delivered,2023-10-15
ORD02038,2025-11-16,CUST1055,Bengaluru,South,Consumer,Furniture,Sofa,1,60706.3,0,Credit Card,Marketplace,Returned,2023-11-17
ORD02039,2026-05-21,CUST0056,Kochi,South,Consumer,Fashion,Jacket,3,4822.52,20,UPI,Retail Store,Cancelled,2023-12-24
ORD02040,2026-06-10,CUST1148,Kolkata,East,Consumer,Beauty,Makeup Kit,1,1303.91,5,UPI,Retail Store,Delivered,2024-06-18
ORD02041,2025-02-19,CUST0826,Delhi,North,Consumer,Furniture,Dining Table,2,20548.55,10,Net Banking,Online,Delivered,2024-08-02
ORD02042,2026-08-07,CUST0771,Bengaluru,South,Small Business,Furniture,Bookshelf,3,19826.57,10,Debit Card,Online,Delivered,2024-04-18
ORD02043,2025-03-10,CUST0314,Ahmedabad,West,Consumer,Beauty,Makeup Kit,3,1507.29,0,Credit Card,Retail Store,Delivered,2024-10-27
ORD02044,2026-01-26,CUST0278,Pune,West,Small Business,Furniture,Office Chair,1,18772.99,10,UPI,Retail Store,Delivered,2024-11-22
ORD02045,2026-01-18,CUST1121,Kochi,South,Corporate,Fashion,Jacket,2,5590.78,10,Credit Card,Retail Store,Delivered,2024-02-18
ORD02046,2025-01-16,CUST0365,Delhi,North,Consumer,Fashion,Jacket,1,3748.55,15,Credit Card,Online,Cancelled,2024-06-27
ORD02047,2026-03-15,CUST0922,Coimbatore,South,Corporate,Electronics,Tablet,2,12719.55,15,UPI,Marketplace,Delivered,2023-12-09
ORD02048,2026-07-22,CUST0486,Kolkata,East,Corporate,Electronics,Tablet,3,46326.2,10,Net Banking,Retail Store,Delivered,2024-02-12
ORD02049,2026-09-09,CUST0164,Delhi,North,Small Business,Fashion,T-Shirt,2,2316.09,0,UPI,Online,Delivered,2023-02-19
ORD02050,2025-05-12,CUST0018,Kochi,South,Consumer,Beauty,Makeup Kit,2,4853.99,10,Credit Card,Marketplace,Delivered,2024-11-01
ORD02051,2026-07-14,CUST0667,Coimbatore,South,Consumer,Beauty,Skincare Kit,2,2537.4,15,UPI,Online,Delivered,2023-01-27
ORD02052,2025-09-05,CUST1169,Coimbatore,South,Small Business,Electronics,Tablet,1,19449.13,10,Debit Card,Online,Delivered,2024-08-16
ORD02053,2025-09-30,CUST0463,Coimbatore,South,Consumer,Furniture,Bed,1,56493.31,5,UPI,Retail Store,Returned,2025-04-10
ORD02054,2026-09-15,CUST0451,Hyderabad,South,Consumer,Home Appliances,Refrigerator,4,28235.04,10,Net Banking,Marketplace,Delivered,2024-10-22
ORD02055,2025-12-15,CUST0427,Pune,West,Consumer,Home Appliances,Washing Machine,2,50097.42,20,Credit Card,Retail Store,Returned,2024-03-27
ORD02056,2026-04-29,CUST0641,Mumbai,West,Corporate,Beauty,Skincare Kit,2,1569.43,5,Credit Card,Online,Delivered,2025-04-29
ORD02057,2026-07-04,CUST0539,Delhi,North,Consumer,Fashion,Dress,1,1857.38,5,Cash on Delivery,Online,Delivered,2024-08-21
ORD02058,2025-12-23,CUST1043,Kolkata,East,Corporate,Electronics,Headphones,1,13909.76,20,UPI,Retail Store,Delivered,2024-12-29
ORD02059,2025-11-14,CUST0623,Coimbatore,South,Consumer,Home Appliances,Air Conditioner,1,60147.25,5,UPI,Retail Store,Delivered,2024-07-27
ORD02060,2026-09-25,CUST0625,Pune,West,Small Business,Electronics,Headphones,4,2955.0,10,Credit Card,Retail Store,Delivered,2023-06-03
ORD02061,2025-02-17,CUST0161,Ahmedabad,West,Corporate,Electronics,Laptop,2,67132.34,25,Net Banking,Retail Store,Delivered,2024-06-16
ORD02062,2025-01-10,CUST1176,Mumbai,West,Consumer,Home Appliances,Refrigerator,1,40216.43,0,UPI,Online,Returned,2023-12-04
ORD02063,2025-08-21,CUST0279,Mumbai,West,Small Business,Furniture,Office Chair,1,6901.37,5,Net Banking,Retail Store,Delivered,2023-09-21
ORD02064,2025-02-05,CUST0089,Kolkata,East,Corporate,Fashion,Jeans,1,3004.13,10,Debit Card,Retail Store,Delivered,2023-11-26
ORD02065,2026-02-17,CUST0802,Delhi,North,Corporate,Home Appliances,Air Conditioner,1,41505.1,5,Credit Card,Online,Delivered,2023-04-30
ORD02066,2026-04-07,CUST0734,Ahmedabad,West,Consumer,Home Appliances,Mixer,3,5710.69,20,UPI,Retail Store,Delivered,2025-04-09
ORD02067,2025-01-04,CUST0511,Coimbatore,South,Consumer,Fashion,Shoes,3,9324.51,10,Net Banking,Online,Delivered,2024-02-28
ORD02068,2025-02-13,CUST0519,Mumbai,West,Small Business,Fashion,T-Shirt,5,1418.24,20,UPI,Online,Delivered,2023-10-31
ORD02069,2026-07-22,CUST0936,Kolkata,East,Corporate,Home Appliances,Microwave,3,21934.52,15,UPI,Retail Store,Delivered,2024-12-16
ORD02070,2026-07-08,CUST0225,Bengaluru,South,Consumer,Electronics,Laptop,1,67247.18,0,Debit Card,Retail Store,Cancelled,2025-01-22
ORD02071,2025-09-12,CUST0971,Kolkata,East,Corporate,Home Appliances,Refrigerator,2,54713.66,10,UPI,Marketplace,Delivered,2024-07-15
ORD02072,2025-04-24,CUST0789,Mumbai,West,Consumer,Fashion,Dress,1,4754.0,15,Debit Card,Online,Delivered,2025-03-20
ORD02073,2026-02-01,CUST0513,Mumbai,West,Corporate,Fashion,T-Shirt,1,707.98,15,Net Banking,Marketplace,Delivered,2023-07-24
ORD02074,2025-06-23,CUST0562,Kolkata,East,Consumer,Fashion,Jacket,1,1996.62,15,UPI,Marketplace,Delivered,2023-06-28
ORD02075,2025-09-12,CUST0290,Kochi,South,Consumer,Home Appliances,Microwave,1,18503.85,10,UPI,Retail Store,Delivered,2023-11-04
ORD02076,2026-04-11,CUST0890,Delhi,North,Corporate,Furniture,Dining Table,1,59730.84,15,Credit Card,Marketplace,Delivered,2024-03-09
ORD02077,2025-10-04,CUST0633,Chennai,South,Corporate,Home Appliances,Refrigerator,1,57130.34,15,Debit Card,Marketplace,Returned,2023-04-17
ORD02078,2026-04-09,CUST0386,Hyderabad,South,Corporate,Electronics,Headphones,2,10306.4,10,Credit Card,Online,Delivered,2025-01-17
ORD02079,2026-05-17,CUST0738,Bengaluru,South,Consumer,Electronics,Headphones,1,6614.17,5,Credit Card,Retail Store,Delivered,2025-04-24
ORD02080,2026-03-17,CUST1199,Kolkata,East,Corporate,Fashion,Jacket,1,7000.68,10,Net Banking,Marketplace,Delivered,2024-05-18
ORD02081,2025-03-10,CUST0533,Coimbatore,South,Corporate,Beauty,Face Serum,2,1050.54,10,UPI,Online,Delivered,2025-03-09
ORD02082,2026-05-24,CUST1098,Chennai,South,Consumer,Electronics,Tablet,1,17375.02,15,UPI,Retail Store,Delivered,2024-05-05
ORD02083,2025-11-22,CUST0428,Mumbai,West,Consumer,Fashion,Jacket,2,6320.61,5,Credit Card,Marketplace,Returned,2024-05-30
ORD02084,2025-03-08,CUST0064,Kolkata,East,Consumer,Furniture,Dining Table,1,25753.37,10,Credit Card,Online,Returned,2024-02-14
ORD02085,2025-10-31,CUST0230,Pune,West,Consumer,Furniture,Bed,2,43320.98,10,Debit Card,Retail Store,Delivered,2024-10-25
ORD02086,2026-04-29,CUST0513,Delhi,North,Corporate,Beauty,Face Serum,1,2973.72,10,Cash on Delivery,Online,Cancelled,2023-07-24
ORD02087,2026-07-02,CUST0238,Pune,West,Consumer,Electronics,Smartwatch,3,20371.55,20,UPI,Marketplace,Delivered,2025-05-26
ORD02088,2026-02-21,CUST0001,Kochi,South,Consumer,Electronics,Smartwatch,2,7809.91,0,Debit Card,Marketplace,Delivered,2023-08-26
ORD02089,2025-06-08,CUST1090,Kochi,South,Small Business,Fashion,Jacket,5,5036.84,10,Net Banking,Marketplace,Delivered,2023-07-21
ORD02090,2025-05-29,CUST1002,Ahmedabad,West,Consumer,Furniture,Office Chair,1,18104.6,5,UPI,Marketplace,Delivered,2023-11-20
ORD02091,2025-01-27,CUST0889,Mumbai,West,Corporate,Beauty,Hair Dryer,3,2578.36,15,Credit Card,Retail Store,Delivered,2025-03-16
ORD02092,2026-08-07,CUST0194,Mumbai,West,Consumer,Home Appliances,Mixer,2,3086.44,15,Net Banking,Online,Delivered,2023-11-24
ORD02093,2025-09-05,CUST0135,Coimbatore,South,Consumer,Electronics,Smartwatch,1,16222.48,10,UPI,Marketplace,Delivered,2024-10-02
ORD02094,2025-04-11,CUST0082,Chennai,South,Small Business,Furniture,Sofa,1,19229.03,5,Cash on Delivery,Online,Delivered,2025-05-11
ORD02095,2025-04-06,CUST0867,Ahmedabad,West,Small Business,Furniture,Bookshelf,2,7893.8,10,UPI,Online,Delivered,2023-10-10
ORD02096,2026-01-19,CUST1108,Kochi,South,Consumer,Home Appliances,Refrigerator,3,65109.71,10,UPI,Marketplace,Delivered,2023-08-06
ORD02097,2025-10-09,CUST0526,Delhi,North,Small Business,Furniture,Sofa,1,65800.72,10,Credit Card,Online,Delivered,2024-05-29
ORD02098,2025-11-18,CUST0134,Kochi,South,Consumer,Fashion,Dress,1,1547.67,15,UPI,Online,Delivered,2024-09-09
ORD02099,2026-01-31,CUST0632,Mumbai,West,Consumer,Furniture,Office Chair,1,18256.43,0,Debit Card,Online,Delivered,2024-02-11
ORD02100,2025-10-05,CUST0436,Kolkata,East,Corporate,Beauty,Skincare Kit,1,1041.35,10,UPI,Online,Delivered,2025-01-10
ORD02101,2026-06-13,CUST0470,Ahmedabad,West,Small Business,Electronics,Tablet,1,37818.43,0,Net Banking,Online,Delivered,2023-06-30
ORD02102,2025-09-20,CUST0755,Mumbai,West,Consumer,Electronics,Smartwatch,2,4974.45,10,Cash on Delivery,Retail Store,Delivered,2024-07-18
ORD02103,2026-09-11,CUST0862,Hyderabad,South,Corporate,Furniture,Office Chair,1,9156.68,5,Credit Card,Online,Delivered,2024-06-16
ORD02104,2026-08-03,CUST0124,Kolkata,East,Consumer,Furniture,Sofa,3,40012.82,10,UPI,Marketplace,Delivered,2024-04-20
ORD02105,2025-10-20,CUST0045,Coimbatore,South,Corporate,Home Appliances,Refrigerator,1,69472.64,25,Debit Card,Marketplace,Delivered,2025-05-15
ORD02106,2025-10-21,CUST1197,Pune,West,Consumer,Home Appliances,Mixer,5,2949.81,20,Debit Card,Online,Delivered,2024-07-24
ORD02107,2026-08-31,CUST0252,Bengaluru,South,Consumer,Electronics,Smartphone,2,65177.36,10,UPI,Marketplace,Delivered,2025-02-08
ORD02108,2026-01-30,CUST0063,Bengaluru,South,Consumer,Home Appliances,Microwave,1,9328.46,5,Credit Card,Marketplace,Delivered,2023-08-24
ORD02109,2026-05-28,CUST0218,Pune,West,Consumer,Beauty,Face Serum,3,3008.92,5,Credit Card,Marketplace,Delivered,2025-06-03
ORD02110,2025-06-29,CUST0050,Hyderabad,South,Consumer,Electronics,Laptop,2,52266.74,10,Credit Card,Online,Returned,2023-12-17
ORD02111,2025-08-23,CUST0485,Chennai,South,Consumer,Fashion,Shoes,1,9101.35,5,UPI,Retail Store,Delivered,2024-11-02
ORD02112,2025-12-03,CUST0957,Delhi,North,Consumer,Home Appliances,Air Conditioner,3,35931.16,5,Credit Card,Retail Store,Delivered,2024-01-21
ORD02113,2025-01-08,CUST0424,Kolkata,East,Consumer,Furniture,Sofa,2,60758.55,15,Net Banking,Online,Delivered,2023-07-07
ORD02114,2026-03-19,CUST0547,Kochi,South,Consumer,Fashion,Dress,1,5054.41,5,Credit Card,Retail Store,Delivered,2023-12-17
ORD02115,2026-06-23,CUST0818,Hyderabad,South,Small Business,Furniture,Office Chair,2,13507.76,5,UPI,Retail Store,Delivered,2025-04-09
ORD02116,2025-04-01,CUST0626,Delhi,North,Corporate,Electronics,Laptop,2,80484.35,20,UPI,Retail Store,Delivered,2025-02-24
ORD02117,2025-09-29,CUST1024,Pune,West,Consumer,Furniture,Dining Table,1,52223.68,5,Credit Card,Marketplace,Delivered,2024-01-20
ORD02118,2025-01-05,CUST1028,Hyderabad,South,Consumer,Fashion,Dress,2,6333.74,10,UPI,Retail Store,Delivered,2023-07-14
ORD02119,2026-08-17,CUST0018,Ahmedabad,West,Consumer,Furniture,Bookshelf,1,13306.33,5,UPI,Retail Store,Delivered,2024-11-01
ORD02120,2025-08-07,CUST0929,Ahmedabad,West,Consumer,Furniture,Bed,1,36459.83,20,Net Banking,Marketplace,Delivered,2023-07-04
ORD02121,2025-04-28,CUST0564,Bengaluru,South,Consumer,Furniture,Bookshelf,3,12649.02,25,Credit Card,Online,Delivered,2023-05-25
ORD02122,2026-08-16,CUST1188,Hyderabad,South,Corporate,Home Appliances,Refrigerator,1,31670.46,15,UPI,Online,Delivered,2023-01-19
ORD02123,2026-08-05,CUST0600,Kochi,South,Corporate,Beauty,Makeup Kit,3,5995.81,5,Credit Card,Online,Delivered,2023-08-19
ORD02124,2025-04-25,CUST1185,Kochi,South,Small Business,Electronics,Headphones,1,4368.57,15,UPI,Marketplace,Delivered,2025-01-12
ORD02125,2025-09-20,CUST0893,Kochi,South,Consumer,Fashion,T-Shirt,2,600.28,10,UPI,Online,Delivered,2024-07-21
ORD02126,2025-11-02,CUST0276,Ahmedabad,West,Small Business,Home Appliances,Refrigerator,2,44492.05,20,Debit Card,Online,Delivered,2023-09-12
ORD02127,2026-02-26,CUST0659,Delhi,North,Corporate,Electronics,Laptop,1,94531.14,20,Debit Card,Marketplace,Delivered,2023-06-10
ORD02128,2025-07-26,CUST1192,Kochi,South,Consumer,Furniture,Bed,1,61477.81,10,UPI,Online,Returned,2023-01-24
ORD02129,2026-09-15,CUST1022,Delhi,North,Consumer,Home Appliances,Washing Machine,1,26551.38,20,Debit Card,Marketplace,Delivered,2024-05-25
ORD02130,2025-10-30,CUST0112,Mumbai,West,Consumer,Furniture,Office Chair,1,10969.17,10,UPI,Online,Delivered,2024-12-17
ORD02131,2025-04-22,CUST0848,Delhi,North,Consumer,Fashion,T-Shirt,2,1343.11,10,UPI,Online,Delivered,2024-03-24
ORD02132,2026-02-21,CUST0428,Kochi,South,Consumer,Electronics,Laptop,1,91732.68,0,Cash on Delivery,Online,Delivered,2024-05-30
ORD02133,2026-07-09,CUST0016,Chennai,South,Corporate,Electronics,Tablet,2,26096.03,10,Net Banking,Online,Delivered,2025-04-07
ORD02134,2025-10-12,CUST0498,Kolkata,East,Small Business,Home Appliances,Refrigerator,1,54451.33,0,Net Banking,Online,Delivered,2023-07-21
ORD02135,2025-07-04,CUST0253,Mumbai,West,Consumer,Electronics,Headphones,1,4713.18,10,Cash on Delivery,Marketplace,Returned,2025-06-11
ORD02136,2025-08-09,CUST0971,Kolkata,East,Corporate,Beauty,Perfume,1,1719.1,5,UPI,Online,Returned,2024-07-15
ORD02137,2026-03-20,CUST0419,Pune,West,Consumer,Electronics,Laptop,2,54354.53,5,UPI,Retail Store,Delivered,2023-06-02
ORD02138,2025-04-27,CUST0975,Ahmedabad,West,Consumer,Beauty,Perfume,1,2889.29,10,Net Banking,Online,Delivered,2024-03-16
ORD02139,2025-03-11,CUST0002,Hyderabad,South,Corporate,Home Appliances,Microwave,1,17324.4,10,UPI,Online,Returned,2023-06-22
ORD02140,2025-03-11,CUST0373,Chennai,South,Consumer,Fashion,Dress,1,6872.04,25,UPI,Online,Delivered,2024-12-28
ORD02141,2026-09-14,CUST0260,Kolkata,East,Consumer,Furniture,Dining Table,1,24108.84,0,Debit Card,Online,Delivered,2024-11-16
ORD02142,2026-03-03,CUST0252,Pune,West,Consumer,Fashion,Jeans,1,3845.52,10,UPI,Marketplace,Delivered,2025-02-08
ORD02143,2026-07-22,CUST0084,Coimbatore,South,Consumer,Furniture,Bookshelf,1,22590.16,5,Credit Card,Marketplace,Delivered,2025-03-22
ORD02144,2026-03-19,CUST0216,Chennai,South,Small Business,Home Appliances,Washing Machine,3,37994.95,15,Net Banking,Online,Delivered,2025-06-02
ORD02145,2026-08-24,CUST0681,Chennai,South,Small Business,Fashion,T-Shirt,1,2412.34,10,UPI,Marketplace,Delivered,2025-06-17
ORD02146,2025-05-17,CUST0352,Chennai,South,Corporate,Fashion,Shoes,1,9558.42,25,UPI,Online,Delivered,2023-01-13
ORD02147,2026-05-19,CUST0512,Coimbatore,South,Corporate,Fashion,Jeans,3,2723.66,25,Debit Card,Retail Store,Returned,2024-11-29
ORD02148,2025-05-11,CUST0471,Pune,West,Consumer,Beauty,Skincare Kit,1,4181.83,10,UPI,Online,Delivered,2023-01-25
ORD02149,2025-08-06,CUST1039,Chennai,South,Consumer,Fashion,Shoes,1,9000.41,5,Debit Card,Retail Store,Delivered,2024-05-30
ORD02150,2025-06-20,CUST1076,Kochi,South,Consumer,Furniture,Office Chair,5,14345.79,5,Debit Card,Marketplace,Delivered,2024-01-11
ORD02151,2026-04-20,CUST0612,Mumbai,West,Corporate,Electronics,Headphones,2,6302.45,15,Credit Card,Marketplace,Delivered,2024-05-03
ORD02152,2026-09-04,CUST0406,Kolkata,East,Consumer,Furniture,Dining Table,1,50260.79,10,Credit Card,Marketplace,Delivered,2023-10-16
ORD02153,2025-05-09,CUST0121,Chennai,South,Consumer,Fashion,Dress,2,6724.59,10,Debit Card,Retail Store,Delivered,2025-03-04
ORD02154,2025-02-26,CUST1138,Mumbai,West,Consumer,Electronics,Headphones,2,14392.51,0,Credit Card,Retail Store,Cancelled,2023-04-16
ORD02155,2025-06-30,CUST0071,Coimbatore,South,Consumer,Furniture,Bed,1,41511.1,0,Net Banking,Online,Delivered,2025-03-04
ORD02156,2025-09-03,CUST0363,Kolkata,East,Corporate,Fashion,Jacket,1,7368.45,5,UPI,Retail Store,Delivered,2024-03-25
ORD02157,2025-05-24,CUST0365,Kolkata,East,Consumer,Fashion,Dress,1,4005.77,10,Credit Card,Retail Store,Delivered,2024-06-27
ORD02158,2025-02-20,CUST0386,Hyderabad,South,Corporate,Beauty,Makeup Kit,1,3058.44,10,UPI,Online,Delivered,2025-01-17
ORD02159,2026-01-03,CUST0187,Mumbai,West,Consumer,Electronics,Tablet,1,16985.13,15,Debit Card,Marketplace,Delivered,2023-12-31
ORD02160,2026-04-04,CUST0934,Kochi,South,Consumer,Electronics,Tablet,2,27333.89,15,Debit Card,Marketplace,Delivered,2023-08-29
ORD02161,2025-08-06,CUST0138,Mumbai,West,Small Business,Electronics,Smartphone,4,18312.29,20,Credit Card,Marketplace,Delivered,2023-06-11
ORD02162,2026-09-08,CUST0771,Kolkata,East,Small Business,Beauty,Perfume,2,4757.67,5,UPI,Online,Delivered,2024-04-18
ORD02163,2026-07-21,CUST0140,Bengaluru,South,Consumer,Electronics,Tablet,1,47035.85,5,UPI,Online,Returned,2023-06-30
ORD02164,2025-09-14,CUST0087,Chennai,South,Consumer,Furniture,Bookshelf,1,16012.34,20,Credit Card,Marketplace,Delivered,2024-03-30
ORD02165,2025-06-05,CUST1085,Bengaluru,South,Consumer,Home Appliances,Washing Machine,1,31042.49,20,Credit Card,Retail Store,Delivered,2025-06-04
ORD02166,2026-07-19,CUST0218,Mumbai,West,Consumer,Fashion,Dress,2,3286.26,20,UPI,Online,Delivered,2025-06-03
ORD02167,2026-03-18,CUST0971,Kochi,South,Corporate,Fashion,Jacket,2,7186.14,10,Credit Card,Marketplace,Delivered,2024-07-15
ORD02168,2025-01-25,CUST0667,Chennai,South,Consumer,Fashion,Jacket,3,7014.37,20,Credit Card,Marketplace,Delivered,2023-01-27
ORD02169,2026-06-20,CUST0096,Chennai,South,Consumer,Electronics,Smartphone,3,53388.86,10,UPI,Marketplace,Delivered,2024-10-05
ORD02170,2025-03-01,CUST1141,Kolkata,East,Consumer,Fashion,Jeans,2,1621.43,10,UPI,Online,Delivered,2024-06-25
ORD02171,2026-04-12,CUST0271,Kochi,South,Consumer,Fashion,Dress,1,5622.67,10,Debit Card,Online,Cancelled,2023-03-11
ORD02172,2026-03-10,CUST1023,Ahmedabad,West,Corporate,Electronics,Smartphone,4,57058.51,0,Credit Card,Marketplace,Delivered,2024-02-27
ORD02173,2025-03-07,CUST0197,Coimbatore,South,Small Business,Electronics,Laptop,2,99535.81,0,Credit Card,Retail Store,Delivered,2024-08-14
ORD02174,2026-07-19,CUST1016,Mumbai,West,Consumer,Fashion,T-Shirt,5,1087.21,15,UPI,Online,Delivered,2025-05-22
ORD02175,2025-04-16,CUST0024,Coimbatore,South,Corporate,Electronics,Tablet,1,39457.7,15,Net Banking,Marketplace,Delivered,2025-03-04
ORD02176,2025-04-06,CUST0632,Bengaluru,South,Consumer,Furniture,Bed,1,27229.08,10,Credit Card,Marketplace,Delivered,2024-02-11
ORD02177,2026-07-05,CUST0916,Bengaluru,South,Consumer,Home Appliances,Washing Machine,1,58633.08,15,Net Banking,Online,Delivered,2023-10-20
ORD02178,2025-06-17,CUST1120,Kochi,South,Consumer,Home Appliances,Washing Machine,2,43302.53,10,Cash on Delivery,Online,Delivered,2025-03-26
ORD02179,2025-02-11,CUST1085,Hyderabad,South,Small Business,Home Appliances,Air Conditioner,3,44593.28,20,UPI,Retail Store,Returned,2025-06-04
ORD02180,2025-04-14,CUST0971,Coimbatore,South,Corporate,Fashion,Dress,1,1847.18,15,UPI,Online,Delivered,2024-07-15
ORD02181,2025-07-23,CUST1055,Pune,West,Corporate,Fashion,Dress,3,1376.28,20,Debit Card,Online,Delivered,2023-11-17
ORD02182,2026-06-04,CUST0226,Mumbai,West,Corporate,Home Appliances,Washing Machine,4,38953.73,20,Credit Card,Online,Delivered,2023-10-03
ORD02183,2025-10-09,CUST0342,Mumbai,West,Consumer,Beauty,Perfume,1,2998.99,20,Credit Card,Retail Store,Returned,2024-04-23
ORD02184,2025-02-12,CUST0348,Mumbai,West,Consumer,Furniture,Bed,2,56331.15,5,Credit Card,Online,Delivered,2024-01-13
ORD02185,2025-04-20,CUST0471,Pune,West,Consumer,Furniture,Bed,1,27657.11,10,Cash on Delivery,Marketplace,Delivered,2023-01-25
ORD02186,2025-07-29,CUST0486,Hyderabad,South,Small Business,Furniture,Office Chair,1,9396.27,5,Debit Card,Online,Delivered,2024-02-12
ORD02187,2025-02-18,CUST0667,Hyderabad,South,Consumer,Home Appliances,Washing Machine,2,33585.53,10,Debit Card,Retail Store,Delivered,2023-01-27
ORD02188,2025-04-25,CUST0185,Coimbatore,South,Consumer,Home Appliances,Microwave,1,12335.09,0,Debit Card,Online,Cancelled,2023-03-07
ORD02189,2025-06-04,CUST0836,Ahmedabad,West,Small Business,Electronics,Headphones,2,14098.36,15,UPI,Online,Delivered,2023-06-05
ORD02190,2026-05-18,CUST0194,Kolkata,East,Consumer,Furniture,Bookshelf,5,6192.29,20,UPI,Online,Delivered,2023-11-24
ORD02191,2025-03-12,CUST0374,Hyderabad,South,Consumer,Home Appliances,Washing Machine,2,26587.1,20,Net Banking,Online,Delivered,2023-10-06
ORD02192,2026-06-03,CUST0621,Pune,West,Small Business,Home Appliances,Mixer,3,4509.42,25,UPI,Online,Delivered,2024-05-27
ORD02193,2025-12-02,CUST0948,Pune,West,Consumer,Electronics,Laptop,2,96685.89,15,Credit Card,Retail Store,Delivered,2023-01-05
ORD02194,2025-03-08,CUST0884,Mumbai,West,Consumer,Fashion,Jeans,1,4942.05,0,Cash on Delivery,Online,Delivered,2023-09-29
ORD02195,2026-05-08,CUST0783,Ahmedabad,West,Consumer,Home Appliances,Washing Machine,2,48415.98,5,Cash on Delivery,Retail Store,Delivered,2024-03-19
ORD02196,2025-08-01,CUST0179,Delhi,North,Consumer,Beauty,Makeup Kit,2,4741.51,5,Net Banking,Marketplace,Delivered,2025-04-27
ORD02197,2025-06-30,CUST0669,Chennai,South,Consumer,Fashion,Jacket,3,5980.19,25,UPI,Retail Store,Delivered,2023-03-08
ORD02198,2026-09-05,CUST0108,Kochi,South,Corporate,Electronics,Smartphone,2,43492.09,0,Debit Card,Online,Delivered,2023-06-11
ORD02199,2026-08-22,CUST0471,Pune,West,Consumer,Furniture,Bed,2,28800.39,20,Credit Card,Online,Delivered,2023-01-25
ORD02200,2026-08-26,CUST0508,Ahmedabad,West,Consumer,Furniture,Bookshelf,1,6812.44,10,Credit Card,Online,Delivered,2023-02-21
ORD02201,2025-09-05,CUST0051,Chennai,South,Consumer,Beauty,Face Serum,3,1329.12,10,Credit Card,Marketplace,Delivered,2023-01-09
ORD02202,2025-08-02,CUST0316,Coimbatore,South,Consumer,Electronics,Laptop,1,71648.81,20,UPI,Online,Delivered,2024-06-02
ORD02203,2025-12-25,CUST1141,Kochi,South,Consumer,Electronics,Laptop,1,71979.87,20,UPI,Online,Delivered,2024-06-25
ORD02204,2025-09-06,CUST1138,Kolkata,East,Small Business,Fashion,Dress,1,1691.94,10,Debit Card,Retail Store,Delivered,2023-04-16
ORD02205,2026-09-30,CUST0439,Bengaluru,South,Consumer,Furniture,Bed,2,26519.15,15,Net Banking,Online,Delivered,2024-11-14
ORD02206,2026-05-31,CUST0054,Chennai,South,Consumer,Beauty,Skincare Kit,1,3631.18,10,Debit Card,Retail Store,Delivered,2024-06-16
ORD02207,2025-03-29,CUST0208,Coimbatore,South,Small Business,Home Appliances,Refrigerator,1,60597.17,5,UPI,Marketplace,Delivered,2024-05-08
ORD02208,2025-06-25,CUST0486,Kolkata,East,Small Business,Electronics,Laptop,3,85417.96,15,Credit Card,Online,Delivered,2024-02-12
ORD02209,2026-03-02,CUST1128,Coimbatore,South,Consumer,Electronics,Tablet,2,23168.48,0,Credit Card,Online,Delivered,2023-03-25
ORD02210,2026-08-26,CUST0164,Chennai,South,Small Business,Home Appliances,Air Conditioner,1,51946.73,20,Debit Card,Retail Store,Delivered,2023-02-19
ORD02211,2025-03-22,CUST0908,Kolkata,East,Consumer,Furniture,Office Chair,3,16725.84,20,UPI,Marketplace,Delivered,2024-01-18
ORD02212,2025-05-18,CUST0123,Ahmedabad,West,Corporate,Fashion,Shoes,1,5874.22,5,Credit Card,Marketplace,Delivered,2023-07-08
ORD02213,2026-03-09,CUST1173,Coimbatore,South,Consumer,Furniture,Bookshelf,1,6341.65,5,Credit Card,Online,Cancelled,2023-04-07
ORD02214,2026-04-15,CUST0476,Coimbatore,South,Corporate,Beauty,Skincare Kit,1,3327.3,25,Cash on Delivery,Marketplace,Delivered,2024-07-14
ORD02215,2025-12-16,CUST0921,Coimbatore,South,Consumer,Electronics,Smartphone,3,29666.24,10,Credit Card,Online,Delivered,2023-01-29
ORD02216,2025-05-06,CUST0426,Pune,West,Consumer,Home Appliances,Mixer,1,6356.03,5,UPI,Online,Delivered,2023-05-11
ORD02217,2025-11-05,CUST0766,Pune,West,Consumer,Furniture,Sofa,1,72924.16,5,UPI,Online,Delivered,2023-01-25
ORD02218,2025-08-18,CUST0221,Chennai,South,Corporate,Fashion,Jacket,2,7380.78,0,Net Banking,Online,Delivered,2023-12-30
ORD02219,2026-04-05,CUST0167,Pune,West,Consumer,Electronics,Smartphone,2,64502.56,15,Net Banking,Retail Store,Delivered,2024-02-20
ORD02220,2025-12-11,CUST1121,Kochi,South,Consumer,Electronics,Smartwatch,1,14698.48,10,Credit Card,Online,Delivered,2024-02-18
ORD02221,2025-11-06,CUST1095,Mumbai,West,Consumer,Fashion,T-Shirt,1,1807.85,20,UPI,Retail Store,Returned,2024-09-13
ORD02222,2025-01-20,CUST1055,Bengaluru,South,Small Business,Electronics,Headphones,4,8443.75,0,UPI,Retail Store,Delivered,2023-11-17
ORD02223,2026-07-15,CUST0760,Mumbai,West,Corporate,Electronics,Smartphone,3,21872.78,5,Net Banking,Retail Store,Delivered,2025-03-29
ORD02224,2026-06-25,CUST0961,Delhi,North,Consumer,Beauty,Skincare Kit,1,3192.64,15,UPI,Marketplace,Delivered,2024-09-16
ORD02225,2026-07-14,CUST0084,Coimbatore,South,Small Business,Fashion,Jacket,1,4865.3,5,Net Banking,Marketplace,Returned,2025-03-22
ORD02226,2026-04-22,CUST0414,Kochi,South,Consumer,Beauty,Hair Dryer,2,4026.7,15,UPI,Online,Delivered,2025-05-02
ORD02227,2025-09-26,CUST0376,Delhi,North,Corporate,Electronics,Laptop,1,98058.37,0,UPI,Retail Store,Delivered,2024-09-01
ORD02228,2025-01-03,CUST0772,Mumbai,West,Corporate,Electronics,Tablet,4,33106.61,15,UPI,Online,Delivered,2023-08-11
ORD02229,2025-01-16,CUST0449,Kolkata,East,Small Business,Beauty,Makeup Kit,1,2491.04,10,Debit Card,Marketplace,Delivered,2025-03-24
ORD02230,2026-08-29,CUST0168,Chennai,South,Consumer,Fashion,Dress,4,2881.29,5,Cash on Delivery,Online,Delivered,2023-11-01
ORD02231,2025-12-24,CUST0738,Delhi,North,Consumer,Home Appliances,Washing Machine,1,47416.54,20,Credit Card,Retail Store,Delivered,2025-04-24
ORD02232,2025-05-13,CUST0970,Hyderabad,South,Consumer,Electronics,Laptop,2,72738.53,5,UPI,Online,Delivered,2024-07-26
ORD02233,2025-11-08,CUST0479,Hyderabad,South,Consumer,Furniture,Bookshelf,2,24623.78,0,Credit Card,Marketplace,Delivered,2023-06-24
ORD02234,2026-04-27,CUST0148,Coimbatore,South,Small Business,Fashion,T-Shirt,3,2034.29,5,UPI,Online,Delivered,2024-04-10
ORD02235,2026-06-28,CUST0226,Delhi,North,Consumer,Electronics,Laptop,2,74864.38,25,UPI,Retail Store,Delivered,2023-10-03
ORD02236,2025-11-01,CUST0257,Pune,West,Corporate,Home Appliances,Mixer,1,8518.45,20,UPI,Online,Delivered,2023-12-16
ORD02237,2025-09-26,CUST0367,Kolkata,East,Small Business,Electronics,Smartphone,1,79668.58,0,UPI,Online,Delivered,2023-06-10
ORD02238,2026-02-18,CUST0777,Hyderabad,South,Corporate,Furniture,Bed,1,61956.84,5,UPI,Retail Store,Delivered,2024-02-06
ORD02239,2025-01-25,CUST0741,Ahmedabad,West,Consumer,Home Appliances,Mixer,1,6825.94,20,UPI,Online,Delivered,2024-05-04
ORD02240,2025-11-12,CUST0840,Coimbatore,South,Corporate,Beauty,Skincare Kit,2,3276.97,10,Credit Card,Online,Delivered,2024-10-06
ORD02241,2026-07-25,CUST0460,Pune,West,Consumer,Fashion,Dress,2,3134.21,10,UPI,Marketplace,Delivered,2023-07-06
ORD02242,2025-10-03,CUST0972,Mumbai,West,Small Business,Furniture,Bed,2,40304.36,5,UPI,Marketplace,Delivered,2023-05-02
ORD02243,2026-01-24,CUST0230,Kochi,South,Consumer,Electronics,Smartwatch,2,21871.58,20,Debit Card,Marketplace,Returned,2024-10-25
ORD02244,2026-03-20,CUST0569,Coimbatore,South,Consumer,Beauty,Makeup Kit,1,5184.15,5,UPI,Online,Delivered,2024-10-30
ORD02245,2026-03-03,CUST0954,Kolkata,East,Corporate,Fashion,Dress,1,3007.92,25,Credit Card,Online,Cancelled,2025-05-04
ORD02246,2025-02-26,CUST0209,Delhi,North,Corporate,Home Appliances,Washing Machine,1,42364.84,5,Credit Card,Online,Delivered,2024-06-29
ORD02247,2026-07-20,CUST0124,Delhi,North,Consumer,Fashion,Shoes,2,8922.24,5,Net Banking,Online,Delivered,2024-04-20
ORD02248,2026-01-03,CUST1052,Mumbai,West,Consumer,Electronics,Smartphone,2,75006.94,15,Cash on Delivery,Online,Delivered,2023-04-03
ORD02249,2025-12-08,CUST0427,Pune,West,Consumer,Home Appliances,Microwave,1,12358.55,10,Net Banking,Online,Returned,2024-03-27
ORD02250,2025-10-31,CUST0832,Chennai,South,Small Business,Home Appliances,Refrigerator,1,29262.7,5,Net Banking,Online,Delivered,2024-09-26
ORD02251,2026-01-09,CUST0035,Bengaluru,South,Consumer,Home Appliances,Microwave,5,16380.08,0,UPI,Online,Delivered,2024-12-31
ORD02252,2025-04-22,CUST0834,Hyderabad,South,Small Business,Electronics,Headphones,1,1518.93,0,Credit Card,Online,Delivered,2023-05-03
ORD02253,2025-01-06,CUST0377,Pune,West,Small Business,Fashion,Dress,1,2203.68,5,Cash on Delivery,Retail Store,Delivered,2024-06-25
ORD02254,2025-10-06,CUST0066,Pune,West,Consumer,Electronics,Tablet,2,46635.65,0,UPI,Online,Delivered,2024-07-02
ORD02255,2026-01-17,CUST0747,Mumbai,West,Consumer,Furniture,Sofa,4,47406.0,5,UPI,Retail Store,Delivered,2023-09-15
ORD02256,2025-01-13,CUST0260,Mumbai,West,Consumer,Electronics,Smartphone,3,68107.01,10,Net Banking,Marketplace,Delivered,2024-11-16
ORD02257,2025-10-30,CUST0482,Coimbatore,South,Consumer,Fashion,Shoes,2,7134.75,10,Cash on Delivery,Online,Delivered,2023-02-04
ORD02258,2026-07-10,CUST0099,Kolkata,East,Small Business,Beauty,Hair Dryer,1,2658.5,5,Debit Card,Online,Delivered,2024-02-11
ORD02259,2026-09-09,CUST0168,Kochi,South,Consumer,Beauty,Face Serum,1,1634.4,0,UPI,Online,Delivered,2023-11-01
ORD02260,2025-06-09,CUST0365,Kolkata,East,Corporate,Furniture,Bookshelf,3,11861.78,5,UPI,Marketplace,Delivered,2024-06-27
ORD02261,2025-06-03,CUST0108,Delhi,North,Corporate,Furniture,Bookshelf,4,6243.71,15,UPI,Marketplace,Delivered,2023-06-11
ORD02262,2025-06-30,CUST1088,Delhi,North,Small Business,Fashion,Shoes,1,8000.33,10,UPI,Retail Store,Returned,2023-09-17
ORD02263,2026-06-10,CUST0014,Kochi,South,Corporate,Furniture,Bed,4,47474.03,10,Debit Card,Marketplace,Delivered,2024-01-08
ORD02264,2025-06-29,CUST0601,Hyderabad,South,Consumer,Home Appliances,Washing Machine,4,37675.58,10,Net Banking,Online,Delivered,2023-01-30
ORD02265,2026-01-12,CUST0140,Pune,West,Consumer,Fashion,Shoes,5,5768.3,20,UPI,Marketplace,Delivered,2023-06-30
ORD02266,2025-06-17,CUST0373,Bengaluru,South,Consumer,Fashion,Jeans,2,4159.06,20,UPI,Marketplace,Returned,2024-12-28
ORD02267,2025-08-02,CUST1108,Kochi,South,Consumer,Furniture,Dining Table,1,30636.13,10,Debit Card,Marketplace,Delivered,2023-08-06
ORD02268,2025-05-30,CUST0185,Delhi,North,Small Business,Fashion,Shoes,1,7335.42,5,Credit Card,Retail Store,Delivered,2023-03-07
ORD02269,2025-01-16,CUST1155,Bengaluru,South,Consumer,Beauty,Face Serum,4,3193.48,10,Cash on Delivery,Marketplace,Delivered,2025-02-14
ORD02270,2025-04-01,CUST0231,Kochi,South,Consumer,Electronics,Smartphone,3,73219.66,5,Debit Card,Retail Store,Delivered,2023-04-18
ORD02271,2025-04-30,CUST0888,Mumbai,West,Small Business,Fashion,Jeans,5,2439.95,15,UPI,Marketplace,Delivered,2023-09-01
ORD02272,2025-09-10,CUST0669,Ahmedabad,West,Small Business,Home Appliances,Air Conditioner,1,55535.2,0,Credit Card,Marketplace,Delivered,2023-03-08
ORD02273,2025-03-01,CUST1053,Kochi,South,Consumer,Electronics,Laptop,2,85224.58,10,UPI,Online,Delivered,2024-04-04
ORD02274,2025-09-23,CUST0678,Mumbai,West,Consumer,Fashion,Jacket,2,2983.29,0,Credit Card,Online,Delivered,2023-02-08
ORD02275,2026-02-13,CUST0658,Hyderabad,South,Consumer,Fashion,Jacket,4,4562.21,25,UPI,Retail Store,Delivered,2023-06-08
ORD02276,2025-01-31,CUST0224,Hyderabad,South,Consumer,Beauty,Skincare Kit,1,4719.0,10,Net Banking,Online,Delivered,2024-06-08
ORD02277,2025-01-21,CUST0189,Mumbai,West,Consumer,Home Appliances,Microwave,1,21395.12,5,UPI,Online,Delivered,2025-01-27
ORD02278,2026-08-16,CUST1093,Ahmedabad,West,Consumer,Fashion,Jacket,1,3980.48,10,UPI,Marketplace,Returned,2023-06-07
ORD02279,2025-10-16,CUST0402,Mumbai,West,Corporate,Fashion,Dress,1,2038.37,15,Credit Card,Marketplace,Delivered,2024-05-21
ORD02280,2026-06-27,CUST0469,Chennai,South,Consumer,Electronics,Smartphone,1,46987.59,10,UPI,Online,Delivered,2023-03-28
ORD02281,2026-05-13,CUST0904,Mumbai,West,Consumer,Home Appliances,Washing Machine,2,34816.64,10,UPI,Marketplace,Delivered,2025-06-13
ORD02282,2026-04-19,CUST0420,Kochi,South,Consumer,Furniture,Dining Table,2,39219.48,10,Net Banking,Online,Delivered,2025-04-02
ORD02283,2026-02-09,CUST1137,Coimbatore,South,Corporate,Beauty,Hair Dryer,1,1289.16,10,Credit Card,Online,Delivered,2025-02-28
ORD02284,2026-07-02,CUST0883,Kochi,South,Small Business,Furniture,Dining Table,1,15905.52,10,Cash on Delivery,Retail Store,Delivered,2024-06-08
ORD02285,2025-05-12,CUST0739,Kochi,South,Consumer,Electronics,Smartwatch,2,15826.19,5,UPI,Marketplace,Delivered,2023-02-09
ORD02286,2025-11-20,CUST1044,Kolkata,East,Corporate,Fashion,Jacket,1,3396.76,15,Net Banking,Online,Delivered,2024-01-31
ORD02287,2025-05-12,CUST0059,Chennai,South,Consumer,Fashion,Jeans,2,3543.51,10,Credit Card,Online,Delivered,2023-01-25
ORD02288,2026-06-05,CUST0293,Kochi,South,Consumer,Furniture,Office Chair,2,6575.22,10,UPI,Retail Store,Delivered,2024-07-01
ORD02289,2025-01-30,CUST0567,Kochi,South,Consumer,Fashion,Jacket,1,2159.06,5,Credit Card,Retail Store,Delivered,2025-04-16
ORD02290,2026-09-19,CUST0245,Kochi,South,Small Business,Fashion,Jacket,3,3160.57,10,Debit Card,Marketplace,Delivered,2025-04-06
ORD02291,2025-10-28,CUST0889,Pune,West,Corporate,Furniture,Office Chair,1,22329.04,10,Net Banking,Online,Delivered,2025-03-16
ORD02292,2025-01-04,CUST1095,Chennai,South,Corporate,Home Appliances,Mixer,1,4036.75,15,Credit Card,Online,Delivered,2024-09-13
ORD02293,2025-11-21,CUST0520,Chennai,South,Corporate,Furniture,Office Chair,1,21286.62,20,Credit Card,Online,Delivered,2024-08-27
ORD02294,2026-05-24,CUST0426,Hyderabad,South,Corporate,Fashion,Jacket,1,4789.13,10,Credit Card,Retail Store,Delivered,2023-05-11
ORD02295,2025-08-25,CUST1149,Hyderabad,South,Consumer,Electronics,Tablet,1,39443.77,5,UPI,Online,Delivered,2024-12-01
ORD02296,2026-06-19,CUST0547,Kolkata,East,Corporate,Electronics,Laptop,5,46117.2,20,Debit Card,Retail Store,Delivered,2023-12-17
ORD02297,2025-01-16,CUST0609,Ahmedabad,West,Consumer,Home Appliances,Mixer,1,4219.41,15,Cash on Delivery,Marketplace,Delivered,2023-07-14
ORD02298,2026-06-18,CUST0439,Kolkata,East,Consumer,Home Appliances,Air Conditioner,1,50707.62,10,Debit Card,Retail Store,Returned,2024-11-14
ORD02299,2026-08-07,CUST1085,Pune,West,Small Business,Electronics,Headphones,2,10560.1,0,Cash on Delivery,Marketplace,Delivered,2025-06-04
ORD02300,2026-03-22,CUST0700,Chennai,South,Consumer,Beauty,Makeup Kit,4,2541.75,15,UPI,Online,Delivered,2025-04-02
ORD02301,2026-05-18,CUST0906,Coimbatore,South,Consumer,Fashion,T-Shirt,1,2344.75,20,Credit Card,Retail Store,Delivered,2024-07-20
ORD02302,2025-08-18,CUST0967,Pune,West,Consumer,Electronics,Tablet,2,18069.63,10,UPI,Retail Store,Delivered,2024-07-21
ORD02303,2025-04-17,CUST0426,Delhi,North,Small Business,Beauty,Makeup Kit,1,3789.62,0,UPI,Retail Store,Delivered,2023-05-11
ORD02304,2026-01-24,CUST0530,Ahmedabad,West,Small Business,Furniture,Bed,1,34359.75,20,Debit Card,Retail Store,Delivered,2024-10-11
ORD02305,2025-09-20,CUST1011,Kolkata,East,Small Business,Home Appliances,Mixer,2,4256.22,10,Debit Card,Online,Delivered,2024-04-28
ORD02306,2026-07-17,CUST0460,Delhi,North,Corporate,Electronics,Headphones,1,4499.69,20,Debit Card,Retail Store,Delivered,2023-07-06
ORD02307,2025-03-06,CUST0948,Chennai,South,Consumer,Home Appliances,Air Conditioner,1,46684.06,0,UPI,Marketplace,Cancelled,2023-01-05
ORD02308,2025-09-22,CUST1121,Pune,West,Consumer,Home Appliances,Mixer,2,5001.65,10,UPI,Retail Store,Delivered,2024-02-18
ORD02309,2025-12-04,CUST0759,Pune,West,Corporate,Electronics,Smartphone,2,50935.89,10,UPI,Marketplace,Delivered,2025-02-12
ORD02310,2025-10-28,CUST0888,Chennai,South,Corporate,Electronics,Smartphone,1,66772.18,10,UPI,Retail Store,Delivered,2023-09-01
ORD02311,2026-01-13,CUST0959,Delhi,North,Small Business,Electronics,Smartphone,3,40949.81,20,Net Banking,Marketplace,Cancelled,2023-11-03
ORD02312,2025-06-24,CUST1004,Chennai,South,Consumer,Home Appliances,Air Conditioner,2,58191.02,15,Net Banking,Online,Delivered,2023-10-29
ORD02313,2025-06-01,CUST0487,Coimbatore,South,Small Business,Electronics,Laptop,3,71193.08,20,UPI,Retail Store,Delivered,2024-06-02
ORD02314,2026-04-21,CUST0061,Delhi,North,Consumer,Electronics,Headphones,1,5943.39,10,Debit Card,Marketplace,Delivered,2023-04-13
ORD02315,2025-09-23,CUST0497,Mumbai,West,Small Business,Fashion,Jacket,5,2695.85,10,UPI,Online,Delivered,2024-11-01
ORD02316,2025-11-25,CUST0818,Pune,West,Small Business,Beauty,Hair Dryer,2,5683.49,10,UPI,Online,Delivered,2025-04-09
ORD02317,2025-06-12,CUST0549,Mumbai,West,Corporate,Beauty,Perfume,1,1817.39,10,UPI,Online,Delivered,2023-08-28
ORD02318,2026-03-14,CUST0889,Kolkata,East,Corporate,Electronics,Headphones,2,8686.78,25,Net Banking,Marketplace,Delivered,2025-03-16
ORD02319,2025-12-09,CUST0449,Chennai,South,Consumer,Beauty,Perfume,2,1955.17,5,Credit Card,Retail Store,Returned,2025-03-24
ORD02320,2026-01-02,CUST0771,Ahmedabad,West,Corporate,Furniture,Dining Table,1,30535.63,10,UPI,Marketplace,Returned,2024-04-18
ORD02321,2026-04-10,CUST0216,Ahmedabad,West,Consumer,Beauty,Makeup Kit,2,4255.44,0,Net Banking,Online,Delivered,2025-06-02
ORD02322,2025-07-18,CUST0889,Bengaluru,South,Consumer,Fashion,Shoes,2,9938.27,20,Debit Card,Marketplace,Delivered,2025-03-16
ORD02323,2026-05-15,CUST0669,Delhi,North,Consumer,Fashion,Shoes,3,8668.04,25,UPI,Marketplace,Delivered,2023-03-08
ORD02324,2025-01-16,CUST0230,Kochi,South,Consumer,Home Appliances,Mixer,1,7904.62,5,UPI,Retail Store,Delivered,2024-10-25
ORD02325,2025-10-23,CUST0352,Ahmedabad,West,Consumer,Home Appliances,Microwave,1,21567.92,5,Credit Card,Online,Delivered,2023-01-13
ORD02326,2026-05-26,CUST0889,Kolkata,East,Small Business,Beauty,Face Serum,2,2124.7,0,Credit Card,Online,Delivered,2025-03-16
ORD02327,2025-08-27,CUST0599,Bengaluru,South,Consumer,Furniture,Dining Table,1,37727.16,5,Debit Card,Online,Delivered,2023-11-16
ORD02328,2026-08-04,CUST0237,Hyderabad,South,Consumer,Electronics,Smartphone,1,36050.04,5,Net Banking,Marketplace,Delivered,2023-11-25
ORD02329,2025-10-28,CUST1156,Mumbai,West,Small Business,Electronics,Headphones,5,1591.75,10,Debit Card,Marketplace,Delivered,2024-02-09
ORD02330,2025-01-06,CUST0854,Ahmedabad,West,Consumer,Fashion,T-Shirt,2,816.31,15,Debit Card,Marketplace,Delivered,2023-06-26
ORD02331,2025-08-08,CUST1142,Coimbatore,South,Consumer,Electronics,Headphones,1,7097.96,20,Credit Card,Online,Delivered,2023-05-06
ORD02332,2026-03-29,CUST0524,Mumbai,West,Consumer,Beauty,Hair Dryer,4,2812.8,15,UPI,Online,Delivered,2024-11-05
ORD02333,2026-03-09,CUST0580,Kolkata,East,Consumer,Electronics,Smartwatch,2,10325.69,20,Cash on Delivery,Online,Delivered,2023-09-03
ORD02334,2026-01-21,CUST1070,Ahmedabad,West,Consumer,Fashion,Dress,1,6470.83,10,Credit Card,Retail Store,Delivered,2025-01-29
ORD02335,2026-09-11,CUST0649,Chennai,South,Corporate,Fashion,Dress,3,6269.78,10,Net Banking,Online,Delivered,2024-06-09
ORD02336,2025-10-22,CUST0848,Chennai,South,Consumer,Electronics,Headphones,2,7177.88,0,Debit Card,Marketplace,Delivered,2024-03-24
ORD02337,2025-04-28,CUST0281,Mumbai,West,Consumer,Beauty,Face Serum,1,2152.3,5,UPI,Online,Delivered,2025-04-13
ORD02338,2026-02-09,CUST0547,Hyderabad,South,Consumer,Home Appliances,Air Conditioner,1,50612.61,10,Debit Card,Marketplace,Delivered,2023-12-17
ORD02339,2026-08-17,CUST0140,Ahmedabad,West,Consumer,Home Appliances,Microwave,1,8976.52,10,Credit Card,Marketplace,Delivered,2023-06-30
ORD02340,2026-07-20,CUST0231,Mumbai,West,Consumer,Fashion,Shoes,2,9978.36,25,UPI,Retail Store,Returned,2023-04-18
ORD02341,2025-01-12,CUST0002,Ahmedabad,West,Corporate,Electronics,Headphones,2,9775.18,0,Debit Card,Retail Store,Delivered,2023-06-22
ORD02342,2025-07-28,CUST0050,Hyderabad,South,Consumer,Fashion,Jeans,2,4000.82,10,UPI,Retail Store,Returned,2023-12-17
ORD02343,2025-06-14,CUST1173,Pune,West,Small Business,Home Appliances,Washing Machine,2,26818.42,10,Credit Card,Marketplace,Delivered,2023-04-07
ORD02344,2025-10-21,CUST0262,Hyderabad,South,Corporate,Beauty,Skincare Kit,1,2514.21,20,Debit Card,Marketplace,Delivered,2023-04-03
ORD02345,2026-06-03,CUST0803,Mumbai,West,Consumer,Fashion,Shoes,2,2652.03,10,Debit Card,Retail Store,Delivered,2024-08-06
ORD02346,2025-03-19,CUST0997,Kolkata,East,Consumer,Furniture,Dining Table,5,57721.45,0,UPI,Marketplace,Delivered,2024-03-13
ORD02347,2026-03-10,CUST0672,Pune,West,Consumer,Fashion,Shoes,3,2186.24,10,Credit Card,Online,Delivered,2023-08-03
ORD02348,2026-07-31,CUST0174,Kochi,South,Small Business,Electronics,Smartwatch,2,15949.73,15,Cash on Delivery,Retail Store,Delivered,2025-01-26
ORD02349,2026-09-06,CUST0870,Mumbai,West,Consumer,Electronics,Smartwatch,4,16456.13,15,UPI,Retail Store,Delivered,2024-12-19
ORD02350,2025-03-18,CUST0740,Hyderabad,South,Consumer,Fashion,Dress,1,3171.68,15,Debit Card,Online,Returned,2023-07-01
ORD02351,2025-02-17,CUST0873,Hyderabad,South,Consumer,Beauty,Perfume,1,3932.73,10,Net Banking,Online,Delivered,2023-12-08
ORD02352,2025-03-23,CUST0916,Ahmedabad,West,Consumer,Furniture,Dining Table,2,45704.61,5,UPI,Marketplace,Delivered,2023-10-20
ORD02353,2025-07-28,CUST1169,Ahmedabad,West,Consumer,Furniture,Sofa,3,79568.46,20,Debit Card,Retail Store,Delivered,2024-08-16
ORD02354,2026-03-21,CUST0703,Delhi,North,Corporate,Home Appliances,Refrigerator,2,44416.76,20,Debit Card,Retail Store,Delivered,2023-12-19
ORD02355,2026-08-19,CUST0426,Ahmedabad,West,Consumer,Home Appliances,Air Conditioner,3,43950.85,0,UPI,Online,Delivered,2023-05-11
ORD02356,2026-06-06,CUST0789,Mumbai,West,Consumer,Home Appliances,Air Conditioner,3,36299.52,10,Debit Card,Marketplace,Cancelled,2025-03-20
ORD02357,2025-01-29,CUST0084,Mumbai,West,Corporate,Beauty,Makeup Kit,1,4458.82,10,UPI,Marketplace,Cancelled,2025-03-22
ORD02358,2025-10-31,CUST1070,Hyderabad,South,Small Business,Fashion,Jeans,1,4072.77,15,Credit Card,Online,Delivered,2025-01-29
ORD02359,2026-04-10,CUST0134,Hyderabad,South,Consumer,Furniture,Bookshelf,1,13706.92,5,Debit Card,Online,Delivered,2024-09-09
ORD02360,2026-05-17,CUST0402,Bengaluru,South,Consumer,Home Appliances,Microwave,2,24416.23,20,Credit Card,Online,Delivered,2024-05-21
ORD02361,2026-03-22,CUST0970,Pune,West,Consumer,Electronics,Headphones,3,14224.14,10,Credit Card,Retail Store,Delivered,2024-07-26
ORD02362,2026-09-20,CUST0739,Ahmedabad,West,Consumer,Beauty,Skincare Kit,3,2049.56,5,UPI,Retail Store,Delivered,2023-02-09
ORD02363,2026-05-05,CUST0486,Mumbai,West,Consumer,Fashion,T-Shirt,1,856.51,15,UPI,Marketplace,Delivered,2024-02-12
ORD02364,2026-03-04,CUST0579,Kolkata,East,Consumer,Furniture,Dining Table,3,22615.27,10,UPI,Retail Store,Delivered,2025-02-14
ORD02365,2026-07-13,CUST1016,Pune,West,Small Business,Furniture,Bookshelf,3,9074.91,10,Credit Card,Online,Delivered,2025-05-22
ORD02366,2025-12-25,CUST0423,Kolkata,East,Small Business,Electronics,Headphones,4,10477.51,5,Debit Card,Online,Delivered,2023-05-29
ORD02367,2025-04-01,CUST1033,Chennai,South,Consumer,Electronics,Smartwatch,1,9005.11,15,UPI,Marketplace,Delivered,2024-10-31
ORD02368,2025-02-22,CUST0108,Ahmedabad,West,Consumer,Beauty,Hair Dryer,1,2664.04,10,UPI,Retail Store,Delivered,2023-06-11
ORD02369,2026-08-12,CUST0925,Pune,West,Consumer,Fashion,Dress,2,6776.33,5,Net Banking,Retail Store,Delivered,2024-11-22
ORD02370,2025-07-23,CUST1010,Bengaluru,South,Consumer,Electronics,Smartphone,2,67596.77,10,UPI,Online,Delivered,2025-02-13
ORD02371,2026-07-10,CUST0209,Hyderabad,South,Consumer,Beauty,Perfume,2,2921.01,10,UPI,Online,Cancelled,2024-06-29
ORD02372,2025-06-05,CUST0526,Delhi,North,Corporate,Home Appliances,Air Conditioner,3,54917.15,0,UPI,Marketplace,Delivered,2024-05-29
ORD02373,2025-01-02,CUST0189,Delhi,North,Consumer,Electronics,Headphones,3,8970.92,15,Credit Card,Online,Delivered,2025-01-27
ORD02374,2025-12-23,CUST0848,Coimbatore,South,Consumer,Home Appliances,Mixer,1,8065.35,0,Credit Card,Marketplace,Delivered,2024-03-24
ORD02375,2026-07-23,CUST0659,Pune,West,Corporate,Home Appliances,Washing Machine,3,32989.76,25,UPI,Marketplace,Returned,2023-06-10
ORD02376,2025-02-27,CUST0771,Pune,West,Corporate,Furniture,Bookshelf,3,19032.86,15,UPI,Marketplace,Delivered,2024-04-18
ORD02377,2025-09-11,CUST0226,Kochi,South,Small Business,Furniture,Dining Table,2,53531.02,10,Debit Card,Marketplace,Delivered,2023-10-03
ORD02378,2025-06-29,CUST0233,Delhi,North,Small Business,Furniture,Dining Table,1,24565.79,5,UPI,Online,Delivered,2023-06-25
ORD02379,2026-05-08,CUST0053,Pune,West,Small Business,Beauty,Makeup Kit,2,2094.81,10,Net Banking,Marketplace,Delivered,2023-03-25
ORD02380,2025-02-04,CUST0387,Ahmedabad,West,Consumer,Electronics,Headphones,3,10242.15,5,UPI,Online,Delivered,2024-03-18
ORD02381,2025-03-16,CUST0688,Ahmedabad,West,Small Business,Electronics,Laptop,1,90128.12,25,UPI,Online,Delivered,2023-03-15
ORD02382,2025-10-16,CUST1022,Ahmedabad,West,Small Business,Fashion,T-Shirt,1,2028.83,10,UPI,Online,Delivered,2024-05-25
ORD02383,2026-01-06,CUST0806,Mumbai,West,Small Business,Beauty,Skincare Kit,4,1131.76,5,Cash on Delivery,Retail Store,Delivered,2023-05-03
ORD02384,2026-08-10,CUST0533,Chennai,South,Consumer,Home Appliances,Microwave,3,24859.36,15,Credit Card,Online,Delivered,2025-03-09
ORD02385,2025-11-25,CUST1138,Pune,West,Consumer,Fashion,Jeans,1,4023.21,5,UPI,Marketplace,Delivered,2023-04-16
ORD02386,2026-08-13,CUST0862,Coimbatore,South,Corporate,Electronics,Smartwatch,1,11276.32,5,Net Banking,Retail Store,Delivered,2024-06-16
ORD02387,2025-10-31,CUST1110,Kolkata,East,Consumer,Beauty,Hair Dryer,3,1328.54,0,UPI,Online,Delivered,2023-09-30
ORD02388,2026-08-02,CUST0649,Chennai,South,Consumer,Fashion,Jacket,1,3082.8,5,UPI,Retail Store,Delivered,2024-06-09
ORD02389,2025-08-09,CUST0296,Bengaluru,South,Consumer,Fashion,Jeans,2,4679.25,20,UPI,Online,Delivered,2023-07-02
ORD02390,2025-06-13,CUST0063,Pune,West,Small Business,Fashion,Shoes,2,3204.46,0,UPI,Retail Store,Delivered,2023-08-24
ORD02391,2026-04-25,CUST0868,Kolkata,East,Consumer,Fashion,Jacket,5,3423.64,15,UPI,Online,Delivered,2024-06-03
ORD02392,2026-03-31,CUST0137,Ahmedabad,West,Small Business,Furniture,Office Chair,2,6514.52,10,Credit Card,Online,Delivered,2024-06-06
ORD02393,2026-01-10,CUST0369,Ahmedabad,West,Consumer,Home Appliances,Refrigerator,3,44756.8,25,UPI,Online,Delivered,2025-04-03
ORD02394,2025-08-08,CUST0657,Pune,West,Corporate,Beauty,Perfume,3,5680.76,15,Net Banking,Online,Returned,2024-09-17
ORD02395,2025-09-11,CUST0698,Kolkata,East,Consumer,Electronics,Headphones,1,14107.43,0,Debit Card,Online,Delivered,2024-04-01
ORD02396,2025-07-07,CUST0740,Delhi,North,Consumer,Beauty,Skincare Kit,3,3951.21,15,Cash on Delivery,Online,Delivered,2023-07-01
ORD02397,2025-07-10,CUST0189,Hyderabad,South,Consumer,Fashion,Dress,2,5470.37,5,UPI,Online,Delivered,2025-01-27
ORD02398,2026-01-24,CUST0472,Ahmedabad,West,Corporate,Electronics,Smartphone,1,47662.52,20,Credit Card,Marketplace,Delivered,2024-01-23
ORD02399,2025-08-03,CUST0755,Pune,West,Consumer,Electronics,Smartphone,1,73084.92,15,Debit Card,Retail Store,Delivered,2024-07-18
ORD02400,2026-01-10,CUST1158,Pune,West,Corporate,Electronics,Headphones,5,9904.24,15,UPI,Retail Store,Delivered,2023-10-05
ORD02401,2025-03-27,CUST0868,Kolkata,East,Consumer,Electronics,Headphones,2,13488.06,15,UPI,Marketplace,Delivered,2024-06-03
ORD02402,2026-04-19,CUST1100,Kochi,South,Consumer,Fashion,Jacket,1,6702.07,10,Net Banking,Online,Delivered,2024-09-25
ORD02403,2026-09-10,CUST0907,Kolkata,East,Consumer,Electronics,Smartwatch,2,23680.58,15,UPI,Online,Delivered,2023-05-09
ORD02404,2026-06-15,CUST0730,Pune,West,Consumer,Furniture,Sofa,1,45687.02,0,Net Banking,Marketplace,Delivered,2024-10-24
ORD02405,2025-02-16,CUST0221,Mumbai,West,Consumer,Furniture,Office Chair,1,12676.08,25,UPI,Retail Store,Delivered,2023-12-30
ORD02406,2025-03-06,CUST0806,Kolkata,East,Consumer,Furniture,Bed,1,72828.52,0,Credit Card,Marketplace,Returned,2023-05-03
ORD02407,2026-04-20,CUST0759,Coimbatore,South,Consumer,Fashion,Jacket,3,2404.23,20,Credit Card,Online,Delivered,2025-02-12
ORD02408,2025-05-26,CUST0742,Kolkata,East,Corporate,Beauty,Face Serum,1,1212.38,15,Credit Card,Online,Delivered,2023-07-28
ORD02409,2026-01-17,CUST0609,Coimbatore,South,Consumer,Home Appliances,Washing Machine,2,46247.97,5,Net Banking,Marketplace,Returned,2023-07-14
ORD02410,2025-03-07,CUST0649,Pune,West,Consumer,Home Appliances,Mixer,3,4439.62,5,Cash on Delivery,Retail Store,Delivered,2024-06-09
ORD02411,2026-06-01,CUST0414,Kolkata,East,Corporate,Electronics,Headphones,1,14788.98,5,Credit Card,Retail Store,Delivered,2025-05-02
ORD02412,2025-04-03,CUST0640,Kochi,South,Consumer,Furniture,Dining Table,1,41686.58,15,Credit Card,Marketplace,Delivered,2024-03-22
ORD02413,2026-03-02,CUST0226,Bengaluru,South,Small Business,Electronics,Tablet,3,19202.29,0,UPI,Marketplace,Delivered,2023-10-03
ORD02414,2026-04-13,CUST0959,Kochi,South,Consumer,Furniture,Dining Table,2,41474.09,15,Credit Card,Marketplace,Delivered,2023-11-03
ORD02415,2025-04-04,CUST0216,Ahmedabad,West,Small Business,Beauty,Skincare Kit,1,2627.94,20,UPI,Retail Store,Delivered,2025-06-02
ORD02416,2026-09-10,CUST0104,Bengaluru,South,Consumer,Fashion,T-Shirt,1,2318.85,10,Net Banking,Online,Delivered,2025-01-08
ORD02417,2025-05-13,CUST0533,Bengaluru,South,Consumer,Home Appliances,Washing Machine,1,28689.8,5,Debit Card,Online,Delivered,2025-03-09
ORD02418,2026-03-10,CUST0797,Chennai,South,Small Business,Beauty,Makeup Kit,2,2907.38,15,UPI,Marketplace,Delivered,2023-05-30
ORD02419,2025-12-07,CUST0536,Kochi,South,Corporate,Electronics,Smartphone,1,18314.32,10,Net Banking,Online,Delivered,2023-12-13
ORD02420,2025-11-10,CUST0325,Hyderabad,South,Consumer,Home Appliances,Air Conditioner,1,61663.25,25,UPI,Online,Cancelled,2024-02-20
ORD02421,2026-08-14,CUST0686,Kolkata,East,Consumer,Home Appliances,Microwave,3,15046.1,15,Credit Card,Online,Delivered,2025-02-09
ORD02422,2025-07-31,CUST0428,Delhi,North,Small Business,Beauty,Skincare Kit,3,2729.64,15,Credit Card,Online,Delivered,2024-05-30
ORD02423,2026-06-04,CUST1116,Pune,West,Corporate,Electronics,Headphones,1,11025.46,10,Net Banking,Online,Delivered,2025-05-05
ORD02424,2025-06-08,CUST1101,Delhi,North,Consumer,Fashion,Jeans,1,1689.57,5,Credit Card,Marketplace,Delivered,2024-05-23
ORD02425,2025-09-25,CUST0621,Bengaluru,South,Consumer,Electronics,Tablet,4,45159.72,5,UPI,Marketplace,Delivered,2024-05-27
ORD02426,2026-08-26,CUST0402,Kolkata,East,Consumer,Furniture,Bed,1,70734.29,0,Credit Card,Marketplace,Delivered,2024-05-21
ORD02427,2026-04-19,CUST0881,Chennai,South,Corporate,Furniture,Bookshelf,1,19704.17,10,Cash on Delivery,Online,Delivered,2023-03-02
ORD02428,2026-02-14,CUST0046,Mumbai,West,Consumer,Fashion,Shoes,1,6739.71,0,UPI,Online,Delivered,2023-02-09
ORD02429,2026-04-19,CUST0580,Kochi,South,Consumer,Furniture,Bookshelf,4,11986.69,10,UPI,Online,Delivered,2023-09-03
ORD02430,2025-12-22,CUST0415,Kochi,South,Consumer,Home Appliances,Refrigerator,4,68346.59,10,Credit Card,Marketplace,Delivered,2024-08-22
ORD02431,2025-07-12,CUST1098,Bengaluru,South,Small Business,Home Appliances,Washing Machine,3,57691.61,5,Debit Card,Online,Delivered,2024-05-05
ORD02432,2025-09-28,CUST0019,Ahmedabad,West,Corporate,Furniture,Bed,1,38359.35,10,Debit Card,Online,Delivered,2025-04-07
ORD02433,2025-04-24,CUST0675,Kochi,South,Corporate,Electronics,Laptop,2,68215.83,0,Debit Card,Marketplace,Delivered,2023-10-17
ORD02434,2026-06-07,CUST0885,Pune,West,Small Business,Beauty,Makeup Kit,5,1826.79,5,Credit Card,Retail Store,Delivered,2024-12-20
ORD02435,2025-02-24,CUST0604,Ahmedabad,West,Consumer,Beauty,Perfume,1,3997.08,25,UPI,Retail Store,Cancelled,2024-09-21
ORD02436,2025-03-06,CUST0104,Hyderabad,South,Small Business,Home Appliances,Microwave,1,14332.8,5,Credit Card,Online,Delivered,2025-01-08
ORD02437,2025-09-29,CUST1163,Bengaluru,South,Consumer,Furniture,Bed,1,69255.24,5,UPI,Retail Store,Delivered,2023-03-09
ORD02438,2026-05-17,CUST0637,Bengaluru,South,Consumer,Home Appliances,Microwave,1,23494.72,20,UPI,Online,Delivered,2024-02-02
ORD02439,2025-12-28,CUST0754,Bengaluru,South,Consumer,Home Appliances,Refrigerator,2,62060.91,10,Credit Card,Marketplace,Delivered,2024-04-02
ORD02440,2025-05-26,CUST0256,Hyderabad,South,Consumer,Furniture,Dining Table,2,20643.69,25,Debit Card,Online,Delivered,2025-01-01
ORD02441,2025-07-28,CUST0600,Pune,West,Consumer,Fashion,Jacket,2,5762.74,25,Debit Card,Retail Store,Delivered,2023-08-19
ORD02442,2025-10-13,CUST0525,Pune,West,Consumer,Furniture,Office Chair,1,5045.67,5,UPI,Marketplace,Delivered,2024-07-18
ORD02443,2025-01-10,CUST0090,Pune,West,Consumer,Furniture,Bookshelf,1,10630.79,15,UPI,Retail Store,Delivered,2023-09-12
ORD02444,2025-07-05,CUST0120,Ahmedabad,West,Corporate,Beauty,Hair Dryer,1,1761.89,15,Net Banking,Online,Delivered,2024-12-16
ORD02445,2026-07-28,CUST0993,Kochi,South,Consumer,Furniture,Dining Table,3,57494.12,10,Credit Card,Retail Store,Delivered,2024-04-17
ORD02446,2026-08-20,CUST0259,Mumbai,West,Consumer,Beauty,Face Serum,1,1356.11,20,Cash on Delivery,Retail Store,Cancelled,2024-04-15
ORD02447,2026-04-09,CUST0223,Coimbatore,South,Consumer,Home Appliances,Refrigerator,1,56164.76,10,Net Banking,Online,Returned,2023-11-14
ORD02448,2025-05-14,CUST0622,Chennai,South,Consumer,Home Appliances,Microwave,1,16377.01,0,Credit Card,Online,Delivered,2024-02-10
ORD02449,2025-06-20,CUST0916,Kolkata,East,Consumer,Home Appliances,Air Conditioner,1,42427.58,10,Credit Card,Online,Delivered,2023-10-20
ORD02450,2025-08-01,CUST0078,Delhi,North,Small Business,Fashion,T-Shirt,1,1710.09,5,Credit Card,Retail Store,Delivered,2023-05-28
ORD02451,2026-06-14,CUST0706,Chennai,South,Small Business,Electronics,Smartphone,3,78217.44,5,Net Banking,Online,Delivered,2024-11-08
ORD02452,2026-05-17,CUST0134,Hyderabad,South,Small Business,Furniture,Sofa,2,75456.38,5,Credit Card,Retail Store,Delivered,2024-09-09
ORD02453,2026-07-26,CUST0046,Delhi,North,Consumer,Beauty,Perfume,3,4272.1,0,Credit Card,Retail Store,Cancelled,2023-02-09
ORD02454,2026-08-23,CUST0063,Ahmedabad,West,Consumer,Electronics,Laptop,1,66100.35,5,UPI,Online,Delivered,2023-08-24
ORD02455,2025-01-27,CUST0988,Delhi,North,Consumer,Electronics,Laptop,5,91410.38,20,Net Banking,Retail Store,Delivered,2024-05-11
ORD02456,2025-03-09,CUST0132,Mumbai,West,Consumer,Furniture,Dining Table,1,20197.03,5,Credit Card,Online,Delivered,2023-10-14
ORD02457,2026-02-12,CUST0055,Ahmedabad,West,Consumer,Electronics,Smartphone,2,75363.84,0,Debit Card,Marketplace,Delivered,2025-03-03
ORD02458,2026-07-06,CUST0536,Chennai,South,Corporate,Electronics,Smartphone,3,39944.42,10,Credit Card,Online,Delivered,2023-12-13
ORD02459,2025-04-19,CUST1002,Bengaluru,South,Consumer,Fashion,Jacket,1,3911.2,5,UPI,Retail Store,Cancelled,2023-11-20
ORD02460,2025-03-15,CUST0303,Hyderabad,South,Consumer,Electronics,Laptop,2,78013.75,10,Debit Card,Marketplace,Cancelled,2023-08-26
ORD02461,2026-08-01,CUST0518,Mumbai,West,Corporate,Furniture,Office Chair,2,17793.66,20,Cash on Delivery,Online,Delivered,2024-04-10
ORD02462,2025-09-19,CUST0052,Coimbatore,South,Small Business,Beauty,Makeup Kit,1,5346.41,5,Credit Card,Online,Delivered,2023-12-16
ORD02463,2026-01-03,CUST0548,Bengaluru,South,Consumer,Beauty,Face Serum,2,2650.03,5,Net Banking,Online,Delivered,2023-04-18
ORD02464,2025-08-25,CUST0707,Pune,West,Consumer,Home Appliances,Refrigerator,1,42616.11,5,Net Banking,Online,Delivered,2025-02-28
ORD02465,2026-01-01,CUST0701,Kochi,South,Small Business,Fashion,Jacket,4,1528.67,5,Net Banking,Retail Store,Delivered,2025-04-22
ORD02466,2025-10-13,CUST0411,Chennai,South,Consumer,Beauty,Perfume,1,5569.57,10,Debit Card,Marketplace,Delivered,2023-04-16
ORD02467,2026-01-13,CUST0376,Delhi,North,Consumer,Beauty,Makeup Kit,3,4848.24,10,UPI,Marketplace,Delivered,2024-09-01
ORD02468,2026-01-11,CUST0121,Delhi,North,Consumer,Furniture,Sofa,3,42364.28,15,UPI,Retail Store,Delivered,2025-03-04
ORD02469,2026-09-11,CUST0462,Pune,West,Consumer,Electronics,Smartphone,4,74275.18,10,UPI,Online,Delivered,2023-02-17
ORD02470,2025-03-17,CUST0114,Pune,West,Consumer,Furniture,Sofa,1,64263.74,20,Credit Card,Retail Store,Delivered,2024-01-12
ORD02471,2025-01-09,CUST0911,Chennai,South,Corporate,Furniture,Bookshelf,1,18179.19,15,UPI,Marketplace,Delivered,2024-05-24
ORD02472,2025-07-15,CUST1155,Ahmedabad,West,Consumer,Fashion,Shoes,2,3379.52,10,UPI,Retail Store,Delivered,2025-02-14
ORD02473,2026-09-22,CUST1158,Coimbatore,South,Consumer,Home Appliances,Air Conditioner,2,38668.06,15,Debit Card,Online,Delivered,2023-10-05
ORD02474,2025-10-17,CUST1028,Chennai,South,Small Business,Electronics,Laptop,2,54741.96,25,UPI,Online,Returned,2023-07-14
ORD02475,2025-03-02,CUST0741,Coimbatore,South,Consumer,Furniture,Office Chair,1,12315.22,10,UPI,Online,Delivered,2024-05-04
ORD02476,2026-01-24,CUST0843,Delhi,North,Corporate,Fashion,Dress,3,2975.19,0,UPI,Online,Delivered,2024-10-13
ORD02477,2026-07-17,CUST0343,Pune,West,Consumer,Beauty,Face Serum,2,2963.93,15,UPI,Marketplace,Delivered,2024-10-01
ORD02478,2026-07-18,CUST0767,Hyderabad,South,Consumer,Electronics,Smartwatch,4,5004.58,0,Debit Card,Online,Returned,2024-01-30
ORD02479,2026-09-26,CUST0560,Pune,West,Consumer,Fashion,Shoes,4,2258.41,20,UPI,Retail Store,Delivered,2024-06-20
ORD02480,2025-01-08,CUST0596,Ahmedabad,West,Consumer,Home Appliances,Washing Machine,3,38884.5,5,Cash on Delivery,Online,Delivered,2025-02-13
ORD02481,2026-01-04,CUST0900,Ahmedabad,West,Consumer,Electronics,Headphones,2,8472.4,5,Credit Card,Retail Store,Delivered,2023-02-28
ORD02482,2025-02-14,CUST0338,Kochi,South,Small Business,Beauty,Face Serum,2,1227.66,10,Net Banking,Online,Delivered,2024-04-22
ORD02483,2025-12-10,CUST0382,Chennai,South,Consumer,Home Appliances,Microwave,1,7997.93,10,Debit Card,Online,Delivered,2025-05-18
ORD02484,2026-01-10,CUST1106,Hyderabad,South,Consumer,Beauty,Hair Dryer,2,5099.54,15,Cash on Delivery,Marketplace,Delivered,2024-08-01
ORD02485,2026-09-11,CUST0067,Coimbatore,South,Consumer,Fashion,Jeans,1,1478.65,20,Cash on Delivery,Online,Delivered,2025-02-22
ORD02486,2025-01-27,CUST0604,Ahmedabad,West,Consumer,Electronics,Headphones,1,6161.43,15,UPI,Marketplace,Delivered,2024-09-21
ORD02487,2025-07-12,CUST1089,Bengaluru,South,Consumer,Fashion,T-Shirt,1,611.11,10,UPI,Retail Store,Delivered,2023-07-11
ORD02488,2025-12-23,CUST0747,Chennai,South,Small Business,Furniture,Bed,2,21932.38,10,Net Banking,Retail Store,Delivered,2023-09-15
ORD02489,2025-03-03,CUST0669,Kochi,South,Small Business,Fashion,T-Shirt,4,753.16,0,Credit Card,Marketplace,Delivered,2023-03-08
ORD02490,2025-03-03,CUST0279,Delhi,North,Corporate,Electronics,Smartphone,1,78503.87,25,Debit Card,Marketplace,Delivered,2023-09-21
ORD02491,2026-02-26,CUST0427,Ahmedabad,West,Consumer,Home Appliances,Refrigerator,4,64523.15,0,UPI,Marketplace,Delivered,2024-03-27
ORD02492,2026-09-25,CUST1015,Coimbatore,South,Consumer,Home Appliances,Refrigerator,2,43442.28,20,Net Banking,Online,Delivered,2025-03-03
ORD02493,2026-07-05,CUST0687,Kochi,South,Consumer,Fashion,T-Shirt,5,1191.49,20,Net Banking,Retail Store,Delivered,2023-09-06
ORD02494,2026-01-15,CUST0633,Kolkata,East,Consumer,Electronics,Tablet,2,21467.62,5,Credit Card,Marketplace,Delivered,2023-04-17
ORD02495,2025-10-04,CUST0114,Kochi,South,Corporate,Electronics,Smartwatch,1,18192.97,0,Credit Card,Online,Delivered,2024-01-12
ORD02496,2026-08-29,CUST0025,Mumbai,West,Corporate,Home Appliances,Microwave,2,16319.68,10,Debit Card,Marketplace,Delivered,2024-09-05
ORD02497,2026-03-07,CUST1153,Pune,West,Corporate,Home Appliances,Mixer,3,7399.54,10,Debit Card,Online,Delivered,2023-03-23
ORD02498,2025-04-25,CUST0471,Bengaluru,South,Consumer,Beauty,Skincare Kit,2,3688.72,10,Debit Card,Online,Delivered,2023-01-25
ORD02499,2025-05-01,CUST0742,Ahmedabad,West,Consumer,Fashion,Dress,1,6942.05,15,Cash on Delivery,Retail Store,Delivered,2023-07-28
ORD02500,2026-06-09,CUST0098,Chennai,South,Consumer,Home Appliances,Washing Machine,2,36327.92,5,Debit Card,Online,Delivered,2025-04-03
ORD02501,2026-02-20,CUST0832,Ahmedabad,West,Consumer,Electronics,Smartphone,1,53411.09,0,Net Banking,Online,Delivered,2024-09-26
ORD02502,2025-06-12,CUST1113,Pune,West,Consumer,Electronics,Smartphone,1,20477.62,5,UPI,Online,Delivered,2025-06-01
ORD02503,2025-12-03,CUST0704,Bengaluru,South,Small Business,Furniture,Bookshelf,1,5251.32,15,UPI,Online,Delivered,2025-03-04
ORD02504,2026-01-14,CUST0142,Mumbai,West,Corporate,Electronics,Smartwatch,2,4250.58,5,Debit Card,Online,Delivered,2024-04-13
ORD02505,2025-11-20,CUST0710,Pune,West,Corporate,Fashion,Shoes,1,1549.58,10,Net Banking,Marketplace,Delivered,2024-02-23
ORD02506,2025-06-22,CUST0911,Kochi,South,Corporate,Home Appliances,Microwave,2,15830.07,5,Credit Card,Retail Store,Delivered,2024-05-24
ORD02507,2025-03-05,CUST0499,Hyderabad,South,Consumer,Electronics,Headphones,1,13733.57,5,Credit Card,Retail Store,Delivered,2024-01-01
ORD02508,2025-04-11,CUST1043,Kochi,South,Consumer,Furniture,Dining Table,1,30690.27,5,Net Banking,Online,Delivered,2024-12-29
ORD02509,2025-11-18,CUST0789,Mumbai,West,Consumer,Beauty,Makeup Kit,1,5819.36,0,Debit Card,Marketplace,Delivered,2025-03-20
ORD02510,2025-03-07,CUST1072,Kolkata,East,Small Business,Fashion,Jacket,1,7438.18,10,Debit Card,Marketplace,Delivered,2024-11-03
ORD02511,2026-07-11,CUST0759,Kochi,South,Consumer,Electronics,Tablet,3,19730.04,25,Net Banking,Retail Store,Delivered,2025-02-12
ORD02512,2026-08-22,CUST0147,Hyderabad,South,Consumer,Furniture,Office Chair,1,15783.69,10,Credit Card,Online,Delivered,2023-11-29
ORD02513,2026-04-03,CUST0374,Mumbai,West,Consumer,Electronics,Smartwatch,1,9622.63,0,UPI,Marketplace,Delivered,2023-10-06
ORD02514,2026-08-02,CUST0227,Bengaluru,South,Corporate,Home Appliances,Microwave,1,17558.0,25,UPI,Marketplace,Delivered,2024-08-26
ORD02515,2026-03-29,CUST1084,Mumbai,West,Small Business,Furniture,Dining Table,1,43220.5,15,Credit Card,Online,Delivered,2024-05-14
ORD02516,2025-09-16,CUST0904,Pune,West,Consumer,Fashion,Jeans,2,2845.52,20,Debit Card,Online,Delivered,2025-06-13
ORD02517,2026-03-02,CUST0819,Kochi,South,Consumer,Beauty,Perfume,1,3348.82,15,Credit Card,Marketplace,Delivered,2023-12-29
ORD02518,2025-06-27,CUST0367,Delhi,North,Consumer,Home Appliances,Air Conditioner,5,43552.89,25,Credit Card,Online,Delivered,2023-06-10
ORD02519,2025-10-07,CUST0211,Kolkata,East,Consumer,Beauty,Face Serum,1,1914.46,0,Net Banking,Marketplace,Delivered,2024-04-11
ORD02520,2025-12-10,CUST0898,Pune,West,Small Business,Furniture,Bed,2,71543.66,0,UPI,Online,Delivered,2024-09-08
ORD02521,2025-01-17,CUST0580,Kolkata,East,Corporate,Home Appliances,Mixer,2,5386.65,10,UPI,Retail Store,Delivered,2023-09-03
ORD02522,2025-10-23,CUST0245,Delhi,North,Small Business,Furniture,Dining Table,1,36666.91,25,Cash on Delivery,Online,Delivered,2025-04-06
ORD02523,2025-07-21,CUST0755,Bengaluru,South,Consumer,Home Appliances,Mixer,1,5361.47,10,UPI,Retail Store,Delivered,2024-07-18
ORD02524,2025-07-13,CUST0053,Chennai,South,Corporate,Beauty,Makeup Kit,1,2274.48,15,Cash on Delivery,Online,Delivered,2023-03-25
ORD02525,2025-05-29,CUST0400,Coimbatore,South,Consumer,Home Appliances,Mixer,4,4439.78,10,Cash on Delivery,Online,Delivered,2024-10-08
ORD02526,2026-01-10,CUST0568,Chennai,South,Consumer,Electronics,Tablet,4,47885.85,20,Net Banking,Online,Delivered,2023-03-25
ORD02527,2025-02-04,CUST0168,Mumbai,West,Consumer,Beauty,Skincare Kit,3,3078.53,25,Credit Card,Online,Delivered,2023-11-01
ORD02528,2026-01-04,CUST1180,Hyderabad,South,Consumer,Fashion,Jacket,2,7559.1,0,UPI,Retail Store,Delivered,2023-04-25
ORD02529,2025-01-29,CUST0232,Kolkata,East,Small Business,Fashion,T-Shirt,3,1856.15,5,UPI,Marketplace,Delivered,2025-03-11
ORD02530,2025-08-09,CUST0147,Ahmedabad,West,Consumer,Fashion,Shoes,2,7674.52,5,Debit Card,Retail Store,Delivered,2023-11-29
ORD02531,2025-02-22,CUST0230,Chennai,South,Small Business,Fashion,Dress,1,6161.28,15,Net Banking,Marketplace,Delivered,2024-10-25
ORD02532,2025-12-19,CUST0916,Coimbatore,South,Consumer,Electronics,Tablet,3,32281.43,10,Net Banking,Online,Delivered,2023-10-20
ORD02533,2026-01-27,CUST0521,Chennai,South,Consumer,Fashion,Jeans,1,2975.28,10,UPI,Online,Delivered,2024-03-02
ORD02534,2025-03-17,CUST0699,Mumbai,West,Consumer,Fashion,Shoes,1,2316.31,25,Net Banking,Online,Delivered,2025-03-24
ORD02535,2026-05-09,CUST0026,Coimbatore,South,Corporate,Furniture,Sofa,1,76565.71,10,Credit Card,Online,Delivered,2024-07-16
ORD02536,2026-06-06,CUST0044,Delhi,North,Consumer,Electronics,Headphones,5,7047.97,5,Credit Card,Online,Delivered,2023-09-16
ORD02537,2025-04-27,CUST0547,Kolkata,East,Corporate,Furniture,Bookshelf,1,6564.84,0,Net Banking,Online,Delivered,2023-12-17
ORD02538,2025-10-07,CUST0970,Pune,West,Small Business,Electronics,Tablet,1,32653.31,0,Credit Card,Online,Delivered,2024-07-26
ORD02539,2025-06-24,CUST1054,Chennai,South,Consumer,Home Appliances,Washing Machine,1,48404.03,10,UPI,Retail Store,Delivered,2024-07-30
ORD02540,2025-10-22,CUST0107,Hyderabad,South,Consumer,Furniture,Bed,2,33407.16,5,UPI,Online,Delivered,2025-02-20
ORD02541,2026-03-27,CUST0659,Bengaluru,South,Small Business,Fashion,Jeans,1,2972.55,10,Net Banking,Online,Delivered,2023-06-10
ORD02542,2026-06-02,CUST1089,Delhi,North,Consumer,Home Appliances,Refrigerator,3,26473.95,5,Debit Card,Online,Delivered,2023-07-11
ORD02543,2025-01-21,CUST0483,Chennai,South,Small Business,Beauty,Perfume,1,3492.9,5,Net Banking,Online,Delivered,2023-08-05
ORD02544,2025-03-14,CUST0978,Pune,West,Corporate,Electronics,Smartphone,2,15341.87,20,Cash on Delivery,Online,Delivered,2024-08-13
ORD02545,2025-02-05,CUST0153,Chennai,South,Consumer,Beauty,Makeup Kit,5,1298.72,5,Debit Card,Retail Store,Delivered,2025-02-04
ORD02546,2026-05-22,CUST1121,Mumbai,West,Consumer,Fashion,T-Shirt,2,1725.77,5,UPI,Online,Delivered,2024-02-18
ORD02547,2025-08-21,CUST0889,Kochi,South,Consumer,Beauty,Makeup Kit,4,5802.53,10,Net Banking,Retail Store,Delivered,2025-03-16
ORD02548,2026-05-12,CUST1121,Kolkata,East,Corporate,Beauty,Perfume,1,7228.44,15,UPI,Retail Store,Delivered,2024-02-18
ORD02549,2025-07-25,CUST0819,Kochi,South,Consumer,Home Appliances,Microwave,3,8593.46,10,Credit Card,Retail Store,Delivered,2023-12-29
ORD02550,2026-03-02,CUST0460,Hyderabad,South,Consumer,Electronics,Tablet,1,39453.08,15,UPI,Retail Store,Returned,2023-07-06
ORD02551,2025-02-13,CUST1121,Delhi,North,Corporate,Electronics,Smartwatch,2,7983.23,5,Net Banking,Marketplace,Delivered,2024-02-18
ORD02552,2025-04-01,CUST0324,Bengaluru,South,Consumer,Beauty,Skincare Kit,1,1580.52,5,UPI,Online,Delivered,2023-03-15
ORD02553,2026-04-15,CUST0410,Kochi,South,Small Business,Beauty,Perfume,1,3807.6,0,Cash on Delivery,Online,Delivered,2024-05-16
ORD02554,2026-08-28,CUST0843,Hyderabad,South,Small Business,Electronics,Headphones,1,6638.72,0,Debit Card,Online,Delivered,2024-10-13
ORD02555,2026-04-12,CUST0911,Kolkata,East,Consumer,Furniture,Bed,2,55232.93,10,Credit Card,Marketplace,Returned,2024-05-24
ORD02556,2026-03-30,CUST1108,Coimbatore,South,Consumer,Home Appliances,Microwave,2,23486.25,20,Debit Card,Online,Delivered,2023-08-06
ORD02557,2026-08-18,CUST0230,Kochi,South,Consumer,Electronics,Smartphone,2,20745.82,10,Debit Card,Retail Store,Delivered,2024-10-25
ORD02558,2025-11-29,CUST0950,Delhi,North,Small Business,Furniture,Dining Table,3,22202.35,20,Cash on Delivery,Retail Store,Delivered,2025-01-26
ORD02559,2026-05-22,CUST0883,Hyderabad,South,Corporate,Furniture,Bookshelf,2,23519.3,15,UPI,Retail Store,Delivered,2024-06-08
ORD02560,2026-04-15,CUST0080,Hyderabad,South,Consumer,Home Appliances,Refrigerator,1,27587.58,10,UPI,Online,Delivered,2024-05-05
ORD02561,2025-01-21,CUST0483,Kochi,South,Consumer,Electronics,Smartphone,1,74151.26,20,Net Banking,Online,Delivered,2023-08-05
ORD02562,2025-08-16,CUST0340,Mumbai,West,Small Business,Furniture,Sofa,5,61940.73,5,Credit Card,Online,Delivered,2023-11-15
ORD02563,2026-01-11,CUST0372,Hyderabad,South,Consumer,Fashion,Dress,1,4520.58,25,Credit Card,Online,Delivered,2023-09-17
ORD02564,2025-05-10,CUST1177,Chennai,South,Consumer,Furniture,Sofa,1,64514.9,10,Credit Card,Online,Delivered,2024-11-24
ORD02565,2026-09-12,CUST0777,Coimbatore,South,Corporate,Fashion,Jacket,2,5876.19,10,UPI,Marketplace,Delivered,2024-02-06
ORD02566,2026-02-18,CUST0860,Coimbatore,South,Corporate,Furniture,Office Chair,1,12922.95,20,UPI,Marketplace,Delivered,2024-09-16
ORD02567,2025-03-12,CUST1171,Chennai,South,Consumer,Furniture,Bookshelf,4,17002.6,5,Credit Card,Retail Store,Delivered,2025-01-02
ORD02568,2026-02-08,CUST0471,Kolkata,East,Consumer,Beauty,Skincare Kit,1,1237.55,5,Cash on Delivery,Online,Delivered,2023-01-25
ORD02569,2026-07-16,CUST0955,Bengaluru,South,Small Business,Home Appliances,Mixer,1,9061.59,10,Net Banking,Online,Delivered,2024-05-07
ORD02570,2026-08-30,CUST0530,Pune,West,Consumer,Home Appliances,Washing Machine,3,43135.74,5,UPI,Online,Cancelled,2024-10-11
ORD02571,2026-02-01,CUST1033,Hyderabad,South,Corporate,Home Appliances,Washing Machine,2,31327.6,10,UPI,Marketplace,Delivered,2024-10-31
ORD02572,2025-12-03,CUST0209,Pune,West,Small Business,Electronics,Smartphone,1,64958.75,15,Debit Card,Marketplace,Delivered,2024-06-29
ORD02573,2026-05-20,CUST1127,Bengaluru,South,Small Business,Beauty,Perfume,3,7150.14,5,UPI,Online,Delivered,2025-05-15
ORD02574,2025-10-03,CUST0238,Delhi,North,Consumer,Fashion,Dress,3,6447.05,15,Net Banking,Retail Store,Returned,2025-05-26
ORD02575,2025-01-13,CUST0400,Coimbatore,South,Consumer,Furniture,Office Chair,5,8605.6,0,Credit Card,Online,Cancelled,2024-10-08
ORD02576,2025-01-03,CUST0897,Pune,West,Consumer,Home Appliances,Microwave,2,15563.82,15,Credit Card,Retail Store,Delivered,2024-07-13
ORD02577,2025-08-12,CUST0486,Pune,West,Consumer,Fashion,Jeans,1,1878.73,20,Debit Card,Retail Store,Delivered,2024-02-12
ORD02578,2025-06-24,CUST0743,Ahmedabad,West,Consumer,Electronics,Tablet,2,14983.36,10,Credit Card,Marketplace,Delivered,2023-09-30
ORD02579,2026-01-20,CUST0547,Chennai,South,Consumer,Fashion,Dress,1,6189.1,5,Credit Card,Online,Delivered,2023-12-17
ORD02580,2026-08-25,CUST0889,Kolkata,East,Consumer,Furniture,Bed,2,51008.09,25,UPI,Marketplace,Delivered,2025-03-16
ORD02581,2025-08-29,CUST0245,Coimbatore,South,Consumer,Electronics,Laptop,1,79475.48,10,Debit Card,Retail Store,Delivered,2025-04-06
ORD02582,2026-07-01,CUST0069,Ahmedabad,West,Consumer,Home Appliances,Washing Machine,1,34554.45,0,Credit Card,Retail Store,Delivered,2023-11-28
ORD02583,2025-01-14,CUST0367,Delhi,North,Consumer,Home Appliances,Air Conditioner,2,49422.0,15,UPI,Retail Store,Delivered,2023-06-10
ORD02584,2025-07-14,CUST0580,Kolkata,East,Consumer,Beauty,Hair Dryer,5,5400.76,10,UPI,Online,Delivered,2023-09-03
ORD02585,2026-02-01,CUST0195,Kochi,South,Small Business,Furniture,Bed,3,62109.8,25,UPI,Online,Delivered,2025-05-20
ORD02586,2026-03-07,CUST0447,Pune,West,Consumer,Furniture,Office Chair,5,11980.42,25,UPI,Online,Delivered,2024-01-11
ORD02587,2025-11-02,CUST0496,Ahmedabad,West,Consumer,Furniture,Dining Table,2,54084.61,10,UPI,Online,Delivered,2023-12-31
ORD02588,2025-11-30,CUST0069,Chennai,South,Corporate,Furniture,Sofa,1,59103.85,10,UPI,Marketplace,Delivered,2023-11-28
ORD02589,2026-02-14,CUST0712,Delhi,North,Consumer,Furniture,Bed,1,25970.53,10,Net Banking,Online,Delivered,2024-08-07
ORD02590,2025-01-03,CUST1053,Kochi,South,Small Business,Electronics,Smartphone,1,37771.92,20,Debit Card,Marketplace,Delivered,2024-04-04
ORD02591,2026-07-06,CUST0171,Mumbai,West,Small Business,Electronics,Laptop,1,89219.68,10,Debit Card,Online,Delivered,2025-03-23
ORD02592,2026-03-28,CUST0740,Delhi,North,Consumer,Electronics,Smartwatch,1,17695.33,20,UPI,Marketplace,Delivered,2023-07-01
ORD02593,2026-05-10,CUST0805,Hyderabad,South,Consumer,Fashion,Jeans,1,3362.04,5,Credit Card,Marketplace,Returned,2025-03-24
ORD02594,2026-02-21,CUST0513,Kochi,South,Small Business,Beauty,Hair Dryer,1,5770.59,15,UPI,Online,Delivered,2023-07-24
ORD02595,2026-01-26,CUST0843,Kochi,South,Consumer,Furniture,Bookshelf,2,22104.64,15,UPI,Online,Delivered,2024-10-13
ORD02596,2026-01-08,CUST0505,Kochi,South,Consumer,Electronics,Tablet,1,43823.73,5,Credit Card,Online,Delivered,2024-09-28
ORD02597,2026-09-20,CUST0621,Kolkata,East,Corporate,Fashion,Dress,4,3293.08,10,Cash on Delivery,Online,Delivered,2024-05-27
ORD02598,2025-02-21,CUST0016,Pune,West,Small Business,Fashion,Jeans,4,2423.31,10,Debit Card,Marketplace,Returned,2025-04-07
ORD02599,2026-01-11,CUST0836,Chennai,South,Consumer,Fashion,Jeans,1,1709.89,15,Net Banking,Retail Store,Delivered,2023-06-05
ORD02600,2026-01-30,CUST0797,Bengaluru,South,Corporate,Electronics,Smartwatch,1,15792.69,10,Credit Card,Online,Delivered,2023-05-30
ORD02601,2025-05-22,CUST0050,Mumbai,West,Consumer,Home Appliances,Air Conditioner,2,49808.08,0,Net Banking,Retail Store,Delivered,2023-12-17
ORD02602,2025-03-27,CUST0463,Chennai,South,Small Business,Electronics,Headphones,1,13198.93,15,Net Banking,Retail Store,Delivered,2025-04-10
ORD02603,2026-04-09,CUST1173,Kolkata,East,Corporate,Electronics,Laptop,2,65147.78,15,Net Banking,Marketplace,Delivered,2023-04-07
ORD02604,2025-02-15,CUST0516,Ahmedabad,West,Corporate,Electronics,Laptop,1,71799.37,15,Debit Card,Marketplace,Delivered,2024-09-20
ORD02605,2025-08-26,CUST0620,Delhi,North,Small Business,Electronics,Headphones,3,12919.04,10,Credit Card,Online,Delivered,2023-06-20
ORD02606,2025-01-10,CUST1086,Kolkata,East,Consumer,Fashion,Shoes,2,6552.14,10,UPI,Marketplace,Delivered,2023-06-16
ORD02607,2026-07-27,CUST0858,Ahmedabad,West,Consumer,Fashion,Jeans,1,1455.35,5,Debit Card,Online,Delivered,2023-06-09
ORD02608,2026-06-14,CUST0710,Delhi,North,Consumer,Electronics,Laptop,1,82158.43,10,UPI,Marketplace,Delivered,2024-02-23
ORD02609,2026-08-21,CUST0950,Ahmedabad,West,Consumer,Home Appliances,Refrigerator,4,47746.52,10,Net Banking,Online,Delivered,2025-01-26
ORD02610,2026-09-08,CUST1027,Mumbai,West,Corporate,Electronics,Headphones,1,2456.12,5,Debit Card,Online,Delivered,2025-04-04
ORD02611,2025-06-27,CUST0562,Hyderabad,South,Consumer,Beauty,Hair Dryer,1,3432.31,10,Cash on Delivery,Marketplace,Delivered,2023-06-28
ORD02612,2025-01-06,CUST0580,Delhi,North,Small Business,Electronics,Tablet,2,25883.48,10,Net Banking,Online,Delivered,2023-09-03
ORD02613,2025-11-03,CUST0482,Kolkata,East,Consumer,Electronics,Smartphone,2,48156.47,25,UPI,Online,Delivered,2023-02-04
ORD02614,2026-07-02,CUST1156,Ahmedabad,West,Consumer,Electronics,Smartphone,1,71725.35,15,Credit Card,Marketplace,Returned,2024-02-09
ORD02615,2025-11-23,CUST0842,Delhi,North,Corporate,Electronics,Laptop,1,91471.04,10,Net Banking,Retail Store,Delivered,2024-01-29
ORD02616,2025-12-22,CUST0103,Delhi,North,Small Business,Home Appliances,Microwave,4,16872.95,10,Net Banking,Online,Delivered,2025-05-17
ORD02617,2026-01-30,CUST1026,Chennai,South,Consumer,Fashion,Dress,1,4984.39,0,UPI,Online,Delivered,2023-08-20
ORD02618,2025-10-27,CUST0595,Mumbai,West,Consumer,Fashion,Jeans,2,3630.64,15,Debit Card,Marketplace,Delivered,2023-08-28
ORD02619,2026-06-10,CUST0084,Coimbatore,South,Small Business,Furniture,Dining Table,1,59662.5,20,Debit Card,Marketplace,Delivered,2025-03-22
ORD02620,2025-10-12,CUST0672,Ahmedabad,West,Small Business,Electronics,Headphones,1,7449.68,5,Credit Card,Online,Delivered,2023-08-03
ORD02621,2025-11-26,CUST0512,Chennai,South,Corporate,Fashion,Shoes,1,1936.9,10,Debit Card,Marketplace,Cancelled,2024-11-29
ORD02622,2025-02-19,CUST1043,Kolkata,East,Consumer,Fashion,T-Shirt,2,1519.77,15,UPI,Online,Delivered,2024-12-29
ORD02623,2026-09-14,CUST0230,Kolkata,East,Consumer,Fashion,T-Shirt,2,1921.75,15,Credit Card,Online,Delivered,2024-10-25
ORD02624,2026-01-13,CUST0974,Ahmedabad,West,Consumer,Beauty,Makeup Kit,1,1061.62,20,UPI,Online,Delivered,2024-05-27
ORD02625,2026-08-23,CUST0686,Delhi,North,Small Business,Fashion,Jacket,1,3312.86,25,Debit Card,Retail Store,Delivered,2025-02-09
ORD02626,2026-06-22,CUST0063,Coimbatore,South,Consumer,Fashion,Jeans,2,3190.14,20,UPI,Online,Delivered,2023-08-24
ORD02627,2025-05-24,CUST1161,Ahmedabad,West,Small Business,Furniture,Dining Table,5,41873.7,15,Net Banking,Marketplace,Delivered,2023-08-12
ORD02628,2025-03-01,CUST0632,Kolkata,East,Consumer,Furniture,Bed,4,40199.97,10,UPI,Online,Cancelled,2024-02-11
ORD02629,2025-03-16,CUST0349,Hyderabad,South,Consumer,Furniture,Bed,4,20724.53,20,Net Banking,Online,Delivered,2024-11-22
ORD02630,2025-01-03,CUST0569,Delhi,North,Consumer,Fashion,T-Shirt,3,1433.0,5,UPI,Retail Store,Delivered,2024-10-30
ORD02631,2026-07-29,CUST1022,Chennai,South,Consumer,Fashion,Jeans,2,4836.5,10,Cash on Delivery,Online,Delivered,2024-05-25
ORD02632,2026-03-24,CUST0372,Bengaluru,South,Small Business,Electronics,Headphones,1,7887.16,15,Credit Card,Online,Delivered,2023-09-17
ORD02633,2025-10-02,CUST0221,Chennai,South,Small Business,Fashion,Dress,2,6261.45,25,Credit Card,Marketplace,Delivered,2023-12-30
ORD02634,2026-06-14,CUST0147,Hyderabad,South,Consumer,Furniture,Office Chair,1,13874.05,20,Net Banking,Retail Store,Delivered,2023-11-29
ORD02635,2026-08-15,CUST0364,Coimbatore,South,Consumer,Electronics,Smartphone,1,21160.35,15,Credit Card,Online,Delivered,2025-06-12
ORD02636,2025-08-03,CUST0930,Bengaluru,South,Consumer,Fashion,Shoes,1,1736.44,10,UPI,Marketplace,Delivered,2024-05-20
ORD02637,2026-04-30,CUST0575,Mumbai,West,Consumer,Fashion,Jeans,5,4210.31,15,Debit Card,Marketplace,Delivered,2023-03-13
ORD02638,2025-11-25,CUST0245,Pune,West,Consumer,Electronics,Headphones,1,10175.93,0,Credit Card,Online,Delivered,2025-04-06
ORD02639,2025-09-12,CUST0189,Hyderabad,South,Consumer,Fashion,Dress,4,6590.23,5,Cash on Delivery,Marketplace,Delivered,2025-01-27
ORD02640,2026-01-22,CUST0411,Chennai,South,Small Business,Electronics,Tablet,1,30197.44,0,UPI,Marketplace,Returned,2023-04-16
ORD02641,2025-05-06,CUST1121,Chennai,South,Consumer,Home Appliances,Refrigerator,1,55463.48,10,Credit Card,Online,Delivered,2024-02-18
ORD02642,2026-08-07,CUST0427,Mumbai,West,Consumer,Home Appliances,Washing Machine,1,49072.54,0,Cash on Delivery,Online,Delivered,2024-03-27
ORD02643,2026-07-04,CUST1188,Kolkata,East,Corporate,Furniture,Sofa,1,45194.04,10,Debit Card,Retail Store,Delivered,2023-01-19
ORD02644,2025-11-20,CUST0604,Pune,West,Small Business,Fashion,Jeans,4,3829.52,20,Credit Card,Retail Store,Delivered,2024-09-21
ORD02645,2025-07-23,CUST0208,Mumbai,West,Small Business,Beauty,Perfume,1,1611.99,5,UPI,Online,Delivered,2024-05-08
ORD02646,2025-06-21,CUST1062,Delhi,North,Consumer,Home Appliances,Air Conditioner,4,45930.12,20,UPI,Retail Store,Delivered,2024-08-20
ORD02647,2025-08-05,CUST0564,Mumbai,West,Consumer,Electronics,Smartphone,1,23344.56,15,UPI,Retail Store,Delivered,2023-05-25
ORD02648,2025-09-02,CUST0848,Bengaluru,South,Corporate,Home Appliances,Washing Machine,1,58792.99,0,Net Banking,Retail Store,Delivered,2024-03-24
ORD02649,2025-12-02,CUST1180,Bengaluru,South,Consumer,Home Appliances,Air Conditioner,5,57495.18,15,Net Banking,Retail Store,Delivered,2023-04-25
ORD02650,2025-10-25,CUST0059,Kochi,South,Consumer,Home Appliances,Mixer,1,4415.55,10,Credit Card,Marketplace,Delivered,2023-01-25
ORD02651,2025-07-01,CUST0112,Bengaluru,South,Small Business,Fashion,T-Shirt,3,806.34,5,Credit Card,Online,Delivered,2024-12-17
ORD02652,2025-11-30,CUST0863,Delhi,North,Small Business,Home Appliances,Washing Machine,1,33310.93,15,UPI,Marketplace,Delivered,2023-05-15
ORD02653,2026-05-26,CUST0337,Hyderabad,South,Consumer,Furniture,Dining Table,1,27143.2,10,UPI,Marketplace,Delivered,2023-05-14
ORD02654,2026-01-18,CUST0214,Chennai,South,Corporate,Beauty,Face Serum,1,3034.93,15,Debit Card,Online,Delivered,2025-02-04
ORD02655,2025-07-18,CUST0050,Ahmedabad,West,Small Business,Fashion,Jeans,1,1929.95,10,UPI,Online,Delivered,2023-12-17
ORD02656,2025-11-28,CUST0027,Delhi,North,Small Business,Furniture,Office Chair,3,17688.02,0,UPI,Retail Store,Delivered,2024-02-24
ORD02657,2025-06-14,CUST0920,Kolkata,East,Small Business,Fashion,Dress,1,4551.61,15,Credit Card,Marketplace,Delivered,2023-05-09
ORD02658,2025-08-30,CUST0153,Mumbai,West,Consumer,Fashion,Jeans,1,3565.97,10,UPI,Marketplace,Delivered,2025-02-04
ORD02659,2025-08-15,CUST0568,Delhi,North,Consumer,Beauty,Perfume,3,3790.88,15,Debit Card,Online,Delivered,2023-03-25
ORD02660,2026-09-26,CUST0742,Ahmedabad,West,Small Business,Electronics,Tablet,1,22684.08,10,UPI,Online,Delivered,2023-07-28
ORD02661,2026-07-10,CUST0525,Ahmedabad,West,Consumer,Home Appliances,Air Conditioner,1,63217.82,15,UPI,Online,Delivered,2024-07-18
ORD02662,2026-03-27,CUST0038,Pune,West,Consumer,Furniture,Dining Table,1,31839.03,10,UPI,Online,Delivered,2023-05-25
ORD02663,2025-07-15,CUST0936,Bengaluru,South,Consumer,Beauty,Face Serum,2,2295.73,15,Credit Card,Online,Delivered,2024-12-16
ORD02664,2025-07-23,CUST0018,Bengaluru,South,Small Business,Electronics,Headphones,2,10845.45,20,UPI,Marketplace,Delivered,2024-11-01
ORD02665,2026-04-03,CUST0906,Delhi,North,Corporate,Home Appliances,Refrigerator,2,36384.8,5,Debit Card,Online,Delivered,2024-07-20
ORD02666,2025-09-14,CUST1063,Hyderabad,South,Corporate,Electronics,Laptop,1,78011.52,10,UPI,Online,Delivered,2024-06-21
ORD02667,2026-06-13,CUST0528,Ahmedabad,West,Consumer,Electronics,Smartphone,2,17903.89,0,Credit Card,Marketplace,Delivered,2023-09-03
ORD02668,2025-09-29,CUST0659,Pune,West,Small Business,Electronics,Smartphone,1,55041.16,10,Cash on Delivery,Retail Store,Cancelled,2023-06-10
ORD02669,2025-01-09,CUST0588,Delhi,North,Small Business,Electronics,Tablet,3,39822.96,20,Debit Card,Retail Store,Delivered,2023-01-04
ORD02670,2025-07-20,CUST0483,Hyderabad,South,Corporate,Furniture,Bookshelf,1,7097.38,0,Cash on Delivery,Online,Delivered,2023-08-05
ORD02671,2025-02-28,CUST1055,Pune,West,Consumer,Furniture,Bookshelf,1,6749.05,20,Debit Card,Online,Delivered,2023-11-17
ORD02672,2026-01-28,CUST1064,Coimbatore,South,Corporate,Furniture,Dining Table,1,17871.91,20,Net Banking,Online,Delivered,2024-12-30
ORD02673,2025-04-29,CUST0414,Kolkata,East,Consumer,Electronics,Smartphone,3,55097.06,10,Cash on Delivery,Online,Delivered,2025-05-02
ORD02674,2026-07-07,CUST0754,Hyderabad,South,Consumer,Fashion,T-Shirt,1,849.77,10,Credit Card,Retail Store,Delivered,2024-04-02
ORD02675,2026-02-03,CUST1108,Kolkata,East,Corporate,Electronics,Headphones,2,7160.65,20,Credit Card,Online,Delivered,2023-08-06
ORD02676,2025-11-27,CUST1150,Pune,West,Small Business,Electronics,Laptop,1,67895.45,10,UPI,Retail Store,Returned,2023-03-15
ORD02677,2025-09-24,CUST0626,Pune,West,Consumer,Beauty,Skincare Kit,1,3596.31,10,UPI,Retail Store,Delivered,2025-02-24
ORD02678,2026-06-04,CUST0554,Pune,West,Small Business,Electronics,Tablet,3,38348.18,20,UPI,Marketplace,Cancelled,2024-07-14
ORD02679,2026-04-25,CUST0328,Ahmedabad,West,Consumer,Home Appliances,Washing Machine,1,35954.13,25,Debit Card,Retail Store,Delivered,2023-12-01
ORD02680,2025-05-14,CUST1145,Kolkata,East,Consumer,Electronics,Headphones,1,5472.32,5,Credit Card,Marketplace,Delivered,2023-03-20
ORD02681,2025-12-21,CUST0166,Kochi,South,Corporate,Electronics,Laptop,4,75315.85,20,Credit Card,Retail Store,Delivered,2024-05-01
ORD02682,2026-08-07,CUST0709,Kolkata,East,Corporate,Electronics,Smartwatch,3,9755.08,20,Debit Card,Online,Delivered,2024-03-28
ORD02683,2026-05-13,CUST0339,Coimbatore,South,Consumer,Furniture,Bed,2,72588.04,5,Credit Card,Marketplace,Delivered,2024-09-24
ORD02684,2026-09-17,CUST0328,Coimbatore,South,Consumer,Fashion,Jacket,2,3774.74,5,Credit Card,Online,Delivered,2023-12-01
ORD02685,2025-04-17,CUST0498,Pune,West,Consumer,Electronics,Smartphone,1,25225.71,15,Net Banking,Retail Store,Delivered,2023-07-21
ORD02686,2025-10-17,CUST1200,Kolkata,East,Small Business,Beauty,Hair Dryer,1,3361.53,20,UPI,Retail Store,Delivered,2024-11-02
ORD02687,2026-09-21,CUST0064,Hyderabad,South,Consumer,Electronics,Laptop,2,99503.26,25,Net Banking,Retail Store,Delivered,2024-02-14
ORD02688,2026-09-24,CUST0707,Ahmedabad,West,Consumer,Fashion,Shoes,2,1555.54,20,Credit Card,Online,Delivered,2025-02-28
ORD02689,2025-05-27,CUST0103,Bengaluru,South,Small Business,Beauty,Perfume,3,1525.07,20,Net Banking,Retail Store,Delivered,2025-05-17
ORD02690,2025-11-23,CUST0176,Pune,West,Consumer,Furniture,Bed,2,25820.66,10,Credit Card,Marketplace,Delivered,2024-03-30
ORD02691,2026-02-19,CUST0538,Hyderabad,South,Corporate,Beauty,Makeup Kit,1,4646.89,10,Debit Card,Online,Delivered,2024-10-28
ORD02692,2025-07-29,CUST0629,Ahmedabad,West,Consumer,Fashion,Jacket,4,2411.18,15,Cash on Delivery,Online,Delivered,2023-01-01
ORD02693,2025-10-23,CUST0296,Ahmedabad,West,Corporate,Home Appliances,Washing Machine,5,29048.22,10,Credit Card,Marketplace,Delivered,2023-07-02
ORD02694,2026-02-02,CUST0379,Pune,West,Consumer,Beauty,Skincare Kit,3,3160.35,15,Debit Card,Online,Delivered,2023-05-28
ORD02695,2025-04-13,CUST0107,Delhi,North,Small Business,Fashion,Jacket,2,3799.08,10,Debit Card,Retail Store,Delivered,2025-02-20
ORD02696,2026-09-28,CUST0369,Hyderabad,South,Small Business,Electronics,Smartwatch,1,10933.72,15,Net Banking,Online,Delivered,2025-04-03
ORD02697,2026-05-23,CUST1155,Coimbatore,South,Corporate,Home Appliances,Mixer,2,5279.54,5,UPI,Marketplace,Delivered,2025-02-14
ORD02698,2025-07-28,CUST1126,Hyderabad,South,Small Business,Fashion,Jacket,2,4197.08,20,Debit Card,Online,Delivered,2024-03-03
ORD02699,2026-03-04,CUST0414,Ahmedabad,West,Consumer,Beauty,Face Serum,4,3938.82,5,Net Banking,Marketplace,Delivered,2025-05-02
ORD02700,2026-01-28,CUST0701,Mumbai,West,Corporate,Fashion,Dress,4,4092.92,10,Cash on Delivery,Marketplace,Delivered,2025-04-22
ORD02701,2025-04-19,CUST1085,Kolkata,East,Consumer,Beauty,Skincare Kit,1,2009.28,0,UPI,Marketplace,Delivered,2025-06-04
ORD02702,2025-12-14,CUST0015,Coimbatore,South,Consumer,Furniture,Bookshelf,1,21912.6,0,Cash on Delivery,Marketplace,Delivered,2023-08-21
ORD02703,2025-02-19,CUST0965,Hyderabad,South,Consumer,Electronics,Smartphone,2,70769.96,10,Net Banking,Online,Delivered,2025-03-29
ORD02704,2025-04-15,CUST1131,Hyderabad,South,Small Business,Furniture,Bookshelf,1,16016.6,15,Net Banking,Marketplace,Delivered,2025-05-13
ORD02705,2026-02-24,CUST0109,Ahmedabad,West,Small Business,Beauty,Hair Dryer,3,2263.91,20,UPI,Marketplace,Delivered,2024-09-15
ORD02706,2026-01-08,CUST0185,Coimbatore,South,Consumer,Fashion,Jacket,5,3690.03,20,Debit Card,Retail Store,Delivered,2023-03-07
ORD02707,2025-01-27,CUST1148,Kochi,South,Corporate,Electronics,Tablet,3,39158.12,5,Cash on Delivery,Retail Store,Delivered,2024-06-18
ORD02708,2025-09-30,CUST0659,Chennai,South,Corporate,Fashion,Shoes,2,3020.12,10,UPI,Retail Store,Delivered,2023-06-10
ORD02709,2025-12-06,CUST0025,Kochi,South,Consumer,Electronics,Headphones,1,9142.54,0,Cash on Delivery,Online,Delivered,2024-09-05
ORD02710,2025-10-28,CUST0295,Chennai,South,Consumer,Electronics,Laptop,2,59979.16,10,Cash on Delivery,Online,Delivered,2023-03-28
ORD02711,2026-04-25,CUST0549,Hyderabad,South,Consumer,Electronics,Headphones,1,13690.88,0,Credit Card,Retail Store,Delivered,2023-08-28
ORD02712,2026-06-28,CUST0836,Hyderabad,South,Consumer,Fashion,T-Shirt,3,1293.73,10,Credit Card,Online,Delivered,2023-06-05
ORD02713,2026-07-11,CUST0874,Pune,West,Consumer,Electronics,Headphones,2,9787.73,10,UPI,Retail Store,Delivered,2023-08-30
ORD02714,2025-09-22,CUST1199,Mumbai,West,Consumer,Beauty,Perfume,1,5917.59,10,UPI,Online,Delivered,2024-05-18
ORD02715,2026-06-26,CUST0345,Bengaluru,South,Corporate,Home Appliances,Washing Machine,1,22202.79,10,Debit Card,Online,Delivered,2024-01-02
ORD02716,2026-08-19,CUST0659,Pune,West,Corporate,Fashion,Jeans,1,4959.05,5,UPI,Marketplace,Delivered,2023-06-10
ORD02717,2025-06-15,CUST0657,Hyderabad,South,Small Business,Furniture,Bookshelf,1,14545.81,0,UPI,Marketplace,Delivered,2024-09-17
ORD02718,2025-11-12,CUST0498,Kochi,South,Consumer,Electronics,Headphones,2,4681.06,5,UPI,Online,Cancelled,2023-07-21
ORD02719,2025-01-01,CUST0199,Chennai,South,Consumer,Home Appliances,Air Conditioner,1,64899.16,10,UPI,Retail Store,Delivered,2023-10-01
ORD02720,2025-09-18,CUST1173,Chennai,South,Corporate,Electronics,Headphones,5,10039.93,15,Cash on Delivery,Retail Store,Delivered,2023-04-07
ORD02721,2025-03-04,CUST1015,Kochi,South,Small Business,Beauty,Hair Dryer,2,5186.49,10,UPI,Retail Store,Returned,2025-03-03
ORD02722,2026-04-28,CUST0616,Delhi,North,Corporate,Fashion,T-Shirt,2,1707.8,0,Debit Card,Online,Delivered,2023-09-01
ORD02723,2025-11-17,CUST0742,Pune,West,Consumer,Home Appliances,Air Conditioner,1,38412.4,0,UPI,Retail Store,Delivered,2023-07-28
ORD02724,2025-07-20,CUST0245,Delhi,North,Corporate,Home Appliances,Microwave,2,7848.36,15,Credit Card,Marketplace,Delivered,2025-04-06
ORD02725,2025-08-10,CUST0667,Coimbatore,South,Consumer,Furniture,Dining Table,5,45867.18,0,Credit Card,Marketplace,Delivered,2023-01-27
ORD02726,2025-06-01,CUST0840,Coimbatore,South,Consumer,Fashion,Shoes,1,4057.44,15,UPI,Retail Store,Returned,2024-10-06
ORD02727,2026-09-18,CUST0633,Pune,West,Corporate,Home Appliances,Mixer,1,8718.74,15,Cash on Delivery,Online,Delivered,2023-04-17
ORD02728,2026-04-07,CUST1191,Mumbai,West,Consumer,Beauty,Perfume,1,1416.47,10,Debit Card,Online,Delivered,2024-09-24
ORD02729,2025-08-05,CUST0751,Bengaluru,South,Consumer,Furniture,Dining Table,1,18907.39,10,UPI,Online,Delivered,2023-06-10
ORD02730,2025-07-15,CUST0467,Mumbai,West,Consumer,Home Appliances,Mixer,5,7891.11,10,Credit Card,Retail Store,Delivered,2023-09-11
ORD02731,2025-07-21,CUST0920,Hyderabad,South,Consumer,Electronics,Smartphone,1,34338.36,5,Net Banking,Online,Delivered,2023-05-09
ORD02732,2025-08-22,CUST0200,Kochi,South,Consumer,Fashion,T-Shirt,1,1434.34,15,UPI,Online,Cancelled,2023-06-04
ORD02733,2025-05-21,CUST0481,Kochi,South,Consumer,Electronics,Laptop,4,71702.68,0,UPI,Online,Delivered,2023-10-01
ORD02734,2026-05-13,CUST0428,Pune,West,Small Business,Furniture,Dining Table,2,40709.17,5,Cash on Delivery,Online,Delivered,2024-05-30
ORD02735,2026-07-09,CUST0527,Coimbatore,South,Consumer,Fashion,Shoes,1,2329.08,5,UPI,Retail Store,Delivered,2023-03-09
ORD02736,2025-02-26,CUST0931,Chennai,South,Consumer,Beauty,Face Serum,1,3620.35,10,Debit Card,Online,Delivered,2024-10-07
ORD02737,2026-05-19,CUST0603,Ahmedabad,West,Consumer,Home Appliances,Mixer,1,8543.49,10,UPI,Marketplace,Delivered,2023-06-05
ORD02738,2025-05-22,CUST0948,Bengaluru,South,Consumer,Fashion,Jeans,1,1160.8,10,Debit Card,Online,Delivered,2023-01-05
ORD02739,2026-08-07,CUST0706,Mumbai,West,Corporate,Furniture,Sofa,2,70415.56,5,Credit Card,Online,Cancelled,2024-11-08
ORD02740,2026-06-23,CUST0426,Delhi,North,Corporate,Furniture,Bed,1,51976.68,20,Credit Card,Retail Store,Delivered,2023-05-11
ORD02741,2025-04-16,CUST0962,Ahmedabad,West,Consumer,Fashion,Shoes,1,7113.39,10,Net Banking,Online,Delivered,2024-06-26
ORD02742,2025-06-14,CUST0257,Ahmedabad,West,Consumer,Home Appliances,Refrigerator,1,35615.81,15,UPI,Marketplace,Delivered,2023-12-16
ORD02743,2025-08-03,CUST0243,Chennai,South,Corporate,Beauty,Makeup Kit,1,3375.43,5,UPI,Retail Store,Delivered,2023-10-02
ORD02744,2025-03-12,CUST0621,Ahmedabad,West,Small Business,Home Appliances,Refrigerator,1,35659.74,20,UPI,Retail Store,Delivered,2024-05-27
ORD02745,2026-08-02,CUST0301,Coimbatore,South,Consumer,Home Appliances,Refrigerator,2,61597.91,5,Debit Card,Retail Store,Delivered,2023-03-31
ORD02746,2025-03-31,CUST0018,Kochi,South,Consumer,Electronics,Smartwatch,1,18799.61,15,Net Banking,Marketplace,Delivered,2024-11-01
ORD02747,2025-08-16,CUST0789,Bengaluru,South,Corporate,Fashion,Jeans,2,1476.72,5,Debit Card,Marketplace,Delivered,2025-03-20
ORD02748,2025-03-20,CUST0631,Pune,West,Consumer,Electronics,Laptop,5,79699.51,10,Net Banking,Online,Delivered,2025-02-06
ORD02749,2026-08-31,CUST0547,Mumbai,West,Small Business,Furniture,Bed,1,23107.7,20,UPI,Online,Delivered,2023-12-17
ORD02750,2025-12-15,CUST1156,Ahmedabad,West,Corporate,Beauty,Perfume,5,6725.61,5,Net Banking,Marketplace,Delivered,2024-02-09
ORD02751,2025-09-03,CUST0703,Kochi,South,Small Business,Fashion,Jeans,5,3595.72,15,Net Banking,Retail Store,Delivered,2023-12-19
ORD02752,2025-09-29,CUST1026,Chennai,South,Small Business,Home Appliances,Air Conditioner,2,47876.85,25,Net Banking,Online,Delivered,2023-08-20
ORD02753,2026-02-07,CUST0164,Bengaluru,South,Consumer,Furniture,Sofa,1,32172.52,20,UPI,Retail Store,Delivered,2023-02-19
ORD02754,2025-04-26,CUST0700,Kolkata,East,Small Business,Home Appliances,Refrigerator,1,31929.57,5,UPI,Retail Store,Delivered,2025-04-02
ORD02755,2026-03-11,CUST1033,Ahmedabad,West,Small Business,Fashion,Jacket,1,6220.76,5,UPI,Marketplace,Delivered,2024-10-31
ORD02756,2026-06-14,CUST0711,Kolkata,East,Small Business,Electronics,Smartwatch,1,13417.06,10,Credit Card,Retail Store,Delivered,2024-03-25
ORD02757,2026-03-18,CUST0860,Coimbatore,South,Consumer,Home Appliances,Mixer,1,2804.44,10,Credit Card,Online,Delivered,2024-09-16
ORD02758,2025-06-21,CUST0469,Delhi,North,Corporate,Electronics,Headphones,1,10744.55,10,Credit Card,Online,Delivered,2023-03-28
ORD02759,2025-01-16,CUST0109,Chennai,South,Consumer,Fashion,Shoes,1,5647.51,15,UPI,Online,Delivered,2024-09-15
ORD02760,2025-02-25,CUST0562,Chennai,South,Consumer,Home Appliances,Microwave,3,8206.59,0,Credit Card,Retail Store,Delivered,2023-06-28
ORD02761,2026-08-14,CUST0487,Hyderabad,South,Consumer,Electronics,Laptop,1,61019.63,20,Credit Card,Online,Delivered,2024-06-02
ORD02762,2025-04-13,CUST1031,Pune,West,Small Business,Beauty,Skincare Kit,3,4588.84,10,Net Banking,Online,Delivered,2024-09-06
ORD02763,2025-10-11,CUST0265,Mumbai,West,Small Business,Electronics,Headphones,1,6057.36,10,Cash on Delivery,Marketplace,Cancelled,2024-06-24
ORD02764,2026-06-01,CUST1156,Delhi,North,Consumer,Fashion,Dress,1,3449.85,15,UPI,Online,Delivered,2024-02-09
ORD02765,2026-09-10,CUST1142,Chennai,South,Corporate,Furniture,Bookshelf,2,18140.21,10,Debit Card,Marketplace,Delivered,2023-05-06
ORD02766,2025-10-05,CUST0271,Delhi,North,Consumer,Fashion,Jacket,1,3681.9,15,Credit Card,Online,Delivered,2023-03-11
ORD02767,2026-09-04,CUST0430,Kochi,South,Consumer,Electronics,Smartwatch,1,6803.26,10,Credit Card,Online,Delivered,2024-04-20
ORD02768,2025-09-26,CUST1065,Coimbatore,South,Corporate,Furniture,Bookshelf,1,9820.64,0,Cash on Delivery,Marketplace,Delivered,2024-01-28
ORD02769,2026-02-04,CUST1155,Ahmedabad,West,Corporate,Furniture,Sofa,2,32948.39,5,Debit Card,Marketplace,Delivered,2025-02-14
ORD02770,2026-05-18,CUST0542,Bengaluru,South,Small Business,Electronics,Laptop,2,66427.7,20,Credit Card,Online,Delivered,2023-07-06
ORD02771,2025-03-27,CUST0386,Ahmedabad,West,Small Business,Fashion,Dress,2,3087.56,20,Credit Card,Marketplace,Delivered,2025-01-17
ORD02772,2025-11-16,CUST0649,Delhi,North,Consumer,Furniture,Office Chair,2,23941.18,15,UPI,Online,Delivered,2024-06-09
ORD02773,2025-02-01,CUST0832,Chennai,South,Small Business,Home Appliances,Air Conditioner,4,56181.58,5,Credit Card,Marketplace,Returned,2024-09-26
ORD02774,2025-12-02,CUST0316,Coimbatore,South,Small Business,Beauty,Face Serum,1,1643.22,10,Cash on Delivery,Online,Delivered,2024-06-02
ORD02775,2025-02-20,CUST0879,Hyderabad,South,Consumer,Beauty,Hair Dryer,2,4777.63,10,Cash on Delivery,Online,Returned,2023-09-27
ORD02776,2025-03-20,CUST0063,Chennai,South,Consumer,Fashion,Dress,2,4694.74,10,Credit Card,Retail Store,Delivered,2023-08-24
ORD02777,2025-06-23,CUST0058,Kochi,South,Consumer,Home Appliances,Air Conditioner,1,52137.72,25,Credit Card,Marketplace,Delivered,2023-06-21
ORD02778,2026-09-10,CUST0482,Delhi,North,Consumer,Electronics,Laptop,4,55418.44,5,UPI,Online,Delivered,2023-02-04
ORD02779,2026-05-16,CUST0446,Coimbatore,South,Corporate,Home Appliances,Mixer,1,3414.47,15,UPI,Online,Delivered,2024-12-26
ORD02780,2026-07-29,CUST0376,Coimbatore,South,Consumer,Beauty,Makeup Kit,2,2476.78,5,UPI,Marketplace,Delivered,2024-09-01
ORD02781,2025-03-17,CUST0609,Chennai,South,Consumer,Fashion,Jeans,1,3077.04,15,UPI,Marketplace,Returned,2023-07-14
ORD02782,2025-11-12,CUST0386,Bengaluru,South,Corporate,Furniture,Dining Table,1,37839.62,0,Credit Card,Online,Delivered,2025-01-17
ORD02783,2026-01-08,CUST0221,Mumbai,West,Consumer,Fashion,Dress,1,5520.19,5,UPI,Marketplace,Delivered,2023-12-30
ORD02784,2025-03-22,CUST0374,Hyderabad,South,Consumer,Fashion,Jeans,3,1644.39,5,UPI,Online,Delivered,2023-10-06
ORD02785,2025-03-12,CUST1169,Delhi,North,Small Business,Home Appliances,Washing Machine,3,30888.82,25,Net Banking,Marketplace,Delivered,2024-08-16
ORD02786,2025-03-12,CUST0506,Coimbatore,South,Consumer,Beauty,Makeup Kit,3,2017.54,10,Net Banking,Retail Store,Delivered,2024-05-15
ORD02787,2025-02-15,CUST0547,Ahmedabad,West,Consumer,Furniture,Bookshelf,1,13345.86,20,Debit Card,Retail Store,Delivered,2023-12-17
ORD02788,2025-02-16,CUST0706,Kolkata,East,Consumer,Electronics,Headphones,1,4236.58,15,UPI,Online,Delivered,2024-11-08
ORD02789,2026-08-14,CUST1177,Chennai,South,Corporate,Electronics,Tablet,1,16276.96,15,Credit Card,Retail Store,Delivered,2024-11-24
ORD02790,2026-02-26,CUST0260,Kochi,South,Consumer,Fashion,Dress,3,2498.67,0,Credit Card,Retail Store,Delivered,2024-11-16
ORD02791,2025-05-29,CUST0829,Pune,West,Consumer,Furniture,Sofa,2,34552.1,20,UPI,Retail Store,Delivered,2024-07-31
ORD02792,2025-05-10,CUST0856,Chennai,South,Consumer,Furniture,Bed,1,59959.05,20,UPI,Online,Delivered,2024-06-12
ORD02793,2026-04-01,CUST0742,Pune,West,Consumer,Home Appliances,Microwave,3,10579.28,15,Credit Card,Marketplace,Cancelled,2023-07-28
ORD02794,2026-09-23,CUST0108,Kochi,South,Corporate,Furniture,Bookshelf,1,23053.78,5,Debit Card,Online,Delivered,2023-06-11
ORD02795,2026-05-20,CUST0820,Kolkata,East,Small Business,Electronics,Smartwatch,1,21390.48,10,Debit Card,Online,Delivered,2023-03-24
ORD02796,2025-09-01,CUST0081,Hyderabad,South,Consumer,Home Appliances,Washing Machine,1,59097.64,25,Net Banking,Online,Delivered,2023-10-10
ORD02797,2026-04-19,CUST0738,Kochi,South,Corporate,Home Appliances,Washing Machine,2,27857.8,10,UPI,Retail Store,Returned,2025-04-24
ORD02798,2026-01-17,CUST0884,Kochi,South,Small Business,Furniture,Bed,1,68561.78,15,Debit Card,Retail Store,Delivered,2023-09-29
ORD02799,2025-04-13,CUST0233,Kolkata,East,Consumer,Furniture,Dining Table,1,45585.4,25,Credit Card,Retail Store,Delivered,2023-06-25
ORD02800,2026-05-04,CUST1001,Kolkata,East,Consumer,Electronics,Smartphone,2,79447.59,25,UPI,Online,Returned,2025-04-07
ORD02801,2025-02-06,CUST0041,Coimbatore,South,Consumer,Beauty,Makeup Kit,3,1804.28,25,Credit Card,Retail Store,Delivered,2023-09-03
ORD02802,2026-07-03,CUST1002,Chennai,South,Corporate,Furniture,Bookshelf,1,16743.54,15,Credit Card,Online,Delivered,2023-11-20
ORD02803,2026-06-04,CUST0564,Kolkata,East,Consumer,Furniture,Bed,2,41610.49,5,UPI,Retail Store,Delivered,2023-05-25
ORD02804,2025-11-29,CUST0237,Bengaluru,South,Consumer,Fashion,Shoes,2,3938.14,20,Net Banking,Online,Delivered,2023-11-25
ORD02805,2026-02-01,CUST0153,Ahmedabad,West,Corporate,Beauty,Hair Dryer,1,5696.27,15,Debit Card,Online,Delivered,2025-02-04
ORD02806,2025-10-23,CUST1138,Bengaluru,South,Consumer,Home Appliances,Microwave,2,20734.11,20,UPI,Online,Delivered,2023-04-16
ORD02807,2025-04-17,CUST0087,Hyderabad,South,Consumer,Home Appliances,Washing Machine,4,46711.81,5,UPI,Online,Delivered,2024-03-30
ORD02808,2026-06-14,CUST0226,Kolkata,East,Small Business,Home Appliances,Washing Machine,1,46800.65,0,Credit Card,Online,Delivered,2023-10-03
ORD02809,2025-03-24,CUST0430,Mumbai,West,Small Business,Furniture,Sofa,3,26682.17,0,UPI,Retail Store,Delivered,2024-04-20
ORD02810,2025-10-15,CUST0755,Coimbatore,South,Corporate,Fashion,T-Shirt,3,1830.38,15,UPI,Online,Delivered,2024-07-18
ORD02811,2026-04-06,CUST0668,Kochi,South,Consumer,Electronics,Smartwatch,1,21020.63,5,Credit Card,Retail Store,Delivered,2023-01-12
ORD02812,2025-08-03,CUST0142,Kolkata,East,Consumer,Beauty,Skincare Kit,3,3164.92,10,Credit Card,Online,Delivered,2024-04-13
ORD02813,2025-10-08,CUST0348,Hyderabad,South,Consumer,Home Appliances,Refrigerator,1,29048.21,5,UPI,Online,Delivered,2024-01-13
ORD02814,2026-04-04,CUST0257,Kolkata,East,Consumer,Electronics,Tablet,1,26637.51,10,Debit Card,Online,Delivered,2023-12-16
ORD02815,2025-12-10,CUST0236,Coimbatore,South,Corporate,Home Appliances,Air Conditioner,4,47314.06,20,Net Banking,Retail Store,Delivered,2025-05-25
ORD02816,2025-07-13,CUST0506,Kochi,South,Consumer,Fashion,T-Shirt,1,2456.3,10,Credit Card,Marketplace,Delivered,2024-05-15
ORD02817,2025-06-07,CUST0845,Bengaluru,South,Small Business,Fashion,Jacket,1,7399.57,10,Credit Card,Online,Delivered,2024-07-23
ORD02818,2026-04-10,CUST0237,Mumbai,West,Consumer,Furniture,Bed,2,21246.55,20,Debit Card,Online,Delivered,2023-11-25
ORD02819,2025-04-14,CUST0462,Pune,West,Consumer,Furniture,Bed,1,39675.74,5,UPI,Marketplace,Delivered,2023-02-17
ORD02820,2025-02-03,CUST0484,Mumbai,West,Corporate,Furniture,Office Chair,1,5514.34,10,UPI,Online,Delivered,2024-12-21
ORD02821,2025-04-12,CUST1170,Kolkata,East,Small Business,Home Appliances,Washing Machine,1,50472.96,10,Net Banking,Online,Delivered,2025-02-04
ORD02822,2025-11-21,CUST1141,Chennai,South,Small Business,Fashion,Shoes,2,2537.41,10,Net Banking,Retail Store,Delivered,2024-06-25
ORD02823,2026-08-15,CUST0953,Hyderabad,South,Consumer,Electronics,Smartphone,1,56738.64,0,Net Banking,Online,Delivered,2023-09-04
ORD02824,2025-05-21,CUST0260,Hyderabad,South,Small Business,Home Appliances,Washing Machine,1,51556.22,5,Credit Card,Online,Delivered,2024-11-16
ORD02825,2026-04-19,CUST0084,Pune,West,Small Business,Electronics,Headphones,1,8674.74,10,UPI,Marketplace,Delivered,2025-03-22
ORD02826,2025-01-31,CUST0380,Hyderabad,South,Small Business,Electronics,Smartwatch,2,13863.14,0,UPI,Online,Delivered,2024-10-17
ORD02827,2025-03-04,CUST0311,Pune,West,Corporate,Beauty,Face Serum,3,2067.07,10,Credit Card,Retail Store,Delivered,2025-04-21
ORD02828,2026-07-14,CUST0623,Chennai,South,Consumer,Home Appliances,Washing Machine,2,54152.09,0,UPI,Marketplace,Delivered,2024-07-27
ORD02829,2025-03-28,CUST0926,Chennai,South,Corporate,Beauty,Makeup Kit,1,2834.82,20,Cash on Delivery,Marketplace,Delivered,2024-10-24
ORD02830,2025-10-31,CUST1022,Delhi,North,Consumer,Fashion,Dress,4,4423.3,0,UPI,Marketplace,Delivered,2024-05-25
ORD02831,2025-03-02,CUST1004,Bengaluru,South,Consumer,Beauty,Hair Dryer,1,3677.45,15,Debit Card,Online,Delivered,2023-10-29
ORD02832,2026-01-31,CUST0456,Chennai,South,Consumer,Electronics,Tablet,1,42025.6,10,Credit Card,Online,Delivered,2023-03-03
ORD02833,2025-11-30,CUST0832,Mumbai,West,Corporate,Home Appliances,Air Conditioner,2,39691.49,5,Credit Card,Marketplace,Delivered,2024-09-26
ORD02834,2026-02-15,CUST0374,Chennai,South,Small Business,Fashion,T-Shirt,1,624.5,5,UPI,Online,Delivered,2023-10-06
ORD02835,2025-10-11,CUST0074,Kolkata,East,Small Business,Beauty,Makeup Kit,3,4526.48,5,Credit Card,Marketplace,Delivered,2025-05-20
ORD02836,2026-04-11,CUST0844,Bengaluru,South,Consumer,Fashion,Jeans,5,4479.48,10,Debit Card,Retail Store,Delivered,2024-08-16
ORD02837,2025-03-21,CUST0018,Coimbatore,South,Consumer,Fashion,T-Shirt,2,2456.88,15,Net Banking,Marketplace,Delivered,2024-11-01
ORD02838,2025-03-18,CUST0504,Kochi,South,Consumer,Beauty,Perfume,3,5757.28,5,UPI,Marketplace,Delivered,2024-04-25
ORD02839,2026-06-24,CUST0404,Kochi,South,Consumer,Electronics,Smartphone,2,68262.22,0,Net Banking,Marketplace,Delivered,2024-04-15
ORD02840,2025-12-27,CUST0837,Coimbatore,South,Corporate,Furniture,Dining Table,3,44952.78,15,Credit Card,Retail Store,Delivered,2023-10-28
ORD02841,2025-03-18,CUST0911,Bengaluru,South,Consumer,Home Appliances,Mixer,1,6294.51,15,Credit Card,Online,Delivered,2024-05-24
ORD02842,2026-05-24,CUST0371,Ahmedabad,West,Small Business,Beauty,Skincare Kit,1,3542.36,10,UPI,Online,Delivered,2025-05-08
ORD02843,2025-06-13,CUST0967,Delhi,North,Consumer,Home Appliances,Mixer,2,3883.14,10,UPI,Retail Store,Delivered,2024-07-21
ORD02844,2025-01-09,CUST0356,Kolkata,East,Consumer,Beauty,Skincare Kit,1,4433.99,0,Credit Card,Marketplace,Delivered,2023-03-11
ORD02845,2025-06-24,CUST0547,Bengaluru,South,Small Business,Furniture,Dining Table,2,25557.15,5,Credit Card,Retail Store,Delivered,2023-12-17
ORD02846,2026-04-07,CUST0868,Delhi,North,Corporate,Electronics,Tablet,3,42229.01,10,UPI,Online,Delivered,2024-06-03
ORD02847,2025-11-03,CUST0836,Mumbai,West,Consumer,Furniture,Sofa,3,58205.88,5,UPI,Retail Store,Delivered,2023-06-05
ORD02848,2026-08-11,CUST1185,Kochi,South,Consumer,Beauty,Face Serum,4,1139.27,20,UPI,Online,Delivered,2025-01-12
ORD02849,2025-09-02,CUST0244,Chennai,South,Small Business,Electronics,Laptop,1,54314.68,25,UPI,Marketplace,Delivered,2023-03-12
ORD02850,2025-05-02,CUST0802,Coimbatore,South,Small Business,Fashion,Dress,3,2709.68,10,UPI,Marketplace,Delivered,2023-04-30
ORD02851,2025-07-04,CUST0747,Coimbatore,South,Consumer,Electronics,Headphones,2,13206.45,25,Debit Card,Retail Store,Delivered,2023-09-15
ORD02852,2025-02-01,CUST1091,Kolkata,East,Consumer,Electronics,Laptop,2,63770.34,15,UPI,Marketplace,Delivered,2025-02-12
ORD02853,2026-07-23,CUST0179,Chennai,South,Consumer,Home Appliances,Refrigerator,1,46381.01,10,Net Banking,Online,Delivered,2025-04-27
ORD02854,2025-11-06,CUST0889,Pune,West,Small Business,Fashion,Jeans,1,2241.15,10,Debit Card,Marketplace,Delivered,2025-03-16
ORD02855,2026-01-07,CUST0700,Bengaluru,South,Corporate,Beauty,Perfume,1,5511.93,5,Debit Card,Online,Delivered,2025-04-02
ORD02856,2026-08-19,CUST0318,Coimbatore,South,Consumer,Furniture,Office Chair,1,14246.4,20,UPI,Online,Delivered,2025-04-12
ORD02857,2025-02-25,CUST0580,Pune,West,Corporate,Home Appliances,Refrigerator,2,28883.72,15,Credit Card,Online,Delivered,2023-09-03
ORD02858,2025-09-30,CUST0413,Kochi,South,Consumer,Electronics,Headphones,2,11116.39,20,Debit Card,Retail Store,Delivered,2024-04-19
ORD02859,2026-04-09,CUST0709,Kolkata,East,Consumer,Beauty,Makeup Kit,1,4717.1,10,Credit Card,Retail Store,Returned,2024-03-28
ORD02860,2026-04-01,CUST1058,Coimbatore,South,Consumer,Home Appliances,Microwave,2,15677.15,20,Credit Card,Online,Delivered,2023-11-18
ORD02861,2025-09-06,CUST0700,Ahmedabad,West,Consumer,Home Appliances,Microwave,4,12168.18,0,Cash on Delivery,Online,Delivered,2025-04-02
ORD02862,2025-03-19,CUST0771,Bengaluru,South,Small Business,Furniture,Office Chair,2,18616.48,15,Credit Card,Online,Delivered,2024-04-18
ORD02863,2026-06-18,CUST0640,Coimbatore,South,Consumer,Electronics,Tablet,1,13568.75,15,Debit Card,Retail Store,Delivered,2024-03-22
ORD02864,2025-04-18,CUST0061,Hyderabad,South,Consumer,Furniture,Sofa,3,38232.22,10,Net Banking,Retail Store,Delivered,2023-04-13
ORD02865,2025-09-30,CUST0252,Kochi,South,Consumer,Home Appliances,Air Conditioner,4,35261.06,20,Credit Card,Online,Delivered,2025-02-08
ORD02866,2025-01-15,CUST0609,Kochi,South,Consumer,Electronics,Laptop,2,92314.46,0,Credit Card,Retail Store,Delivered,2023-07-14
ORD02867,2026-01-05,CUST0374,Kochi,South,Small Business,Electronics,Smartphone,2,64913.79,10,UPI,Online,Delivered,2023-10-06
ORD02868,2025-10-31,CUST0209,Chennai,South,Corporate,Electronics,Smartphone,3,51912.74,15,Debit Card,Online,Delivered,2024-06-29
ORD02869,2025-07-24,CUST0621,Pune,West,Consumer,Beauty,Perfume,1,7688.52,15,UPI,Online,Delivered,2024-05-27
ORD02870,2025-04-23,CUST0391,Coimbatore,South,Consumer,Electronics,Tablet,2,25312.63,25,UPI,Marketplace,Delivered,2023-05-08
ORD02871,2025-09-10,CUST0296,Chennai,South,Consumer,Beauty,Hair Dryer,2,2598.42,5,UPI,Online,Delivered,2023-07-02
ORD02872,2026-03-17,CUST0566,Bengaluru,South,Small Business,Home Appliances,Mixer,2,4426.07,5,UPI,Retail Store,Cancelled,2023-07-17
ORD02873,2025-07-05,CUST0153,Kolkata,East,Corporate,Electronics,Smartwatch,1,24320.47,10,Cash on Delivery,Retail Store,Delivered,2025-02-04
ORD02874,2025-08-15,CUST1108,Hyderabad,South,Small Business,Home Appliances,Mixer,3,7150.99,10,Credit Card,Online,Delivered,2023-08-06
ORD02875,2026-06-12,CUST1032,Chennai,South,Consumer,Electronics,Smartphone,3,20680.02,10,UPI,Retail Store,Delivered,2023-10-04
ORD02876,2025-12-20,CUST0848,Pune,West,Small Business,Electronics,Headphones,4,13267.36,0,Net Banking,Marketplace,Delivered,2024-03-24
ORD02877,2026-09-15,CUST0120,Ahmedabad,West,Small Business,Fashion,Dress,5,1430.72,10,UPI,Retail Store,Delivered,2024-12-16
ORD02878,2025-01-01,CUST0922,Chennai,South,Consumer,Electronics,Smartphone,1,77272.63,25,UPI,Retail Store,Delivered,2023-12-09
ORD02879,2026-07-07,CUST0961,Kolkata,East,Corporate,Furniture,Bed,3,34826.32,10,Credit Card,Online,Delivered,2024-09-16
ORD02880,2026-07-14,CUST0916,Pune,West,Consumer,Electronics,Smartphone,2,35077.15,20,Credit Card,Marketplace,Returned,2023-10-20
ORD02881,2026-02-24,CUST0127,Kochi,South,Consumer,Electronics,Smartwatch,1,3195.93,20,UPI,Marketplace,Delivered,2023-06-29
ORD02882,2026-09-12,CUST0781,Kolkata,East,Consumer,Furniture,Office Chair,1,10046.45,20,Credit Card,Online,Delivered,2025-03-29
ORD02883,2025-06-10,CUST0988,Bengaluru,South,Consumer,Electronics,Headphones,3,14229.02,10,Credit Card,Retail Store,Delivered,2024-05-11
ORD02884,2025-06-10,CUST0707,Ahmedabad,West,Consumer,Fashion,Jacket,4,3196.95,15,Net Banking,Online,Delivered,2025-02-28
ORD02885,2025-05-08,CUST0784,Kolkata,East,Consumer,Electronics,Headphones,1,8747.06,15,UPI,Online,Delivered,2024-02-22
ORD02886,2025-05-31,CUST0562,Mumbai,West,Corporate,Home Appliances,Washing Machine,1,24503.82,10,UPI,Retail Store,Delivered,2023-06-28
ORD02887,2026-03-20,CUST0649,Hyderabad,South,Small Business,Fashion,Dress,4,5161.27,20,Net Banking,Online,Cancelled,2024-06-09
ORD02888,2026-04-16,CUST0044,Ahmedabad,West,Small Business,Home Appliances,Microwave,2,23075.08,10,Credit Card,Online,Delivered,2023-09-16
ORD02889,2026-04-08,CUST0772,Kochi,South,Consumer,Fashion,T-Shirt,3,621.02,15,Credit Card,Online,Delivered,2023-08-11
ORD02890,2025-01-30,CUST0100,Ahmedabad,West,Consumer,Furniture,Bed,1,58165.97,20,Net Banking,Marketplace,Returned,2024-08-31
ORD02891,2026-04-18,CUST0532,Coimbatore,South,Consumer,Electronics,Laptop,1,81886.7,5,Net Banking,Marketplace,Cancelled,2023-12-18
ORD02892,2026-07-11,CUST0354,Bengaluru,South,Consumer,Electronics,Tablet,1,23139.15,0,UPI,Marketplace,Returned,2023-06-17
ORD02893,2025-03-21,CUST0669,Bengaluru,South,Consumer,Home Appliances,Mixer,2,7330.07,0,UPI,Marketplace,Delivered,2023-03-08
ORD02894,2025-02-08,CUST0153,Kochi,South,Small Business,Electronics,Headphones,2,14407.36,25,UPI,Online,Delivered,2025-02-04
ORD02895,2025-08-28,CUST0836,Hyderabad,South,Small Business,Beauty,Face Serum,2,1546.66,0,UPI,Retail Store,Returned,2023-06-05
ORD02896,2026-07-11,CUST0948,Chennai,South,Consumer,Home Appliances,Air Conditioner,2,45479.57,20,Credit Card,Online,Delivered,2023-01-05
ORD02897,2026-08-13,CUST0185,Chennai,South,Consumer,Beauty,Hair Dryer,1,1571.01,20,UPI,Retail Store,Delivered,2023-03-07
ORD02898,2025-12-03,CUST0120,Kochi,South,Consumer,Beauty,Skincare Kit,1,1874.46,5,Credit Card,Online,Delivered,2024-12-16
ORD02899,2025-10-07,CUST0167,Chennai,South,Corporate,Electronics,Laptop,3,55762.95,20,Credit Card,Online,Delivered,2024-02-20
ORD02900,2025-04-26,CUST1043,Kochi,South,Small Business,Fashion,Shoes,5,5077.03,10,Net Banking,Retail Store,Delivered,2024-12-29
ORD02901,2025-09-26,CUST0649,Kolkata,East,Small Business,Home Appliances,Microwave,2,7859.77,20,Cash on Delivery,Online,Delivered,2024-06-09
ORD02902,2025-12-01,CUST0568,Hyderabad,South,Consumer,Fashion,Jacket,1,5021.15,5,Credit Card,Retail Store,Delivered,2023-03-25
ORD02903,2025-11-08,CUST0121,Coimbatore,South,Consumer,Fashion,Jeans,1,1550.44,15,UPI,Online,Delivered,2025-03-04
ORD02904,2025-02-22,CUST0790,Delhi,North,Consumer,Electronics,Tablet,1,46621.76,20,Net Banking,Retail Store,Delivered,2023-09-14
ORD02905,2025-03-09,CUST1033,Ahmedabad,West,Consumer,Electronics,Headphones,1,10195.67,20,Debit Card,Retail Store,Delivered,2024-10-31
ORD02906,2025-02-03,CUST0978,Pune,West,Small Business,Home Appliances,Mixer,1,3904.73,15,Credit Card,Retail Store,Delivered,2024-08-13
ORD02907,2026-01-21,CUST0760,Ahmedabad,West,Consumer,Fashion,T-Shirt,2,747.05,20,Net Banking,Online,Delivered,2025-03-29
ORD02908,2025-09-06,CUST0090,Mumbai,West,Corporate,Electronics,Smartphone,3,67378.15,0,UPI,Online,Delivered,2023-09-12
ORD02909,2025-04-21,CUST0126,Pune,West,Consumer,Fashion,T-Shirt,1,1586.89,15,Cash on Delivery,Online,Delivered,2024-08-18
ORD02910,2025-04-04,CUST0058,Kolkata,East,Consumer,Electronics,Tablet,1,33090.5,0,Credit Card,Online,Delivered,2023-06-21
ORD02911,2026-02-14,CUST0295,Kolkata,East,Consumer,Fashion,T-Shirt,2,1058.84,0,Debit Card,Retail Store,Returned,2023-03-28
ORD02912,2025-06-28,CUST0155,Pune,West,Small Business,Beauty,Face Serum,2,1003.43,0,Net Banking,Online,Delivered,2025-03-27
ORD02913,2025-02-16,CUST0299,Kolkata,East,Corporate,Furniture,Sofa,2,60253.06,10,Credit Card,Online,Returned,2023-06-14
ORD02914,2026-08-27,CUST0482,Ahmedabad,West,Consumer,Home Appliances,Refrigerator,1,38881.64,5,UPI,Online,Cancelled,2023-02-04
ORD02915,2026-01-11,CUST1122,Bengaluru,South,Consumer,Furniture,Sofa,1,67672.43,20,Debit Card,Marketplace,Returned,2024-06-10
ORD02916,2026-08-10,CUST0747,Pune,West,Corporate,Furniture,Sofa,1,22181.59,15,UPI,Online,Delivered,2023-09-15
ORD02917,2025-07-21,CUST0990,Kochi,South,Corporate,Fashion,Shoes,1,6405.88,25,UPI,Marketplace,Delivered,2024-12-21
ORD02918,2026-03-21,CUST0848,Kochi,South,Small Business,Furniture,Bed,1,56420.58,0,Credit Card,Marketplace,Delivered,2024-03-24
ORD02919,2025-10-24,CUST0126,Coimbatore,South,Corporate,Fashion,Dress,2,4964.09,0,UPI,Marketplace,Returned,2024-08-18
ORD02920,2025-11-04,CUST0878,Ahmedabad,West,Consumer,Furniture,Sofa,1,65628.5,0,Net Banking,Online,Delivered,2023-05-11
ORD02921,2026-05-08,CUST0320,Delhi,North,Small Business,Fashion,T-Shirt,3,1040.3,15,UPI,Retail Store,Returned,2024-06-13
ORD02922,2025-12-04,CUST0772,Delhi,North,Corporate,Electronics,Smartphone,3,68137.64,5,Cash on Delivery,Online,Delivered,2023-08-11
ORD02923,2025-03-07,CUST0424,Pune,West,Small Business,Home Appliances,Microwave,3,12344.27,5,Debit Card,Marketplace,Delivered,2023-07-07
ORD02924,2026-02-26,CUST1200,Ahmedabad,West,Corporate,Beauty,Hair Dryer,1,5072.91,25,UPI,Online,Delivered,2024-11-02
ORD02925,2026-06-24,CUST0311,Kochi,South,Consumer,Electronics,Smartphone,2,30490.74,10,Credit Card,Online,Delivered,2025-04-21
ORD02926,2026-09-21,CUST0328,Kochi,South,Consumer,Electronics,Tablet,2,44156.4,20,UPI,Retail Store,Delivered,2023-12-01
ORD02927,2026-05-08,CUST1111,Coimbatore,South,Corporate,Electronics,Headphones,5,9353.95,5,UPI,Online,Delivered,2023-08-07
ORD02928,2025-11-13,CUST0035,Kolkata,East,Consumer,Electronics,Tablet,1,15460.69,10,Credit Card,Marketplace,Delivered,2024-12-31
ORD02929,2026-09-18,CUST0842,Chennai,South,Corporate,Electronics,Laptop,1,66693.81,25,Debit Card,Online,Delivered,2024-01-29
ORD02930,2025-03-16,CUST0868,Delhi,North,Consumer,Fashion,Jacket,1,2598.38,25,UPI,Retail Store,Cancelled,2024-06-03
ORD02931,2025-02-28,CUST0992,Coimbatore,South,Consumer,Home Appliances,Washing Machine,2,23127.11,5,Net Banking,Online,Delivered,2024-07-06
ORD02932,2026-01-21,CUST1167,Ahmedabad,West,Small Business,Furniture,Bookshelf,5,19823.99,10,Cash on Delivery,Online,Delivered,2024-10-01
ORD02933,2025-01-15,CUST1169,Delhi,North,Small Business,Furniture,Dining Table,1,35801.14,20,UPI,Marketplace,Delivered,2024-08-16
ORD02934,2025-08-19,CUST0082,Kochi,South,Consumer,Home Appliances,Air Conditioner,3,62478.16,10,Net Banking,Marketplace,Delivered,2025-05-11
ORD02935,2026-09-09,CUST0971,Hyderabad,South,Consumer,Furniture,Sofa,1,60675.23,15,Credit Card,Retail Store,Delivered,2024-07-15
ORD02936,2025-07-18,CUST0784,Ahmedabad,West,Consumer,Home Appliances,Mixer,2,3597.99,0,UPI,Online,Delivered,2024-02-22
ORD02937,2025-12-20,CUST0787,Hyderabad,South,Consumer,Furniture,Dining Table,1,22219.16,10,Debit Card,Marketplace,Delivered,2023-05-09
ORD02938,2025-02-04,CUST0147,Ahmedabad,West,Consumer,Home Appliances,Air Conditioner,1,33588.54,20,UPI,Marketplace,Returned,2023-11-29
ORD02939,2025-06-11,CUST0790,Hyderabad,South,Corporate,Furniture,Bed,1,24468.73,10,Credit Card,Online,Delivered,2023-09-14
ORD02940,2026-04-16,CUST1176,Kochi,South,Corporate,Electronics,Tablet,3,47690.89,10,Net Banking,Online,Delivered,2023-12-04
ORD02941,2026-06-15,CUST1088,Pune,West,Corporate,Furniture,Bookshelf,3,18003.91,0,UPI,Retail Store,Delivered,2023-09-17
ORD02942,2026-02-27,CUST0538,Pune,West,Corporate,Electronics,Headphones,1,7307.81,10,Credit Card,Online,Delivered,2024-10-28
ORD02943,2025-12-14,CUST0052,Mumbai,West,Corporate,Fashion,Jacket,4,7990.5,10,Debit Card,Online,Delivered,2023-12-16
ORD02944,2025-05-27,CUST0459,Pune,West,Consumer,Electronics,Laptop,1,63119.74,10,Debit Card,Online,Delivered,2023-04-18
ORD02945,2026-01-09,CUST0974,Kochi,South,Consumer,Electronics,Smartwatch,1,22514.57,0,Cash on Delivery,Marketplace,Delivered,2024-05-27
ORD02946,2026-02-20,CUST0844,Pune,West,Consumer,Beauty,Makeup Kit,1,1556.21,10,Net Banking,Online,Delivered,2024-08-16
ORD02947,2026-05-09,CUST0564,Mumbai,West,Consumer,Fashion,T-Shirt,1,2194.6,10,Debit Card,Online,Returned,2023-05-25
ORD02948,2026-07-13,CUST0064,Ahmedabad,West,Consumer,Home Appliances,Mixer,1,4294.94,10,UPI,Online,Delivered,2024-02-14
ORD02949,2025-09-13,CUST0524,Mumbai,West,Consumer,Furniture,Bed,1,41166.54,20,Credit Card,Retail Store,Delivered,2024-11-05
ORD02950,2025-04-13,CUST0569,Mumbai,West,Consumer,Fashion,Jeans,4,4562.6,15,Cash on Delivery,Retail Store,Delivered,2024-10-30
ORD02951,2025-05-01,CUST1108,Mumbai,West,Small Business,Home Appliances,Microwave,1,7693.58,10,UPI,Online,Delivered,2023-08-06
ORD02952,2026-02-23,CUST0776,Coimbatore,South,Consumer,Electronics,Tablet,1,36265.92,20,UPI,Online,Delivered,2023-07-07
ORD02953,2025-12-16,CUST0374,Kochi,South,Consumer,Beauty,Perfume,4,4870.08,20,Cash on Delivery,Online,Delivered,2023-10-06
ORD02954,2025-02-11,CUST0649,Hyderabad,South,Consumer,Electronics,Laptop,3,62213.3,5,UPI,Retail Store,Delivered,2024-06-09
ORD02955,2026-01-02,CUST0082,Coimbatore,South,Consumer,Electronics,Smartphone,1,24707.65,0,Credit Card,Online,Delivered,2025-05-11
ORD02956,2025-01-29,CUST1163,Mumbai,West,Corporate,Furniture,Bookshelf,3,24105.11,15,UPI,Online,Delivered,2023-03-09
ORD02957,2025-01-14,CUST0456,Coimbatore,South,Consumer,Beauty,Skincare Kit,2,2195.3,5,Cash on Delivery,Marketplace,Delivered,2023-03-03
ORD02958,2026-04-30,CUST0590,Ahmedabad,West,Consumer,Home Appliances,Mixer,1,6280.3,10,UPI,Marketplace,Delivered,2024-10-06
ORD02959,2025-07-08,CUST0448,Chennai,South,Corporate,Beauty,Perfume,4,7598.42,15,UPI,Retail Store,Delivered,2023-06-07
ORD02960,2025-10-22,CUST0831,Bengaluru,South,Consumer,Fashion,Jacket,1,1827.85,20,UPI,Retail Store,Delivered,2023-08-13
ORD02961,2025-07-02,CUST0802,Chennai,South,Small Business,Home Appliances,Mixer,1,6077.74,20,Credit Card,Online,Delivered,2023-04-30
ORD02962,2026-07-02,CUST0855,Bengaluru,South,Consumer,Home Appliances,Mixer,2,3596.76,15,Credit Card,Marketplace,Delivered,2024-08-06
ORD02963,2025-02-06,CUST0312,Pune,West,Consumer,Electronics,Tablet,1,40165.71,0,UPI,Marketplace,Delivered,2024-11-09
ORD02964,2025-01-14,CUST0377,Pune,West,Consumer,Home Appliances,Mixer,3,8879.54,15,UPI,Online,Delivered,2024-06-25
ORD02965,2026-09-27,CUST0142,Kochi,South,Consumer,Electronics,Smartwatch,1,5970.36,20,UPI,Online,Delivered,2024-04-13
ORD02966,2026-08-18,CUST0796,Pune,West,Consumer,Home Appliances,Washing Machine,1,28902.28,5,UPI,Marketplace,Delivered,2023-09-20
ORD02967,2025-06-08,CUST0051,Coimbatore,South,Small Business,Electronics,Laptop,2,46454.51,15,Cash on Delivery,Online,Returned,2023-01-09
ORD02968,2026-05-09,CUST0739,Ahmedabad,West,Consumer,Fashion,Shoes,1,7443.41,10,Credit Card,Online,Returned,2023-02-09
ORD02969,2025-11-25,CUST1033,Delhi,North,Small Business,Electronics,Laptop,1,56217.96,10,Credit Card,Online,Delivered,2024-10-31
ORD02970,2026-09-06,CUST1062,Coimbatore,South,Corporate,Electronics,Smartwatch,4,6648.34,10,Debit Card,Online,Delivered,2024-08-20
ORD02971,2025-03-24,CUST0548,Hyderabad,South,Corporate,Furniture,Sofa,1,68840.81,20,Credit Card,Online,Delivered,2023-04-18
ORD02972,2026-07-10,CUST0564,Bengaluru,South,Consumer,Electronics,Tablet,1,30777.82,15,Debit Card,Online,Delivered,2023-05-25
ORD02973,2026-08-03,CUST0091,Bengaluru,South,Consumer,Beauty,Perfume,2,6393.57,25,Cash on Delivery,Marketplace,Delivered,2024-08-21
ORD02974,2026-07-14,CUST0812,Delhi,North,Consumer,Electronics,Tablet,1,12096.12,5,Credit Card,Online,Delivered,2023-07-09
ORD02975,2026-07-23,CUST0971,Coimbatore,South,Consumer,Fashion,Jeans,1,3688.11,20,UPI,Marketplace,Delivered,2024-07-15
ORD02976,2026-08-10,CUST0270,Ahmedabad,West,Consumer,Electronics,Smartphone,2,70760.01,10,UPI,Online,Delivered,2024-01-07
ORD02977,2025-01-22,CUST0518,Ahmedabad,West,Consumer,Home Appliances,Air Conditioner,1,38719.0,10,UPI,Online,Delivered,2024-04-10
ORD02978,2025-05-12,CUST0997,Mumbai,West,Consumer,Electronics,Smartphone,4,44684.09,10,UPI,Online,Delivered,2024-03-13
ORD02979,2026-04-10,CUST1043,Ahmedabad,West,Corporate,Electronics,Smartphone,1,69442.47,0,UPI,Marketplace,Delivered,2024-12-29
ORD02980,2026-04-01,CUST0264,Kolkata,East,Small Business,Fashion,Dress,1,4332.84,5,Debit Card,Retail Store,Returned,2024-07-28
ORD02981,2025-10-29,CUST0672,Kochi,South,Consumer,Electronics,Laptop,1,57561.01,20,UPI,Online,Delivered,2023-08-03
ORD02982,2025-09-24,CUST0221,Delhi,North,Consumer,Furniture,Bookshelf,1,11966.98,0,Net Banking,Online,Delivered,2023-12-30
ORD02983,2026-01-30,CUST0116,Hyderabad,South,Corporate,Home Appliances,Microwave,4,24469.53,10,Cash on Delivery,Online,Delivered,2024-03-25
ORD02984,2025-04-30,CUST1088,Kolkata,East,Small Business,Fashion,Dress,3,1795.46,15,Net Banking,Marketplace,Delivered,2023-09-17
ORD02985,2025-09-03,CUST0971,Pune,West,Corporate,Fashion,Dress,2,4375.84,10,Cash on Delivery,Online,Delivered,2024-07-15
ORD02986,2026-07-22,CUST0904,Delhi,North,Small Business,Fashion,Shoes,3,9720.09,10,Credit Card,Online,Delivered,2025-06-13
ORD02987,2025-02-07,CUST0057,Delhi,North,Consumer,Furniture,Office Chair,2,12238.62,0,Cash on Delivery,Retail Store,Delivered,2024-01-13
ORD02988,2025-09-02,CUST1002,Coimbatore,South,Consumer,Home Appliances,Mixer,3,4653.44,10,Debit Card,Retail Store,Delivered,2023-11-20
ORD02989,2025-01-21,CUST0536,Pune,West,Small Business,Electronics,Smartwatch,3,5336.71,25,Credit Card,Online,Delivered,2023-12-13
ORD02990,2025-04-20,CUST0426,Kolkata,East,Consumer,Beauty,Hair Dryer,4,1263.54,25,Net Banking,Online,Delivered,2023-05-11
ORD02991,2026-08-29,CUST0669,Kochi,South,Consumer,Beauty,Hair Dryer,4,5975.96,5,Credit Card,Retail Store,Delivered,2023-03-08
ORD02992,2026-01-29,CUST0109,Bengaluru,South,Small Business,Home Appliances,Refrigerator,1,32926.91,10,UPI,Retail Store,Delivered,2024-09-15
ORD02993,2026-02-14,CUST0899,Kolkata,East,Consumer,Home Appliances,Mixer,1,7993.66,5,Net Banking,Retail Store,Delivered,2024-04-18
ORD02994,2025-01-08,CUST0711,Chennai,South,Corporate,Home Appliances,Air Conditioner,1,37438.87,20,UPI,Online,Delivered,2024-03-25
ORD02995,2026-03-20,CUST0216,Ahmedabad,West,Consumer,Electronics,Headphones,2,6006.73,0,UPI,Marketplace,Delivered,2025-06-02
ORD02996,2025-11-24,CUST0216,Delhi,North,Corporate,Fashion,Dress,1,5062.01,10,Debit Card,Marketplace,Delivered,2025-06-02
ORD02997,2025-10-17,CUST0214,Mumbai,West,Consumer,Fashion,Dress,1,2182.26,10,Credit Card,Marketplace,Delivered,2025-02-04
ORD02998,2026-05-26,CUST0069,Pune,West,Consumer,Fashion,T-Shirt,5,1354.06,10,UPI,Online,Returned,2023-11-28
ORD02999,2025-12-27,CUST0719,Pune,West,Consumer,Fashion,Dress,1,4133.28,20,Debit Card,Marketplace,Delivered,2023-07-29
ORD03000,2026-08-22,CUST1000,Kolkata,East,Small Business,Fashion,T-Shirt,2,1603.55,10,UPI,Online,Delivered,2023-05-19
ORD03001,2025-08-07,CUST0025,Coimbatore,South,Consumer,Fashion,T-Shirt,3,1012.26,10,Credit Card,Online,Delivered,2024-09-05
ORD03002,2026-02-10,CUST0057,Chennai,South,Consumer,Electronics,Smartphone,1,33659.66,5,UPI,Online,Delivered,2024-01-13
ORD03003,2026-09-13,CUST0703,Kochi,South,Small Business,Electronics,Headphones,2,4885.3,5,Debit Card,Retail Store,Delivered,2023-12-19
ORD03004,2025-08-08,CUST0971,Bengaluru,South,Small Business,Electronics,Tablet,3,25050.73,25,UPI,Marketplace,Delivered,2024-07-15
ORD03005,2026-08-18,CUST0402,Kochi,South,Corporate,Furniture,Bookshelf,1,22689.28,5,Debit Card,Marketplace,Delivered,2024-05-21
ORD03006,2025-04-17,CUST0438,Kolkata,East,Corporate,Home Appliances,Air Conditioner,2,39867.65,5,Debit Card,Online,Cancelled,2024-09-28
ORD03007,2026-08-04,CUST0738,Mumbai,West,Small Business,Beauty,Hair Dryer,1,3551.91,5,UPI,Marketplace,Delivered,2025-04-24
ORD03008,2026-09-01,CUST0316,Coimbatore,South,Consumer,Furniture,Dining Table,1,17278.32,10,Credit Card,Marketplace,Delivered,2024-06-02
ORD03009,2025-10-13,CUST0037,Kochi,South,Corporate,Home Appliances,Washing Machine,2,47868.68,15,UPI,Marketplace,Delivered,2023-07-04
ORD03010,2025-01-08,CUST0877,Kolkata,East,Small Business,Home Appliances,Air Conditioner,2,35155.26,20,UPI,Retail Store,Delivered,2025-03-11
ORD03011,2025-07-08,CUST0760,Chennai,South,Corporate,Beauty,Makeup Kit,3,2753.21,5,UPI,Retail Store,Delivered,2025-03-29
ORD03012,2025-03-22,CUST0710,Chennai,South,Consumer,Fashion,Jeans,1,3307.71,5,Credit Card,Marketplace,Delivered,2024-02-23
ORD03013,2025-04-18,CUST0888,Ahmedabad,West,Small Business,Beauty,Face Serum,3,3845.68,0,UPI,Online,Returned,2023-09-01
ORD03014,2025-11-17,CUST0818,Delhi,North,Small Business,Furniture,Office Chair,4,19593.98,15,UPI,Online,Returned,2025-04-09
ORD03015,2026-08-02,CUST0231,Delhi,North,Consumer,Fashion,Dress,1,4048.37,10,Cash on Delivery,Marketplace,Delivered,2023-04-18
ORD03016,2025-12-12,CUST0441,Kolkata,East,Consumer,Fashion,Jeans,1,1228.23,10,Credit Card,Retail Store,Delivered,2023-10-22
ORD03017,2025-11-24,CUST0142,Kolkata,East,Consumer,Beauty,Makeup Kit,2,4370.65,0,Cash on Delivery,Retail Store,Returned,2024-04-13
ORD03018,2026-07-09,CUST0147,Kolkata,East,Corporate,Beauty,Face Serum,3,940.24,15,Debit Card,Online,Delivered,2023-11-29
ORD03019,2025-10-29,CUST0818,Pune,West,Consumer,Electronics,Smartphone,1,54371.35,25,Debit Card,Online,Cancelled,2025-04-09
ORD03020,2025-07-19,CUST1022,Delhi,North,Consumer,Furniture,Sofa,4,54344.77,25,UPI,Retail Store,Delivered,2024-05-25
ORD03021,2026-02-23,CUST1150,Pune,West,Consumer,Furniture,Dining Table,1,25764.72,15,UPI,Marketplace,Delivered,2023-03-15
ORD03022,2025-02-08,CUST0766,Kolkata,East,Consumer,Home Appliances,Refrigerator,1,67757.94,10,UPI,Online,Delivered,2023-01-25
ORD03023,2025-11-03,CUST0211,Kochi,South,Consumer,Furniture,Office Chair,1,17615.95,25,UPI,Online,Delivered,2024-04-11
ORD03024,2025-01-04,CUST0120,Delhi,North,Corporate,Furniture,Bookshelf,2,11183.75,20,UPI,Online,Delivered,2024-12-16
ORD03025,2026-09-25,CUST0969,Hyderabad,South,Corporate,Fashion,Jacket,1,2173.01,5,Net Banking,Retail Store,Delivered,2023-01-10
ORD03026,2025-03-18,CUST0707,Delhi,North,Small Business,Fashion,Dress,1,6216.15,10,Net Banking,Online,Delivered,2025-02-28
ORD03027,2026-04-13,CUST0755,Mumbai,West,Consumer,Fashion,T-Shirt,2,1265.4,0,UPI,Online,Delivered,2024-07-18
ORD03028,2025-06-28,CUST0931,Bengaluru,South,Consumer,Home Appliances,Mixer,2,9206.2,5,UPI,Retail Store,Delivered,2024-10-07
ORD03029,2025-10-03,CUST0845,Kolkata,East,Small Business,Furniture,Dining Table,1,49220.18,5,Credit Card,Online,Delivered,2024-07-23
ORD03030,2025-06-01,CUST0988,Bengaluru,South,Small Business,Fashion,Shoes,4,9825.19,5,UPI,Online,Cancelled,2024-05-11
ORD03031,2025-06-13,CUST0067,Hyderabad,South,Small Business,Electronics,Headphones,5,9866.12,10,UPI,Marketplace,Returned,2025-02-22
ORD03032,2025-10-17,CUST0889,Delhi,North,Small Business,Fashion,Dress,2,3791.82,20,Credit Card,Retail Store,Delivered,2025-03-16
ORD03033,2026-01-13,CUST1014,Delhi,North,Consumer,Furniture,Bookshelf,2,14347.11,20,UPI,Marketplace,Delivered,2023-12-02
ORD03034,2026-09-13,CUST0343,Pune,West,Consumer,Fashion,T-Shirt,3,524.66,25,UPI,Marketplace,Delivered,2024-10-01
ORD03035,2026-09-30,CUST0775,Chennai,South,Consumer,Furniture,Bookshelf,2,22443.84,10,UPI,Online,Delivered,2024-06-13
ORD03036,2025-11-06,CUST0376,Kolkata,East,Consumer,Electronics,Laptop,1,77527.47,10,Credit Card,Retail Store,Delivered,2024-09-01
ORD03037,2026-01-24,CUST1142,Coimbatore,South,Consumer,Home Appliances,Microwave,2,18161.66,0,Debit Card,Retail Store,Delivered,2023-05-06
ORD03038,2025-07-02,CUST0042,Bengaluru,South,Corporate,Furniture,Office Chair,1,7362.66,20,Net Banking,Online,Delivered,2023-07-06
ORD03039,2025-11-02,CUST0709,Coimbatore,South,Consumer,Fashion,Dress,2,2817.76,5,UPI,Retail Store,Delivered,2024-03-28
ORD03040,2025-03-13,CUST0189,Chennai,South,Small Business,Furniture,Bookshelf,1,20738.92,15,UPI,Online,Delivered,2025-01-27
ORD03041,2025-08-07,CUST0851,Coimbatore,South,Small Business,Furniture,Sofa,1,39213.71,15,Debit Card,Online,Delivered,2023-12-11
ORD03042,2025-06-22,CUST0201,Mumbai,West,Consumer,Furniture,Bookshelf,2,5142.59,20,UPI,Retail Store,Returned,2024-05-22
ORD03043,2025-09-29,CUST0254,Kolkata,East,Small Business,Fashion,Jacket,3,5464.08,15,UPI,Online,Delivered,2023-07-15
ORD03044,2026-04-13,CUST0613,Bengaluru,South,Small Business,Home Appliances,Refrigerator,1,51534.38,15,Net Banking,Online,Delivered,2025-01-20
ORD03045,2025-09-26,CUST1090,Chennai,South,Corporate,Fashion,T-Shirt,1,965.91,15,Debit Card,Online,Delivered,2023-07-21
ORD03046,2025-01-20,CUST0233,Chennai,South,Consumer,Fashion,Dress,2,5672.3,15,Credit Card,Marketplace,Delivered,2023-06-25
ORD03047,2026-08-01,CUST0167,Chennai,South,Consumer,Furniture,Bed,2,32103.16,10,Credit Card,Marketplace,Returned,2024-02-20
ORD03048,2026-05-18,CUST0902,Coimbatore,South,Consumer,Electronics,Laptop,4,76051.79,20,Cash on Delivery,Marketplace,Delivered,2024-05-13
ORD03049,2025-05-27,CUST0619,Delhi,North,Consumer,Fashion,Dress,1,3760.75,20,Net Banking,Marketplace,Delivered,2024-08-11
ORD03050,2026-03-05,CUST1088,Kochi,South,Small Business,Fashion,T-Shirt,2,1513.06,5,Credit Card,Retail Store,Delivered,2023-09-17
ORD03051,2025-06-14,CUST0168,Mumbai,West,Consumer,Furniture,Office Chair,5,5835.23,5,Debit Card,Online,Cancelled,2023-11-01
ORD03052,2025-11-06,CUST0783,Kochi,South,Small Business,Home Appliances,Air Conditioner,2,42620.9,20,Debit Card,Marketplace,Delivered,2024-03-19
ORD03053,2026-06-02,CUST0252,Pune,West,Consumer,Home Appliances,Refrigerator,2,37533.15,20,UPI,Marketplace,Delivered,2025-02-08
ORD03054,2025-01-14,CUST0179,Bengaluru,South,Corporate,Electronics,Headphones,3,8384.57,5,Net Banking,Marketplace,Delivered,2025-04-27
ORD03055,2025-05-12,CUST0832,Ahmedabad,West,Consumer,Beauty,Skincare Kit,1,3120.66,20,UPI,Retail Store,Delivered,2024-09-26
ORD03056,2026-03-15,CUST0731,Kolkata,East,Consumer,Electronics,Laptop,3,54927.22,5,UPI,Marketplace,Delivered,2023-09-25
ORD03057,2025-09-20,CUST0893,Kochi,South,Small Business,Electronics,Smartphone,3,58614.65,5,Credit Card,Retail Store,Returned,2024-07-21
ORD03058,2025-08-13,CUST0374,Pune,West,Consumer,Electronics,Smartphone,2,19225.15,10,UPI,Online,Delivered,2023-10-06
ORD03059,2025-09-15,CUST0547,Chennai,South,Consumer,Electronics,Laptop,4,49088.31,25,Credit Card,Retail Store,Delivered,2023-12-17
ORD03060,2025-08-22,CUST0498,Ahmedabad,West,Consumer,Fashion,Jeans,2,2430.17,0,Net Banking,Marketplace,Delivered,2023-07-21
ORD03061,2025-12-02,CUST1180,Hyderabad,South,Consumer,Fashion,Jacket,1,7744.9,10,UPI,Online,Delivered,2023-04-25
ORD03062,2026-02-13,CUST0352,Chennai,South,Consumer,Electronics,Tablet,1,16420.76,10,Debit Card,Online,Delivered,2023-01-13
ORD03063,2025-01-24,CUST0358,Coimbatore,South,Consumer,Electronics,Smartphone,1,76592.8,10,UPI,Marketplace,Delivered,2024-01-11
ORD03064,2025-09-28,CUST0447,Delhi,North,Consumer,Fashion,T-Shirt,2,1316.92,15,Cash on Delivery,Online,Delivered,2024-01-11
ORD03065,2025-04-05,CUST0698,Mumbai,West,Consumer,Electronics,Headphones,1,12211.39,15,UPI,Online,Delivered,2024-04-01
ORD03066,2025-05-22,CUST0281,Kochi,South,Consumer,Home Appliances,Air Conditioner,4,50487.44,15,UPI,Retail Store,Delivered,2025-04-13
ORD03067,2025-03-22,CUST1091,Mumbai,West,Small Business,Electronics,Laptop,1,72696.61,5,Debit Card,Marketplace,Delivered,2025-02-12
ORD03068,2025-10-01,CUST0311,Ahmedabad,West,Consumer,Furniture,Dining Table,1,33902.2,0,Net Banking,Marketplace,Delivered,2025-04-21
ORD03069,2025-10-03,CUST1065,Ahmedabad,West,Corporate,Electronics,Laptop,1,51079.68,10,Credit Card,Online,Delivered,2024-01-28
ORD03070,2026-04-10,CUST0117,Hyderabad,South,Consumer,Home Appliances,Mixer,4,3347.22,20,Debit Card,Online,Delivered,2023-04-27
ORD03071,2025-07-27,CUST0796,Hyderabad,South,Consumer,Fashion,Dress,1,2996.49,0,Credit Card,Retail Store,Delivered,2023-09-20
ORD03072,2025-10-23,CUST1082,Ahmedabad,West,Consumer,Electronics,Laptop,4,94576.56,5,Credit Card,Online,Delivered,2024-02-23
ORD03073,2025-02-08,CUST0197,Delhi,North,Consumer,Home Appliances,Washing Machine,1,55970.81,5,Debit Card,Online,Delivered,2024-08-14
ORD03074,2025-10-15,CUST1157,Kochi,South,Consumer,Electronics,Tablet,3,33412.84,0,Net Banking,Online,Returned,2024-05-28
ORD03075,2025-05-04,CUST0554,Pune,West,Consumer,Electronics,Laptop,2,72347.58,10,UPI,Marketplace,Delivered,2024-07-14
ORD03076,2025-10-10,CUST1126,Bengaluru,South,Corporate,Fashion,Dress,1,6609.34,5,Debit Card,Retail Store,Delivered,2024-03-03
ORD03077,2025-06-29,CUST0820,Delhi,North,Corporate,Beauty,Makeup Kit,2,1380.3,10,Net Banking,Online,Delivered,2023-03-24
ORD03078,2025-04-07,CUST0368,Kochi,South,Small Business,Furniture,Bookshelf,1,14596.95,10,UPI,Marketplace,Delivered,2023-02-01
ORD03079,2025-07-10,CUST0216,Ahmedabad,West,Corporate,Electronics,Tablet,3,21675.41,5,UPI,Online,Delivered,2025-06-02
ORD03080,2025-03-15,CUST0370,Bengaluru,South,Consumer,Beauty,Skincare Kit,3,1131.01,15,UPI,Online,Delivered,2023-06-01
ORD03081,2026-03-23,CUST0109,Mumbai,West,Small Business,Furniture,Office Chair,3,22331.28,15,UPI,Retail Store,Delivered,2024-09-15
ORD03082,2026-05-12,CUST0167,Ahmedabad,West,Consumer,Electronics,Laptop,1,69932.58,10,UPI,Online,Delivered,2024-02-20
ORD03083,2026-07-15,CUST0120,Hyderabad,South,Consumer,Electronics,Tablet,2,45605.56,20,Debit Card,Retail Store,Delivered,2024-12-16
ORD03084,2026-04-29,CUST0519,Ahmedabad,West,Consumer,Furniture,Bed,3,64801.84,20,Debit Card,Retail Store,Delivered,2023-10-31
ORD03085,2025-04-26,CUST0948,Mumbai,West,Corporate,Home Appliances,Microwave,1,13993.4,15,Credit Card,Retail Store,Delivered,2023-01-05
ORD03086,2026-06-19,CUST0164,Mumbai,West,Consumer,Furniture,Bookshelf,2,9771.09,25,Credit Card,Retail Store,Delivered,2023-02-19
ORD03087,2025-04-08,CUST0147,Delhi,North,Small Business,Electronics,Smartwatch,1,14179.78,5,Net Banking,Retail Store,Delivered,2023-11-29
ORD03088,2025-11-24,CUST0781,Kochi,South,Small Business,Furniture,Sofa,4,32600.83,5,Cash on Delivery,Online,Returned,2025-03-29
ORD03089,2026-02-11,CUST0226,Kochi,South,Consumer,Fashion,Jeans,1,4332.37,10,UPI,Marketplace,Delivered,2023-10-03
ORD03090,2025-11-09,CUST0113,Coimbatore,South,Consumer,Furniture,Bed,1,41008.21,5,Credit Card,Retail Store,Delivered,2023-04-07
ORD03091,2025-05-28,CUST0192,Kolkata,East,Consumer,Furniture,Bed,1,43068.19,20,UPI,Online,Delivered,2023-06-20
ORD03092,2025-12-08,CUST1103,Kolkata,East,Consumer,Fashion,Dress,1,4381.12,20,Debit Card,Online,Delivered,2023-04-06
ORD03093,2026-05-10,CUST0971,Pune,West,Consumer,Beauty,Makeup Kit,1,3493.9,5,UPI,Online,Cancelled,2024-07-15
ORD03094,2025-01-23,CUST0446,Hyderabad,South,Consumer,Fashion,T-Shirt,2,2407.84,10,Credit Card,Online,Delivered,2024-12-26
ORD03095,2025-04-15,CUST0796,Delhi,North,Consumer,Fashion,Dress,2,5299.02,0,UPI,Retail Store,Delivered,2023-09-20
ORD03096,2026-08-02,CUST0659,Delhi,North,Consumer,Electronics,Smartphone,2,35285.74,5,Net Banking,Online,Delivered,2023-06-10
ORD03097,2026-07-12,CUST0821,Hyderabad,South,Consumer,Electronics,Tablet,1,14883.26,5,Net Banking,Marketplace,Cancelled,2024-11-23
ORD03098,2026-08-16,CUST0831,Kolkata,East,Consumer,Home Appliances,Refrigerator,3,34580.1,15,Net Banking,Retail Store,Delivered,2023-08-13
ORD03099,2025-08-10,CUST0766,Hyderabad,South,Consumer,Home Appliances,Air Conditioner,4,51981.98,10,Credit Card,Online,Delivered,2023-01-25
ORD03100,2025-01-15,CUST0311,Chennai,South,Corporate,Electronics,Headphones,1,14971.94,0,Debit Card,Retail Store,Delivered,2025-04-21
ORD03101,2026-09-25,CUST0050,Kolkata,East,Consumer,Electronics,Headphones,5,4174.73,15,Debit Card,Marketplace,Returned,2023-12-17
ORD03102,2025-03-19,CUST0560,Mumbai,West,Consumer,Electronics,Smartwatch,1,16771.21,10,Debit Card,Retail Store,Delivered,2024-06-20
ORD03103,2025-11-18,CUST1062,Chennai,South,Consumer,Fashion,Shoes,1,9621.43,0,Debit Card,Retail Store,Delivered,2024-08-20
ORD03104,2025-08-29,CUST0700,Kochi,South,Consumer,Electronics,Laptop,1,62700.32,5,Credit Card,Online,Delivered,2025-04-02
ORD03105,2025-01-18,CUST0984,Kochi,South,Small Business,Fashion,Shoes,2,4273.84,15,Credit Card,Online,Delivered,2023-01-17
ORD03106,2026-03-30,CUST1192,Pune,West,Small Business,Home Appliances,Refrigerator,4,62409.77,0,Credit Card,Marketplace,Delivered,2023-01-24
ORD03107,2026-03-19,CUST0186,Kochi,South,Consumer,Fashion,Jacket,2,4341.22,5,UPI,Retail Store,Delivered,2024-01-28
ORD03108,2025-10-04,CUST0836,Coimbatore,South,Small Business,Electronics,Headphones,2,1886.7,25,Net Banking,Marketplace,Delivered,2023-06-05
ORD03109,2026-02-28,CUST0818,Mumbai,West,Consumer,Home Appliances,Air Conditioner,1,49272.26,15,UPI,Retail Store,Delivered,2025-04-09
ORD03110,2026-04-21,CUST1173,Delhi,North,Consumer,Fashion,Jeans,1,4081.55,10,Cash on Delivery,Online,Delivered,2023-04-07
ORD03111,2025-01-27,CUST1181,Kolkata,East,Consumer,Electronics,Tablet,1,22852.54,10,Cash on Delivery,Online,Delivered,2023-12-14
ORD03112,2026-05-29,CUST0832,Ahmedabad,West,Consumer,Furniture,Bookshelf,1,20194.21,15,Credit Card,Online,Delivered,2024-09-26
ORD03113,2026-04-09,CUST0265,Hyderabad,South,Corporate,Furniture,Office Chair,3,7579.16,15,Credit Card,Online,Delivered,2024-06-24
ORD03114,2025-12-29,CUST0951,Kolkata,East,Consumer,Home Appliances,Air Conditioner,2,40748.84,20,Debit Card,Online,Delivered,2025-05-21
ORD03115,2026-01-18,CUST0121,Pune,West,Consumer,Beauty,Skincare Kit,2,4915.88,25,UPI,Retail Store,Delivered,2025-03-04
ORD03116,2026-06-09,CUST0931,Coimbatore,South,Consumer,Electronics,Smartwatch,4,17652.91,5,Credit Card,Retail Store,Returned,2024-10-07
ORD03117,2026-01-17,CUST1087,Bengaluru,South,Consumer,Home Appliances,Mixer,2,8421.09,10,Net Banking,Retail Store,Delivered,2025-01-17
ORD03118,2025-07-03,CUST0481,Pune,West,Consumer,Electronics,Laptop,1,66308.52,10,UPI,Online,Delivered,2023-10-01
ORD03119,2025-07-13,CUST0767,Kochi,South,Small Business,Electronics,Headphones,3,9179.66,25,Debit Card,Online,Delivered,2024-01-30
ORD03120,2026-04-07,CUST0525,Bengaluru,South,Small Business,Furniture,Sofa,2,63175.71,5,Cash on Delivery,Online,Cancelled,2024-07-18
ORD03121,2025-02-25,CUST0536,Kolkata,East,Consumer,Fashion,Shoes,1,6542.33,10,UPI,Online,Delivered,2023-12-13
ORD03122,2025-08-18,CUST0374,Chennai,South,Corporate,Electronics,Headphones,1,11098.31,15,UPI,Marketplace,Delivered,2023-10-06
ORD03123,2026-05-04,CUST0906,Delhi,North,Small Business,Furniture,Sofa,4,76259.9,10,Debit Card,Online,Delivered,2024-07-20
ORD03124,2025-01-28,CUST1121,Ahmedabad,West,Small Business,Beauty,Makeup Kit,1,2447.82,10,Credit Card,Online,Delivered,2024-02-18
ORD03125,2026-08-06,CUST1121,Bengaluru,South,Consumer,Fashion,T-Shirt,1,612.14,15,UPI,Marketplace,Delivered,2024-02-18
ORD03126,2025-07-03,CUST0201,Delhi,North,Consumer,Fashion,Jacket,2,3043.23,10,Credit Card,Online,Delivered,2024-05-22
ORD03127,2026-03-01,CUST1038,Delhi,North,Consumer,Furniture,Dining Table,1,36167.94,15,Credit Card,Marketplace,Delivered,2024-01-01
ORD03128,2026-01-10,CUST0881,Delhi,North,Consumer,Home Appliances,Air Conditioner,1,61978.01,0,UPI,Marketplace,Cancelled,2023-03-02
ORD03129,2025-02-10,CUST0281,Pune,West,Consumer,Fashion,Jeans,1,1908.47,15,Credit Card,Retail Store,Delivered,2025-04-13
ORD03130,2026-04-29,CUST0082,Kochi,South,Consumer,Fashion,Dress,5,2837.18,10,Debit Card,Marketplace,Delivered,2025-05-11
ORD03131,2025-09-17,CUST0312,Delhi,North,Corporate,Fashion,T-Shirt,1,542.67,10,Debit Card,Online,Cancelled,2024-11-09
ORD03132,2026-03-17,CUST1089,Mumbai,West,Consumer,Beauty,Makeup Kit,2,4807.21,10,Cash on Delivery,Marketplace,Delivered,2023-07-11
ORD03133,2025-03-25,CUST0771,Chennai,South,Consumer,Home Appliances,Microwave,1,14646.77,0,UPI,Online,Delivered,2024-04-18
ORD03134,2025-02-15,CUST0864,Pune,West,Small Business,Furniture,Sofa,2,68229.87,5,Credit Card,Online,Delivered,2025-02-13
ORD03135,2026-03-16,CUST0293,Coimbatore,South,Consumer,Furniture,Dining Table,1,49022.6,25,Credit Card,Marketplace,Delivered,2024-07-01
ORD03136,2026-06-03,CUST0862,Hyderabad,South,Consumer,Furniture,Bookshelf,3,13958.64,20,Net Banking,Marketplace,Delivered,2024-06-16
ORD03137,2026-03-14,CUST0039,Delhi,North,Corporate,Home Appliances,Microwave,2,12726.71,0,Debit Card,Online,Delivered,2024-11-20
ORD03138,2025-05-16,CUST0470,Mumbai,West,Consumer,Electronics,Smartphone,4,24791.07,0,UPI,Online,Delivered,2023-06-30
ORD03139,2025-07-02,CUST0764,Bengaluru,South,Small Business,Home Appliances,Mixer,1,3137.49,5,Credit Card,Marketplace,Cancelled,2025-04-29
ORD03140,2025-06-21,CUST0167,Kolkata,East,Consumer,Fashion,Jeans,1,3014.02,5,UPI,Retail Store,Delivered,2024-02-20
ORD03141,2026-08-13,CUST0971,Kolkata,East,Consumer,Fashion,Dress,1,3588.2,15,Net Banking,Retail Store,Delivered,2024-07-15
ORD03142,2026-06-23,CUST0253,Kochi,South,Small Business,Beauty,Makeup Kit,3,3118.37,10,UPI,Online,Cancelled,2025-06-11
ORD03143,2025-04-30,CUST0793,Ahmedabad,West,Consumer,Beauty,Skincare Kit,5,4610.28,10,Debit Card,Marketplace,Delivered,2024-11-17
ORD03144,2025-10-08,CUST0498,Ahmedabad,West,Consumer,Beauty,Face Serum,1,2685.43,10,Debit Card,Marketplace,Delivered,2023-07-21
ORD03145,2025-11-04,CUST0738,Bengaluru,South,Consumer,Fashion,T-Shirt,1,1085.91,20,Net Banking,Online,Delivered,2025-04-24
ORD03146,2025-10-04,CUST0122,Mumbai,West,Consumer,Fashion,Jacket,1,2327.87,25,Credit Card,Online,Delivered,2024-05-20
ORD03147,2026-06-14,CUST0025,Bengaluru,South,Small Business,Home Appliances,Air Conditioner,1,62845.82,15,Credit Card,Retail Store,Delivered,2024-09-05
ORD03148,2025-10-22,CUST1085,Bengaluru,South,Small Business,Electronics,Laptop,3,54707.61,15,UPI,Retail Store,Delivered,2025-06-04
ORD03149,2025-02-22,CUST0314,Mumbai,West,Small Business,Beauty,Skincare Kit,1,3167.89,10,UPI,Online,Delivered,2024-10-27
ORD03150,2026-03-08,CUST0971,Pune,West,Consumer,Fashion,T-Shirt,2,1948.57,5,Credit Card,Retail Store,Returned,2024-07-15
ORD03151,2025-02-21,CUST1200,Chennai,South,Small Business,Fashion,Dress,1,1954.73,10,Net Banking,Marketplace,Cancelled,2024-11-02
ORD03152,2025-03-13,CUST0233,Chennai,South,Small Business,Fashion,Jeans,2,1030.63,5,UPI,Retail Store,Returned,2023-06-25
ORD03153,2025-01-28,CUST0311,Hyderabad,South,Corporate,Fashion,Dress,5,1381.56,10,Cash on Delivery,Marketplace,Delivered,2025-04-21
ORD03154,2026-04-14,CUST0802,Bengaluru,South,Consumer,Electronics,Headphones,2,11247.62,10,UPI,Online,Delivered,2023-04-30
ORD03155,2026-07-01,CUST1154,Delhi,North,Consumer,Electronics,Laptop,1,52080.7,5,Debit Card,Online,Delivered,2024-06-20
ORD03156,2026-02-05,CUST1092,Chennai,South,Corporate,Electronics,Laptop,2,56446.66,0,UPI,Online,Returned,2023-07-04
ORD03157,2025-07-20,CUST0621,Coimbatore,South,Corporate,Beauty,Skincare Kit,1,1831.81,10,UPI,Retail Store,Delivered,2024-05-27
ORD03158,2026-09-03,CUST0948,Coimbatore,South,Corporate,Furniture,Bookshelf,4,20954.05,5,Credit Card,Online,Cancelled,2023-01-05
ORD03159,2026-04-11,CUST0155,Coimbatore,South,Corporate,Fashion,Jeans,1,4801.87,25,Debit Card,Online,Delivered,2025-03-27
ORD03160,2026-08-18,CUST1173,Coimbatore,South,Consumer,Home Appliances,Refrigerator,1,40418.62,25,Cash on Delivery,Marketplace,Returned,2023-04-07
ORD03161,2026-07-14,CUST1154,Pune,West,Small Business,Electronics,Tablet,3,14177.69,10,Debit Card,Marketplace,Delivered,2024-06-20
ORD03162,2026-01-14,CUST0186,Hyderabad,South,Consumer,Electronics,Headphones,3,5510.38,20,Net Banking,Online,Delivered,2024-01-28
ORD03163,2025-06-26,CUST0367,Delhi,North,Consumer,Home Appliances,Mixer,3,9230.33,15,UPI,Online,Delivered,2023-06-10
ORD03164,2025-02-21,CUST0116,Hyderabad,South,Consumer,Beauty,Skincare Kit,3,3769.7,5,Debit Card,Online,Delivered,2024-03-25
ORD03165,2025-03-20,CUST0314,Coimbatore,South,Small Business,Fashion,Dress,4,4876.02,5,UPI,Online,Delivered,2024-10-27
ORD03166,2026-01-20,CUST0970,Mumbai,West,Small Business,Electronics,Smartwatch,2,11494.36,0,Cash on Delivery,Online,Cancelled,2024-07-26
ORD03167,2026-07-30,CUST0471,Hyderabad,South,Corporate,Fashion,T-Shirt,1,1466.75,20,Credit Card,Retail Store,Delivered,2023-01-25
ORD03168,2025-01-08,CUST0108,Ahmedabad,West,Consumer,Electronics,Tablet,2,18459.76,0,UPI,Online,Delivered,2023-06-11
ORD03169,2025-08-02,CUST0426,Chennai,South,Consumer,Electronics,Smartphone,1,70223.49,20,UPI,Marketplace,Delivered,2023-05-11
ORD03170,2025-01-25,CUST1173,Bengaluru,South,Consumer,Electronics,Headphones,5,14613.78,15,Credit Card,Retail Store,Delivered,2023-04-07
ORD03171,2026-03-26,CUST0766,Mumbai,West,Consumer,Home Appliances,Microwave,1,15636.3,15,Credit Card,Marketplace,Delivered,2023-01-25
ORD03172,2026-04-02,CUST0511,Bengaluru,South,Consumer,Home Appliances,Washing Machine,1,48074.36,10,Net Banking,Retail Store,Delivered,2024-02-28
ORD03173,2026-04-06,CUST0189,Hyderabad,South,Corporate,Furniture,Dining Table,3,48749.23,0,UPI,Retail Store,Delivered,2025-01-27
ORD03174,2025-07-17,CUST1184,Ahmedabad,West,Small Business,Furniture,Dining Table,3,37822.37,0,UPI,Marketplace,Delivered,2025-01-29
ORD03175,2025-04-04,CUST0971,Chennai,South,Small Business,Home Appliances,Refrigerator,3,51316.23,10,Cash on Delivery,Marketplace,Delivered,2024-07-15
ORD03176,2026-03-13,CUST0336,Chennai,South,Consumer,Fashion,Jacket,1,3405.38,15,UPI,Marketplace,Delivered,2025-05-16
ORD03177,2026-06-11,CUST0085,Pune,West,Consumer,Home Appliances,Refrigerator,2,56900.13,5,UPI,Online,Delivered,2024-11-05
ORD03178,2026-01-13,CUST0067,Bengaluru,South,Consumer,Electronics,Headphones,2,10649.63,10,Cash on Delivery,Online,Delivered,2025-02-22
ORD03179,2026-08-10,CUST0135,Kochi,South,Corporate,Electronics,Smartwatch,1,6394.92,15,Credit Card,Marketplace,Returned,2024-10-02
ORD03180,2025-04-14,CUST0710,Mumbai,West,Consumer,Furniture,Bed,1,30154.89,15,Debit Card,Retail Store,Returned,2024-02-23
ORD03181,2026-09-19,CUST1108,Delhi,North,Corporate,Electronics,Tablet,1,26161.74,10,Credit Card,Retail Store,Delivered,2023-08-06
ORD03182,2025-02-08,CUST0616,Delhi,North,Consumer,Home Appliances,Air Conditioner,2,36115.9,20,Net Banking,Online,Delivered,2023-09-01
ORD03183,2026-04-03,CUST1002,Chennai,South,Corporate,Furniture,Sofa,1,37496.09,0,UPI,Online,Delivered,2023-11-20
ORD03184,2025-12-30,CUST0547,Ahmedabad,West,Small Business,Electronics,Smartphone,1,41981.1,10,Debit Card,Retail Store,Delivered,2023-12-17
ORD03185,2025-05-15,CUST0848,Kolkata,East,Consumer,Electronics,Smartwatch,2,10802.31,15,Credit Card,Marketplace,Cancelled,2024-03-24
ORD03186,2026-01-09,CUST0874,Coimbatore,South,Consumer,Fashion,Jeans,3,2286.63,15,Credit Card,Online,Cancelled,2023-08-30
ORD03187,2025-08-20,CUST0201,Ahmedabad,West,Corporate,Electronics,Laptop,1,70208.87,5,Cash on Delivery,Marketplace,Delivered,2024-05-22
ORD03188,2025-02-08,CUST0458,Chennai,South,Consumer,Fashion,Jacket,1,5172.19,5,Credit Card,Retail Store,Delivered,2025-02-24
ORD03189,2025-02-16,CUST0772,Delhi,North,Consumer,Electronics,Headphones,1,12004.27,5,Credit Card,Marketplace,Delivered,2023-08-11
ORD03190,2025-02-05,CUST0087,Kolkata,East,Corporate,Furniture,Bed,2,50268.58,20,Credit Card,Online,Delivered,2024-03-30
ORD03191,2025-04-05,CUST0458,Chennai,South,Corporate,Electronics,Tablet,1,29692.13,10,Credit Card,Online,Delivered,2025-02-24
ORD03192,2025-12-27,CUST0658,Hyderabad,South,Consumer,Electronics,Smartphone,5,57454.62,20,Net Banking,Online,Returned,2023-06-08
ORD03193,2026-06-09,CUST1200,Hyderabad,South,Corporate,Beauty,Hair Dryer,2,5795.11,25,Credit Card,Online,Delivered,2024-11-02
ORD03194,2025-05-26,CUST0580,Bengaluru,South,Consumer,Electronics,Tablet,1,35746.73,5,Credit Card,Online,Delivered,2023-09-03
ORD03195,2026-01-03,CUST0970,Kochi,South,Consumer,Fashion,Shoes,3,4130.75,5,Cash on Delivery,Online,Delivered,2024-07-26
ORD03196,2025-03-06,CUST0527,Kochi,South,Consumer,Furniture,Sofa,2,68779.87,15,UPI,Marketplace,Returned,2023-03-09
ORD03197,2025-08-16,CUST0948,Coimbatore,South,Consumer,Home Appliances,Refrigerator,2,69007.59,25,Credit Card,Online,Delivered,2023-01-05
ORD03198,2026-06-04,CUST0735,Kolkata,East,Small Business,Home Appliances,Air Conditioner,1,48784.07,5,Net Banking,Marketplace,Delivered,2025-01-23
ORD03199,2026-07-09,CUST1055,Kochi,South,Consumer,Home Appliances,Washing Machine,2,22353.99,25,Net Banking,Online,Delivered,2023-11-17
ORD03200,2025-06-30,CUST0506,Mumbai,West,Consumer,Fashion,Shoes,2,9179.97,25,UPI,Marketplace,Delivered,2024-05-15
ORD03201,2026-05-16,CUST0742,Chennai,South,Small Business,Electronics,Headphones,1,3145.75,15,UPI,Online,Delivered,2023-07-28
ORD03202,2026-08-20,CUST0766,Mumbai,West,Corporate,Beauty,Skincare Kit,3,4655.36,10,UPI,Online,Returned,2023-01-25
ORD03203,2025-06-04,CUST0512,Delhi,North,Consumer,Furniture,Bookshelf,1,16145.56,20,Cash on Delivery,Marketplace,Delivered,2024-11-29
ORD03204,2026-06-19,CUST0167,Coimbatore,South,Consumer,Furniture,Dining Table,4,38904.96,25,Debit Card,Online,Delivered,2024-02-20
ORD03205,2026-09-19,CUST0112,Kochi,South,Consumer,Home Appliances,Air Conditioner,1,47937.07,15,Debit Card,Marketplace,Delivered,2024-12-17
ORD03206,2026-03-11,CUST0025,Pune,West,Consumer,Electronics,Smartphone,3,24525.38,15,Credit Card,Online,Delivered,2024-09-05
ORD03207,2025-04-09,CUST1037,Delhi,North,Consumer,Fashion,Shoes,1,6162.94,10,Credit Card,Online,Delivered,2024-11-24
ORD03208,2026-09-08,CUST0256,Kochi,South,Small Business,Home Appliances,Refrigerator,4,55897.59,25,UPI,Marketplace,Delivered,2025-01-01
ORD03209,2026-01-07,CUST0233,Kolkata,East,Consumer,Home Appliances,Air Conditioner,1,54968.96,15,Credit Card,Retail Store,Delivered,2023-06-25
ORD03210,2026-07-17,CUST0879,Hyderabad,South,Corporate,Home Appliances,Microwave,5,23077.21,5,Credit Card,Online,Delivered,2023-09-27
ORD03211,2025-12-28,CUST0386,Chennai,South,Small Business,Fashion,Shoes,2,2529.22,10,Debit Card,Marketplace,Delivered,2025-01-17
ORD03212,2025-04-22,CUST0623,Coimbatore,South,Consumer,Electronics,Smartwatch,2,6813.32,15,Net Banking,Marketplace,Delivered,2024-07-27
ORD03213,2026-03-29,CUST0185,Bengaluru,South,Consumer,Fashion,Dress,5,2042.99,10,UPI,Retail Store,Delivered,2023-03-07
ORD03214,2025-06-18,CUST1147,Pune,West,Consumer,Beauty,Skincare Kit,1,1449.04,10,Net Banking,Retail Store,Delivered,2024-08-01
ORD03215,2026-08-07,CUST1014,Kolkata,East,Consumer,Home Appliances,Mixer,5,9293.93,15,Cash on Delivery,Online,Returned,2023-12-02
ORD03216,2025-05-19,CUST1027,Chennai,South,Consumer,Electronics,Laptop,2,59705.89,15,Debit Card,Marketplace,Delivered,2025-04-04
ORD03217,2025-08-19,CUST0501,Chennai,South,Small Business,Furniture,Dining Table,2,51917.78,10,Credit Card,Marketplace,Delivered,2025-04-23
ORD03218,2025-08-27,CUST0907,Coimbatore,South,Consumer,Home Appliances,Mixer,3,4354.01,15,Credit Card,Online,Delivered,2023-05-09
ORD03219,2025-09-10,CUST0167,Coimbatore,South,Small Business,Beauty,Hair Dryer,1,2139.47,20,UPI,Marketplace,Delivered,2024-02-20
ORD03220,2026-03-12,CUST0018,Coimbatore,South,Corporate,Electronics,Smartphone,1,20327.66,10,Credit Card,Retail Store,Delivered,2024-11-01
ORD03221,2026-07-15,CUST0026,Hyderabad,South,Corporate,Fashion,Dress,1,3111.87,10,UPI,Online,Delivered,2024-07-16
ORD03222,2026-02-26,CUST0718,Kochi,South,Corporate,Beauty,Hair Dryer,1,4252.31,20,Debit Card,Online,Delivered,2024-05-29
ORD03223,2025-10-30,CUST0559,Coimbatore,South,Consumer,Fashion,Jeans,1,2501.36,0,UPI,Online,Delivered,2024-03-22
ORD03224,2025-03-13,CUST0637,Mumbai,West,Consumer,Fashion,T-Shirt,1,668.71,10,UPI,Retail Store,Delivered,2024-02-02
ORD03225,2025-09-20,CUST0016,Kolkata,East,Small Business,Electronics,Tablet,3,16462.29,20,Credit Card,Retail Store,Delivered,2025-04-07
ORD03226,2025-08-10,CUST0519,Delhi,North,Corporate,Fashion,Jacket,2,4862.5,15,Net Banking,Marketplace,Delivered,2023-10-31
ORD03227,2025-03-18,CUST0860,Delhi,North,Consumer,Fashion,T-Shirt,2,666.09,15,UPI,Online,Delivered,2024-09-16
ORD03228,2025-03-03,CUST0542,Delhi,North,Consumer,Furniture,Office Chair,3,12587.4,5,Cash on Delivery,Retail Store,Delivered,2023-07-06
ORD03229,2026-04-16,CUST0874,Kolkata,East,Consumer,Fashion,Jeans,1,2989.78,15,UPI,Online,Delivered,2023-08-30
ORD03230,2025-06-06,CUST0252,Bengaluru,South,Small Business,Furniture,Sofa,1,76392.88,10,Net Banking,Retail Store,Delivered,2025-02-08
ORD03231,2025-05-05,CUST0969,Chennai,South,Consumer,Electronics,Tablet,1,40179.38,5,UPI,Online,Delivered,2023-01-10
ORD03232,2025-06-10,CUST0720,Mumbai,West,Consumer,Fashion,Shoes,2,5779.01,10,Credit Card,Online,Delivered,2025-06-06
ORD03233,2026-06-25,CUST0233,Kolkata,East,Consumer,Electronics,Smartphone,2,41327.58,5,Debit Card,Marketplace,Delivered,2023-06-25
ORD03234,2026-09-18,CUST0256,Delhi,North,Small Business,Furniture,Dining Table,3,32909.68,15,UPI,Marketplace,Delivered,2025-01-01
ORD03235,2026-08-14,CUST0766,Delhi,North,Small Business,Furniture,Sofa,3,67190.06,5,UPI,Retail Store,Delivered,2023-01-25
ORD03236,2026-06-19,CUST0979,Hyderabad,South,Corporate,Beauty,Perfume,1,3852.28,5,Debit Card,Marketplace,Delivered,2023-12-11
ORD03237,2025-04-16,CUST0511,Mumbai,West,Small Business,Fashion,Jacket,2,4183.8,20,Net Banking,Marketplace,Returned,2024-02-28
ORD03238,2025-05-11,CUST0296,Kolkata,East,Consumer,Home Appliances,Mixer,2,3639.46,15,UPI,Online,Delivered,2023-07-02
ORD03239,2025-12-23,CUST1030,Mumbai,West,Small Business,Home Appliances,Washing Machine,1,27169.37,5,Cash on Delivery,Online,Delivered,2025-04-12
ORD03240,2025-01-02,CUST0811,Chennai,South,Corporate,Electronics,Tablet,2,44521.93,10,Cash on Delivery,Retail Store,Delivered,2023-01-21
ORD03241,2025-08-21,CUST0547,Hyderabad,South,Consumer,Electronics,Tablet,2,45301.23,0,Debit Card,Online,Delivered,2023-12-17
ORD03242,2026-01-04,CUST0607,Mumbai,West,Consumer,Furniture,Bed,1,34139.5,10,Debit Card,Marketplace,Delivered,2024-02-03
ORD03243,2025-09-08,CUST0230,Kolkata,East,Consumer,Beauty,Makeup Kit,1,3987.86,20,UPI,Online,Delivered,2024-10-25
ORD03244,2025-04-18,CUST0764,Kochi,South,Corporate,Electronics,Tablet,1,21901.97,15,UPI,Online,Delivered,2025-04-29
ORD03245,2025-10-03,CUST0455,Bengaluru,South,Consumer,Electronics,Smartphone,1,73021.87,10,Credit Card,Online,Cancelled,2023-10-31
ORD03246,2025-06-29,CUST1199,Hyderabad,South,Consumer,Beauty,Hair Dryer,3,3266.56,10,Credit Card,Online,Delivered,2024-05-18
ORD03247,2025-10-20,CUST0594,Hyderabad,South,Consumer,Furniture,Dining Table,2,39388.78,20,Net Banking,Online,Delivered,2024-09-21
ORD03248,2026-08-07,CUST0604,Hyderabad,South,Consumer,Furniture,Bookshelf,1,24534.03,15,Credit Card,Marketplace,Delivered,2024-09-21
ORD03249,2025-06-24,CUST0700,Chennai,South,Corporate,Furniture,Sofa,1,24310.94,15,UPI,Online,Delivered,2025-04-02
ORD03250,2025-05-03,CUST1094,Ahmedabad,West,Small Business,Home Appliances,Washing Machine,1,25571.4,5,Credit Card,Online,Delivered,2025-01-27
ORD03251,2025-08-15,CUST0954,Chennai,South,Consumer,Furniture,Bookshelf,1,20678.34,25,UPI,Retail Store,Returned,2025-05-04
ORD03252,2026-03-20,CUST0550,Mumbai,West,Consumer,Home Appliances,Washing Machine,1,45339.28,10,Debit Card,Marketplace,Delivered,2023-08-04
ORD03253,2026-03-04,CUST0862,Ahmedabad,West,Consumer,Home Appliances,Washing Machine,1,34629.91,10,UPI,Online,Delivered,2024-06-16
ORD03254,2025-03-24,CUST0716,Hyderabad,South,Corporate,Home Appliances,Refrigerator,1,29883.39,20,Net Banking,Online,Delivered,2024-11-13
ORD03255,2026-09-24,CUST0609,Ahmedabad,West,Consumer,Beauty,Hair Dryer,1,1596.35,0,Net Banking,Online,Delivered,2023-07-14
ORD03256,2025-03-06,CUST0221,Pune,West,Consumer,Furniture,Bookshelf,1,11778.26,5,UPI,Retail Store,Returned,2023-12-30
ORD03257,2025-10-08,CUST0566,Ahmedabad,West,Consumer,Furniture,Bed,1,52001.6,10,Debit Card,Retail Store,Delivered,2023-07-17
ORD03258,2026-01-26,CUST0270,Coimbatore,South,Small Business,Fashion,Dress,1,4629.14,10,Debit Card,Marketplace,Delivered,2024-01-07
ORD03259,2026-03-04,CUST1090,Coimbatore,South,Consumer,Fashion,Jacket,1,1750.95,5,UPI,Online,Delivered,2023-07-21
ORD03260,2026-09-10,CUST0414,Kochi,South,Corporate,Fashion,Jacket,1,2325.73,20,Debit Card,Online,Delivered,2025-05-02
ORD03261,2025-04-17,CUST1138,Chennai,South,Corporate,Furniture,Dining Table,2,18716.03,15,Net Banking,Online,Delivered,2023-04-16
ORD03262,2026-07-02,CUST0657,Kolkata,East,Corporate,Fashion,Jeans,2,2905.13,0,UPI,Marketplace,Delivered,2024-09-17
ORD03263,2025-09-19,CUST0771,Pune,West,Consumer,Beauty,Perfume,2,1914.35,5,UPI,Online,Returned,2024-04-18
ORD03264,2025-06-08,CUST0667,Kolkata,East,Corporate,Electronics,Smartphone,3,42192.51,20,UPI,Online,Cancelled,2023-01-27
ORD03265,2025-09-22,CUST0147,Delhi,North,Small Business,Beauty,Perfume,4,4915.98,15,UPI,Marketplace,Delivered,2023-11-29
ORD03266,2026-04-13,CUST0470,Hyderabad,South,Small Business,Electronics,Headphones,5,10514.71,15,UPI,Retail Store,Delivered,2023-06-30
ORD03267,2025-07-21,CUST0114,Kolkata,East,Small Business,Furniture,Sofa,1,64108.35,20,Net Banking,Retail Store,Delivered,2024-01-12
ORD03268,2025-06-04,CUST0759,Ahmedabad,West,Corporate,Fashion,Jeans,1,4001.15,20,UPI,Retail Store,Delivered,2025-02-12
ORD03269,2025-01-13,CUST0547,Chennai,South,Consumer,Home Appliances,Microwave,1,12387.91,0,Debit Card,Marketplace,Returned,2023-12-17
ORD03270,2025-10-24,CUST0928,Coimbatore,South,Small Business,Home Appliances,Washing Machine,4,55612.88,15,UPI,Online,Delivered,2023-11-23
ORD03271,2026-05-13,CUST0241,Pune,West,Corporate,Electronics,Tablet,2,12077.8,10,UPI,Retail Store,Delivered,2023-12-22
ORD03272,2026-08-20,CUST0188,Ahmedabad,West,Consumer,Home Appliances,Refrigerator,1,36716.4,20,UPI,Retail Store,Delivered,2023-10-06
ORD03273,2025-09-02,CUST0499,Kochi,South,Consumer,Home Appliances,Mixer,2,7986.97,10,Credit Card,Retail Store,Delivered,2024-01-01
ORD03274,2025-10-27,CUST1108,Kolkata,East,Consumer,Home Appliances,Air Conditioner,3,40338.22,20,Credit Card,Online,Delivered,2023-08-06
ORD03275,2025-12-28,CUST0848,Kolkata,East,Small Business,Home Appliances,Microwave,1,22422.99,10,UPI,Marketplace,Returned,2024-03-24
ORD03276,2025-12-20,CUST0513,Delhi,North,Consumer,Electronics,Smartphone,2,66788.69,10,Debit Card,Marketplace,Delivered,2023-07-24
ORD03277,2026-06-05,CUST0635,Mumbai,West,Corporate,Electronics,Headphones,4,3954.93,10,Cash on Delivery,Marketplace,Delivered,2024-05-20
ORD03278,2026-01-21,CUST0104,Chennai,South,Small Business,Home Appliances,Air Conditioner,1,36914.15,15,UPI,Online,Delivered,2025-01-08
ORD03279,2025-11-08,CUST1180,Delhi,North,Corporate,Furniture,Office Chair,1,12090.8,20,Debit Card,Retail Store,Delivered,2023-04-25
ORD03280,2026-02-18,CUST0806,Coimbatore,South,Consumer,Home Appliances,Refrigerator,5,35771.42,10,UPI,Retail Store,Delivered,2023-05-03
ORD03281,2025-10-05,CUST0343,Bengaluru,South,Consumer,Home Appliances,Refrigerator,2,69460.89,10,Debit Card,Online,Delivered,2024-10-01
ORD03282,2026-08-16,CUST0716,Pune,West,Consumer,Fashion,Jacket,1,4572.27,0,Credit Card,Online,Cancelled,2024-11-13
ORD03283,2025-12-22,CUST0124,Ahmedabad,West,Consumer,Fashion,Jeans,1,3490.31,15,Credit Card,Retail Store,Returned,2024-04-20
ORD03284,2026-06-09,CUST1155,Pune,West,Consumer,Beauty,Hair Dryer,2,5398.64,15,Net Banking,Marketplace,Cancelled,2025-02-14
ORD03285,2025-01-16,CUST0201,Pune,West,Consumer,Home Appliances,Microwave,3,24462.76,0,Cash on Delivery,Marketplace,Returned,2024-05-22
ORD03286,2025-02-14,CUST0789,Delhi,North,Corporate,Electronics,Smartwatch,1,24656.28,5,Credit Card,Online,Delivered,2025-03-20
ORD03287,2025-11-17,CUST0270,Pune,West,Corporate,Furniture,Office Chair,3,14388.9,0,Net Banking,Online,Delivered,2024-01-07
ORD03288,2025-11-22,CUST0860,Coimbatore,South,Consumer,Home Appliances,Air Conditioner,2,47243.59,15,UPI,Online,Delivered,2024-09-16
ORD03289,2025-05-28,CUST0925,Kolkata,East,Consumer,Furniture,Bed,2,23243.19,10,Credit Card,Online,Delivered,2024-11-22
ORD03290,2025-12-21,CUST0818,Hyderabad,South,Corporate,Electronics,Laptop,3,84842.67,15,Credit Card,Online,Delivered,2025-04-09
ORD03291,2025-08-24,CUST0754,Bengaluru,South,Corporate,Electronics,Laptop,2,95955.49,25,UPI,Marketplace,Delivered,2024-04-02
ORD03292,2026-09-05,CUST1062,Delhi,North,Consumer,Furniture,Bed,2,49243.18,5,Credit Card,Online,Delivered,2024-08-20
ORD03293,2025-04-15,CUST0096,Coimbatore,South,Corporate,Fashion,T-Shirt,1,572.52,15,Credit Card,Retail Store,Delivered,2024-10-05
ORD03294,2026-04-19,CUST0410,Ahmedabad,West,Consumer,Furniture,Bed,1,26586.7,5,Credit Card,Online,Delivered,2024-05-16
ORD03295,2026-01-31,CUST0276,Bengaluru,South,Consumer,Home Appliances,Mixer,1,5212.07,20,Net Banking,Retail Store,Delivered,2023-09-12
ORD03296,2026-03-22,CUST1185,Pune,West,Small Business,Furniture,Sofa,5,70534.64,10,Credit Card,Online,Delivered,2025-01-12
ORD03297,2026-08-29,CUST0483,Mumbai,West,Consumer,Home Appliances,Refrigerator,2,52509.18,0,Credit Card,Retail Store,Cancelled,2023-08-05
ORD03298,2025-08-08,CUST0874,Delhi,North,Consumer,Electronics,Tablet,1,18585.7,10,Net Banking,Marketplace,Delivered,2023-08-30
ORD03299,2026-03-18,CUST0832,Pune,West,Consumer,Home Appliances,Refrigerator,1,32131.06,15,UPI,Retail Store,Delivered,2024-09-26
ORD03300,2025-01-28,CUST0233,Chennai,South,Consumer,Fashion,Shoes,1,9998.28,20,Credit Card,Online,Delivered,2023-06-25
ORD03301,2026-04-20,CUST0257,Ahmedabad,West,Consumer,Fashion,T-Shirt,2,2083.89,10,Debit Card,Online,Delivered,2023-12-16
ORD03302,2026-09-20,CUST0336,Ahmedabad,West,Small Business,Home Appliances,Refrigerator,1,31174.79,0,Cash on Delivery,Retail Store,Delivered,2025-05-16
ORD03303,2025-11-01,CUST0506,Pune,West,Consumer,Furniture,Office Chair,1,21855.06,20,Credit Card,Online,Delivered,2024-05-15
ORD03304,2026-02-09,CUST0253,Kolkata,East,Consumer,Electronics,Headphones,2,10217.62,5,Cash on Delivery,Marketplace,Delivered,2025-06-11
ORD03305,2026-05-28,CUST0026,Coimbatore,South,Consumer,Furniture,Dining Table,3,43088.29,5,Credit Card,Retail Store,Delivered,2024-07-16
ORD03306,2026-05-17,CUST1043,Chennai,South,Corporate,Home Appliances,Washing Machine,2,56879.27,0,Credit Card,Marketplace,Delivered,2024-12-29
ORD03307,2025-12-14,CUST1155,Mumbai,West,Small Business,Beauty,Makeup Kit,2,3577.11,10,UPI,Online,Delivered,2025-02-14
ORD03308,2025-08-28,CUST0426,Kolkata,East,Consumer,Furniture,Office Chair,4,19953.01,10,Credit Card,Marketplace,Delivered,2023-05-11
ORD03309,2026-07-24,CUST0420,Coimbatore,South,Small Business,Electronics,Smartphone,2,66550.69,0,Debit Card,Online,Delivered,2025-04-02
ORD03310,2025-12-03,CUST0016,Kochi,South,Small Business,Furniture,Bookshelf,1,24285.45,10,UPI,Online,Delivered,2025-04-07
ORD03311,2025-01-26,CUST0828,Coimbatore,South,Small Business,Home Appliances,Washing Machine,2,37683.76,10,Cash on Delivery,Retail Store,Delivered,2024-06-05
ORD03312,2026-02-13,CUST0973,Hyderabad,South,Corporate,Furniture,Dining Table,1,48147.86,5,Credit Card,Online,Delivered,2024-11-17
ORD03313,2025-03-18,CUST0168,Chennai,South,Consumer,Home Appliances,Refrigerator,1,47723.39,15,UPI,Retail Store,Delivered,2023-11-01
ORD03314,2025-08-05,CUST0184,Kolkata,East,Small Business,Beauty,Makeup Kit,1,1236.42,5,Cash on Delivery,Marketplace,Delivered,2023-05-14
ORD03315,2025-11-24,CUST0946,Chennai,South,Consumer,Fashion,Jeans,3,1810.88,10,UPI,Marketplace,Delivered,2025-01-18
ORD03316,2025-01-23,CUST0755,Pune,West,Consumer,Fashion,Jeans,2,1274.2,20,UPI,Retail Store,Returned,2024-07-18
ORD03317,2025-11-06,CUST0055,Hyderabad,South,Consumer,Electronics,Laptop,1,78017.13,5,UPI,Marketplace,Delivered,2025-03-03
ORD03318,2026-08-22,CUST0758,Hyderabad,South,Consumer,Electronics,Tablet,1,40719.55,10,Net Banking,Online,Delivered,2025-02-15
ORD03319,2025-09-24,CUST0374,Kolkata,East,Consumer,Electronics,Smartwatch,4,18158.77,20,UPI,Online,Delivered,2023-10-06
ORD03320,2026-02-19,CUST0463,Delhi,North,Consumer,Fashion,T-Shirt,4,853.0,15,UPI,Online,Delivered,2025-04-10
ORD03321,2025-09-24,CUST0916,Mumbai,West,Consumer,Fashion,Jeans,2,2514.46,15,Credit Card,Online,Delivered,2023-10-20
ORD03322,2025-11-29,CUST0966,Pune,West,Consumer,Electronics,Laptop,1,73263.03,15,Credit Card,Retail Store,Delivered,2025-01-24
ORD03323,2026-03-26,CUST0496,Mumbai,West,Consumer,Fashion,Shoes,3,2074.78,5,Credit Card,Marketplace,Delivered,2023-12-31
ORD03324,2026-07-19,CUST1126,Mumbai,West,Consumer,Electronics,Tablet,1,26429.05,10,UPI,Retail Store,Delivered,2024-03-03
ORD03325,2026-09-03,CUST0499,Kochi,South,Consumer,Furniture,Dining Table,3,37548.67,15,Debit Card,Marketplace,Delivered,2024-01-01
ORD03326,2025-09-04,CUST0920,Chennai,South,Corporate,Home Appliances,Refrigerator,1,30856.36,10,Credit Card,Marketplace,Delivered,2023-05-09
ORD03327,2025-02-05,CUST0601,Pune,West,Consumer,Home Appliances,Mixer,1,6664.93,15,UPI,Retail Store,Delivered,2023-01-30
ORD03328,2026-02-05,CUST1070,Kochi,South,Consumer,Furniture,Bookshelf,1,6312.51,5,UPI,Marketplace,Delivered,2025-01-29
ORD03329,2025-01-28,CUST1083,Mumbai,West,Corporate,Beauty,Face Serum,1,2575.68,25,UPI,Online,Delivered,2024-07-01
ORD03330,2025-08-08,CUST0108,Coimbatore,South,Consumer,Furniture,Sofa,2,28195.19,15,UPI,Online,Delivered,2023-06-11
ORD03331,2026-02-10,CUST1121,Kochi,South,Consumer,Fashion,T-Shirt,1,702.8,0,Debit Card,Retail Store,Delivered,2024-02-18
ORD03332,2026-09-06,CUST0973,Kochi,South,Consumer,Fashion,Shoes,2,4705.87,10,Net Banking,Retail Store,Delivered,2024-11-17
ORD03333,2025-09-28,CUST0946,Delhi,North,Small Business,Home Appliances,Microwave,1,14538.45,0,Cash on Delivery,Marketplace,Delivered,2025-01-18
ORD03334,2026-05-26,CUST0227,Bengaluru,South,Corporate,Fashion,Jeans,4,3274.18,5,Net Banking,Online,Delivered,2024-08-26
ORD03335,2025-10-13,CUST0959,Hyderabad,South,Consumer,Furniture,Sofa,2,79748.78,15,UPI,Online,Delivered,2023-11-03
ORD03336,2026-03-30,CUST1014,Delhi,North,Corporate,Electronics,Smartwatch,2,22036.21,10,Credit Card,Online,Delivered,2023-12-02
ORD03337,2025-11-13,CUST0348,Bengaluru,South,Consumer,Beauty,Perfume,4,2235.7,10,UPI,Retail Store,Delivered,2024-01-13
ORD03338,2026-08-13,CUST1138,Kochi,South,Corporate,Fashion,Shoes,1,9638.86,5,UPI,Marketplace,Delivered,2023-04-16
ORD03339,2025-10-24,CUST0059,Hyderabad,South,Consumer,Fashion,T-Shirt,2,2247.29,15,UPI,Marketplace,Delivered,2023-01-25
ORD03340,2025-12-04,CUST0168,Mumbai,West,Small Business,Electronics,Laptop,2,99953.07,10,Debit Card,Online,Delivered,2023-11-01
ORD03341,2025-11-03,CUST0659,Ahmedabad,West,Corporate,Fashion,Jacket,3,5167.54,5,Net Banking,Online,Delivered,2023-06-10
ORD03342,2026-03-04,CUST0704,Hyderabad,South,Consumer,Home Appliances,Mixer,2,5199.26,15,Cash on Delivery,Online,Delivered,2025-03-04
ORD03343,2025-12-17,CUST0783,Kochi,South,Consumer,Fashion,T-Shirt,3,2282.07,10,UPI,Online,Delivered,2024-03-19
ORD03344,2026-05-26,CUST0025,Chennai,South,Consumer,Home Appliances,Air Conditioner,1,37332.27,20,Net Banking,Marketplace,Delivered,2024-09-05
ORD03345,2026-06-09,CUST1147,Kochi,South,Corporate,Home Appliances,Microwave,2,9234.01,15,Net Banking,Online,Delivered,2024-08-01
ORD03346,2026-05-07,CUST0055,Delhi,North,Small Business,Furniture,Dining Table,1,53596.04,0,UPI,Marketplace,Delivered,2025-03-03
ORD03347,2026-08-17,CUST0167,Chennai,South,Consumer,Beauty,Face Serum,1,1216.15,5,UPI,Marketplace,Delivered,2024-02-20
ORD03348,2025-01-09,CUST0025,Coimbatore,South,Consumer,Fashion,Jacket,5,3757.89,20,Cash on Delivery,Marketplace,Delivered,2024-09-05
ORD03349,2026-05-12,CUST0700,Mumbai,West,Small Business,Home Appliances,Mixer,1,2843.06,5,Credit Card,Online,Cancelled,2025-04-02
ORD03350,2026-07-14,CUST1113,Mumbai,West,Corporate,Electronics,Laptop,1,66788.33,10,UPI,Marketplace,Delivered,2025-06-01
ORD03351,2026-07-15,CUST0805,Delhi,North,Consumer,Home Appliances,Microwave,2,16711.08,20,Credit Card,Marketplace,Delivered,2025-03-24
ORD03352,2026-03-16,CUST0971,Pune,West,Corporate,Electronics,Headphones,2,4940.77,5,Credit Card,Online,Delivered,2024-07-15
ORD03353,2026-07-06,CUST0024,Kochi,South,Consumer,Furniture,Bookshelf,5,11892.56,0,Credit Card,Online,Delivered,2025-03-04
ORD03354,2025-04-18,CUST0663,Kochi,South,Consumer,Furniture,Office Chair,1,22824.99,20,UPI,Retail Store,Delivered,2024-07-02
ORD03355,2025-09-02,CUST0564,Chennai,South,Small Business,Beauty,Makeup Kit,1,2867.56,15,Debit Card,Retail Store,Delivered,2023-05-25
ORD03356,2025-09-12,CUST0617,Bengaluru,South,Consumer,Home Appliances,Air Conditioner,5,45968.8,20,Net Banking,Online,Delivered,2024-08-03
ORD03357,2025-02-02,CUST0087,Hyderabad,South,Consumer,Home Appliances,Air Conditioner,1,41339.62,5,Credit Card,Online,Delivered,2024-03-30
ORD03358,2025-01-23,CUST0832,Pune,West,Consumer,Beauty,Makeup Kit,2,3954.29,25,Debit Card,Online,Delivered,2024-09-26
ORD03359,2026-07-20,CUST0621,Chennai,South,Consumer,Furniture,Bookshelf,2,22165.6,15,Debit Card,Marketplace,Delivered,2024-05-27
ORD03360,2025-02-18,CUST0911,Hyderabad,South,Small Business,Electronics,Smartphone,1,58036.32,15,Debit Card,Retail Store,Delivered,2024-05-24
ORD03361,2026-04-07,CUST0604,Mumbai,West,Consumer,Home Appliances,Washing Machine,1,40715.47,10,Credit Card,Marketplace,Delivered,2024-09-21
ORD03362,2026-08-13,CUST0168,Delhi,North,Corporate,Beauty,Face Serum,3,2514.66,20,Cash on Delivery,Online,Delivered,2023-11-01
ORD03363,2025-12-02,CUST0789,Chennai,South,Consumer,Furniture,Office Chair,1,18211.67,15,Credit Card,Marketplace,Cancelled,2025-03-20
ORD03364,2025-12-24,CUST0201,Hyderabad,South,Consumer,Home Appliances,Air Conditioner,1,30728.89,0,Net Banking,Online,Delivered,2024-05-22
ORD03365,2025-05-02,CUST1037,Kochi,South,Consumer,Fashion,Shoes,4,2822.34,10,UPI,Marketplace,Returned,2024-11-24
ORD03366,2026-03-20,CUST0754,Pune,West,Corporate,Home Appliances,Microwave,1,18076.04,0,Net Banking,Marketplace,Delivered,2024-04-02
ORD03367,2025-12-25,CUST0179,Mumbai,West,Consumer,Fashion,Dress,1,3989.89,0,Cash on Delivery,Online,Delivered,2025-04-27
ORD03368,2026-08-25,CUST1150,Kochi,South,Small Business,Home Appliances,Washing Machine,5,51615.39,20,Cash on Delivery,Marketplace,Cancelled,2023-03-15
ORD03369,2025-12-12,CUST0637,Pune,West,Small Business,Fashion,Jeans,3,1856.61,10,Credit Card,Retail Store,Delivered,2024-02-02
ORD03370,2025-07-12,CUST0088,Chennai,South,Consumer,Electronics,Laptop,1,46922.19,0,Credit Card,Marketplace,Delivered,2024-10-23
ORD03371,2026-02-20,CUST0764,Kolkata,East,Small Business,Fashion,Dress,1,5075.68,15,Debit Card,Online,Delivered,2025-04-29
ORD03372,2026-01-12,CUST0282,Mumbai,West,Corporate,Electronics,Tablet,1,39543.21,10,UPI,Retail Store,Delivered,2024-12-17
ORD03373,2026-04-08,CUST0958,Bengaluru,South,Consumer,Electronics,Tablet,2,13215.27,10,Cash on Delivery,Marketplace,Delivered,2024-07-28
ORD03374,2025-05-26,CUST0971,Mumbai,West,Consumer,Beauty,Face Serum,4,2301.42,5,UPI,Marketplace,Delivered,2024-07-15
ORD03375,2026-04-23,CUST1173,Hyderabad,South,Corporate,Home Appliances,Refrigerator,1,59807.21,20,UPI,Retail Store,Delivered,2023-04-07
ORD03376,2026-02-12,CUST0619,Delhi,North,Consumer,Electronics,Smartwatch,1,5867.13,10,Net Banking,Online,Delivered,2024-08-11
ORD03377,2025-10-13,CUST0558,Kochi,South,Consumer,Home Appliances,Mixer,1,7673.0,5,Credit Card,Marketplace,Delivered,2024-08-29
ORD03378,2025-04-21,CUST0891,Coimbatore,South,Consumer,Fashion,Jeans,2,1370.34,15,Credit Card,Marketplace,Delivered,2023-02-07
ORD03379,2026-09-12,CUST0148,Hyderabad,South,Small Business,Electronics,Smartwatch,2,12703.67,10,UPI,Marketplace,Delivered,2024-04-10
ORD03380,2025-02-19,CUST0669,Pune,West,Small Business,Fashion,T-Shirt,3,2164.72,25,Net Banking,Online,Delivered,2023-03-08
ORD03381,2025-01-14,CUST0669,Coimbatore,South,Consumer,Home Appliances,Microwave,1,13532.01,5,Debit Card,Online,Delivered,2023-03-08
ORD03382,2025-05-14,CUST0108,Delhi,North,Consumer,Fashion,Shoes,1,3362.9,15,Credit Card,Marketplace,Delivered,2023-06-11
ORD03383,2026-08-11,CUST0512,Hyderabad,South,Consumer,Furniture,Office Chair,1,13397.8,5,Debit Card,Retail Store,Delivered,2024-11-29
ORD03384,2026-08-19,CUST1015,Chennai,South,Small Business,Electronics,Tablet,1,44468.17,10,UPI,Online,Delivered,2025-03-03
ORD03385,2025-12-09,CUST1021,Hyderabad,South,Consumer,Fashion,Jeans,5,1973.22,20,UPI,Retail Store,Delivered,2023-05-09
ORD03386,2025-10-13,CUST0114,Bengaluru,South,Corporate,Beauty,Face Serum,5,1702.75,10,Credit Card,Online,Delivered,2024-01-12
ORD03387,2025-11-10,CUST0109,Ahmedabad,West,Consumer,Electronics,Smartphone,1,18585.81,15,Credit Card,Online,Delivered,2024-09-15
ORD03388,2026-08-29,CUST0306,Coimbatore,South,Consumer,Furniture,Bed,2,54263.96,15,Cash on Delivery,Online,Delivered,2024-12-27
ORD03389,2025-10-24,CUST1038,Kochi,South,Small Business,Furniture,Bookshelf,1,14434.8,5,Credit Card,Online,Delivered,2024-01-01
ORD03390,2026-08-29,CUST0147,Bengaluru,South,Consumer,Home Appliances,Washing Machine,1,50460.32,5,Debit Card,Online,Delivered,2023-11-29
ORD03391,2026-07-23,CUST0863,Mumbai,West,Consumer,Electronics,Smartwatch,1,17451.24,10,Credit Card,Marketplace,Delivered,2023-05-15
ORD03392,2025-06-13,CUST0116,Pune,West,Small Business,Home Appliances,Microwave,2,8300.47,15,Credit Card,Retail Store,Cancelled,2024-03-25
ORD03393,2026-05-12,CUST0759,Chennai,South,Small Business,Electronics,Smartwatch,2,7471.2,20,Credit Card,Marketplace,Delivered,2025-02-12
ORD03394,2026-09-02,CUST0449,Coimbatore,South,Consumer,Electronics,Smartphone,1,16932.03,10,Debit Card,Online,Delivered,2025-03-24
ORD03395,2025-01-16,CUST0944,Chennai,South,Consumer,Fashion,Dress,3,6224.24,5,UPI,Online,Delivered,2024-10-09
ORD03396,2025-12-10,CUST0252,Chennai,South,Consumer,Electronics,Laptop,1,75790.2,10,Net Banking,Marketplace,Delivered,2025-02-08
ORD03397,2025-03-19,CUST0772,Ahmedabad,West,Consumer,Electronics,Smartwatch,1,17192.51,10,UPI,Marketplace,Delivered,2023-08-11
ORD03398,2025-12-12,CUST0254,Ahmedabad,West,Consumer,Electronics,Smartphone,2,42690.09,10,UPI,Retail Store,Delivered,2023-07-15
ORD03399,2025-03-13,CUST0853,Kolkata,East,Small Business,Furniture,Dining Table,1,54827.61,15,UPI,Online,Delivered,2023-11-16
ORD03400,2025-09-27,CUST1037,Coimbatore,South,Small Business,Beauty,Makeup Kit,1,4556.26,10,Net Banking,Online,Delivered,2024-11-24
ORD03401,2025-10-14,CUST0144,Delhi,North,Small Business,Fashion,Shoes,3,4125.15,0,Cash on Delivery,Retail Store,Delivered,2023-01-21
ORD03402,2025-03-07,CUST1030,Hyderabad,South,Consumer,Home Appliances,Mixer,1,6317.41,15,UPI,Retail Store,Delivered,2025-04-12
ORD03403,2025-03-09,CUST0731,Bengaluru,South,Small Business,Beauty,Face Serum,1,2310.52,5,Credit Card,Online,Delivered,2023-09-25
ORD03404,2025-07-12,CUST0145,Pune,West,Small Business,Fashion,T-Shirt,2,1039.7,15,Cash on Delivery,Retail Store,Delivered,2023-10-02
ORD03405,2025-02-24,CUST0524,Kochi,South,Small Business,Beauty,Perfume,2,5022.13,5,UPI,Retail Store,Delivered,2024-11-05
ORD03406,2026-01-14,CUST0185,Mumbai,West,Small Business,Fashion,T-Shirt,4,1087.21,0,Debit Card,Online,Delivered,2023-03-07
ORD03407,2025-06-17,CUST0843,Ahmedabad,West,Consumer,Furniture,Bed,1,49623.79,15,UPI,Marketplace,Delivered,2024-10-13
ORD03408,2026-02-13,CUST0901,Mumbai,West,Small Business,Fashion,Dress,2,5603.27,5,Debit Card,Online,Delivered,2024-08-11
ORD03409,2026-05-23,CUST0120,Kochi,South,Consumer,Furniture,Bookshelf,2,5226.35,5,Net Banking,Online,Delivered,2024-12-16
ORD03410,2026-06-21,CUST0623,Coimbatore,South,Corporate,Beauty,Skincare Kit,3,4205.84,10,Cash on Delivery,Online,Delivered,2024-07-27
ORD03411,2025-04-12,CUST0970,Coimbatore,South,Consumer,Home Appliances,Refrigerator,1,46750.24,5,UPI,Marketplace,Returned,2024-07-26
ORD03412,2026-02-26,CUST1121,Bengaluru,South,Corporate,Beauty,Skincare Kit,1,3397.65,5,Credit Card,Marketplace,Delivered,2024-02-18
ORD03413,2026-04-23,CUST0633,Pune,West,Consumer,Fashion,Jeans,1,2254.72,15,Cash on Delivery,Marketplace,Delivered,2023-04-17
ORD03414,2025-04-30,CUST1135,Coimbatore,South,Consumer,Furniture,Bed,3,51466.21,10,Net Banking,Retail Store,Delivered,2024-01-13
ORD03415,2025-10-18,CUST0659,Mumbai,West,Consumer,Beauty,Skincare Kit,1,4624.0,10,UPI,Retail Store,Delivered,2023-06-10
ORD03416,2026-05-03,CUST0487,Kochi,South,Consumer,Home Appliances,Refrigerator,1,67417.76,5,UPI,Retail Store,Delivered,2024-06-02
ORD03417,2025-06-10,CUST1011,Mumbai,West,Small Business,Fashion,T-Shirt,2,1377.18,20,UPI,Marketplace,Delivered,2024-04-28
ORD03418,2025-03-19,CUST0612,Pune,West,Consumer,Beauty,Face Serum,1,782.51,10,Credit Card,Marketplace,Delivered,2024-05-03
ORD03419,2025-02-07,CUST0577,Delhi,North,Corporate,Furniture,Bed,1,29449.84,5,UPI,Online,Delivered,2023-10-03
ORD03420,2026-01-29,CUST0609,Pune,West,Consumer,Electronics,Headphones,2,8962.37,5,UPI,Online,Delivered,2023-07-14
ORD03421,2026-03-17,CUST1008,Delhi,North,Consumer,Fashion,Jeans,4,3246.1,10,UPI,Online,Delivered,2023-10-19
ORD03422,2026-06-24,CUST0982,Hyderabad,South,Consumer,Beauty,Perfume,4,2890.43,15,Credit Card,Online,Delivered,2023-07-03
ORD03423,2026-04-07,CUST0498,Chennai,South,Consumer,Beauty,Hair Dryer,3,3937.41,10,UPI,Marketplace,Delivered,2023-07-21
ORD03424,2026-09-04,CUST0413,Hyderabad,South,Consumer,Beauty,Skincare Kit,4,1297.82,10,UPI,Marketplace,Delivered,2024-04-19
ORD03425,2025-10-21,CUST0609,Kolkata,East,Corporate,Electronics,Headphones,1,5459.15,0,UPI,Retail Store,Delivered,2023-07-14
ORD03426,2026-02-04,CUST0703,Mumbai,West,Consumer,Beauty,Face Serum,3,2534.56,15,UPI,Online,Delivered,2023-12-19
ORD03427,2026-09-28,CUST0257,Chennai,South,Small Business,Electronics,Tablet,4,49231.8,20,Cash on Delivery,Retail Store,Cancelled,2023-12-16
ORD03428,2025-04-02,CUST0948,Ahmedabad,West,Corporate,Fashion,Dress,4,4332.28,5,Credit Card,Retail Store,Delivered,2023-01-05
ORD03429,2026-09-01,CUST0606,Bengaluru,South,Small Business,Furniture,Sofa,3,34782.68,20,UPI,Online,Delivered,2024-12-05
ORD03430,2025-01-06,CUST0413,Kochi,South,Consumer,Beauty,Makeup Kit,1,5546.48,20,Credit Card,Online,Delivered,2024-04-19
ORD03431,2025-09-28,CUST0121,Ahmedabad,West,Consumer,Beauty,Makeup Kit,1,3319.45,20,Debit Card,Marketplace,Delivered,2025-03-04
ORD03432,2026-09-12,CUST0257,Pune,West,Consumer,Home Appliances,Mixer,2,6261.21,5,UPI,Online,Delivered,2023-12-16
ORD03433,2026-07-13,CUST1133,Mumbai,West,Corporate,Beauty,Makeup Kit,1,5074.25,20,Net Banking,Retail Store,Delivered,2025-02-11
ORD03434,2025-04-09,CUST0372,Coimbatore,South,Small Business,Electronics,Smartphone,2,71652.31,0,UPI,Online,Delivered,2023-09-17
ORD03435,2026-06-10,CUST0197,Chennai,South,Consumer,Furniture,Bookshelf,1,17104.24,10,UPI,Retail Store,Delivered,2024-08-14
ORD03436,2025-07-13,CUST0564,Coimbatore,South,Small Business,Home Appliances,Refrigerator,5,32253.19,0,UPI,Retail Store,Delivered,2023-05-25
ORD03437,2025-06-06,CUST0372,Kolkata,East,Consumer,Fashion,Jeans,4,1140.54,15,Debit Card,Retail Store,Delivered,2023-09-17
ORD03438,2025-04-25,CUST0045,Kolkata,East,Corporate,Electronics,Headphones,2,2372.85,20,Debit Card,Retail Store,Delivered,2025-05-15
ORD03439,2026-01-31,CUST0392,Kochi,South,Consumer,Electronics,Smartwatch,1,15571.27,5,Net Banking,Online,Delivered,2023-12-03
ORD03440,2026-06-06,CUST0667,Chennai,South,Consumer,Home Appliances,Refrigerator,3,45637.57,0,UPI,Marketplace,Delivered,2023-01-27
ORD03441,2025-08-02,CUST0673,Ahmedabad,West,Consumer,Fashion,Shoes,2,3951.2,5,UPI,Marketplace,Delivered,2023-07-13
ORD03442,2026-06-17,CUST0449,Hyderabad,South,Consumer,Electronics,Smartphone,1,48850.06,15,UPI,Online,Delivered,2025-03-24
ORD03443,2025-01-15,CUST0547,Delhi,North,Consumer,Beauty,Hair Dryer,1,3443.86,10,Cash on Delivery,Marketplace,Delivered,2023-12-17
ORD03444,2026-02-23,CUST1155,Mumbai,West,Consumer,Home Appliances,Mixer,2,6112.49,5,Debit Card,Retail Store,Delivered,2025-02-14
ORD03445,2026-01-03,CUST0471,Mumbai,West,Small Business,Fashion,Dress,2,2079.89,25,Credit Card,Marketplace,Delivered,2023-01-25
ORD03446,2026-09-30,CUST0296,Mumbai,West,Corporate,Electronics,Smartphone,1,38155.04,20,UPI,Online,Delivered,2023-07-02
ORD03447,2025-08-01,CUST0264,Kolkata,East,Corporate,Electronics,Smartphone,2,50088.91,10,UPI,Marketplace,Delivered,2024-07-28
ORD03448,2025-01-05,CUST0562,Delhi,North,Consumer,Electronics,Smartwatch,1,23283.23,10,Cash on Delivery,Marketplace,Delivered,2023-06-28
ORD03449,2025-08-19,CUST0904,Coimbatore,South,Consumer,Home Appliances,Mixer,2,9094.08,15,Credit Card,Online,Delivered,2025-06-13
ORD03450,2025-07-20,CUST0231,Ahmedabad,West,Corporate,Electronics,Tablet,3,47763.31,5,Cash on Delivery,Marketplace,Delivered,2023-04-18
ORD03451,2026-02-06,CUST0848,Delhi,North,Corporate,Beauty,Skincare Kit,3,1601.2,20,Debit Card,Marketplace,Delivered,2024-03-24
ORD03452,2025-05-29,CUST0026,Pune,West,Consumer,Fashion,Shoes,1,3471.35,5,UPI,Retail Store,Delivered,2024-07-16
ORD03453,2026-08-07,CUST0513,Coimbatore,South,Small Business,Home Appliances,Air Conditioner,2,45017.63,5,Debit Card,Marketplace,Delivered,2023-07-24
ORD03454,2026-05-07,CUST0922,Delhi,North,Consumer,Furniture,Bed,2,23913.1,15,UPI,Retail Store,Delivered,2023-12-09
ORD03455,2025-08-14,CUST0420,Chennai,South,Consumer,Home Appliances,Air Conditioner,1,59260.09,5,Debit Card,Marketplace,Delivered,2025-04-02
ORD03456,2026-08-09,CUST0696,Hyderabad,South,Consumer,Electronics,Tablet,1,35406.22,0,UPI,Marketplace,Delivered,2024-12-02
ORD03457,2025-06-18,CUST0230,Chennai,South,Consumer,Electronics,Tablet,2,46206.65,10,Credit Card,Retail Store,Delivered,2024-10-25
ORD03458,2025-06-01,CUST0889,Kolkata,East,Consumer,Home Appliances,Air Conditioner,1,59991.24,0,Cash on Delivery,Marketplace,Delivered,2025-03-16
ORD03459,2025-08-12,CUST0063,Coimbatore,South,Small Business,Beauty,Perfume,5,1156.22,0,Credit Card,Marketplace,Delivered,2023-08-24
ORD03460,2026-05-19,CUST1015,Bengaluru,South,Consumer,Fashion,Dress,2,3728.99,5,Net Banking,Online,Returned,2025-03-03
ORD03461,2026-07-04,CUST0226,Hyderabad,South,Consumer,Home Appliances,Mixer,3,3463.33,15,UPI,Retail Store,Delivered,2023-10-03
ORD03462,2025-02-13,CUST1037,Ahmedabad,West,Consumer,Home Appliances,Mixer,1,2789.31,5,Debit Card,Online,Delivered,2024-11-24
ORD03463,2026-05-19,CUST0441,Chennai,South,Consumer,Fashion,T-Shirt,3,1699.28,10,UPI,Online,Returned,2023-10-22
ORD03464,2025-08-29,CUST0866,Kolkata,East,Consumer,Fashion,T-Shirt,1,2387.78,10,Net Banking,Online,Delivered,2025-01-27
ORD03465,2025-12-17,CUST0385,Bengaluru,South,Corporate,Electronics,Smartphone,2,22253.94,5,Net Banking,Online,Delivered,2023-10-06
ORD03466,2025-01-23,CUST1077,Delhi,North,Small Business,Fashion,T-Shirt,4,967.2,10,Credit Card,Marketplace,Delivered,2024-12-27
ORD03467,2026-09-28,CUST0143,Pune,West,Small Business,Electronics,Headphones,2,11842.15,20,Debit Card,Marketplace,Delivered,2025-02-24
ORD03468,2026-08-21,CUST0204,Kolkata,East,Small Business,Furniture,Bookshelf,1,15250.47,5,Debit Card,Marketplace,Delivered,2023-11-21
ORD03469,2025-02-12,CUST0612,Chennai,South,Consumer,Furniture,Dining Table,1,30660.45,10,Cash on Delivery,Online,Delivered,2024-05-03
ORD03470,2026-04-11,CUST0103,Kochi,South,Small Business,Beauty,Perfume,1,5872.11,15,Debit Card,Online,Delivered,2025-05-17
ORD03471,2025-02-09,CUST0225,Kochi,South,Consumer,Beauty,Perfume,1,4919.21,10,Cash on Delivery,Marketplace,Returned,2025-01-22
ORD03472,2025-10-30,CUST1123,Bengaluru,South,Consumer,Fashion,Jeans,3,3525.4,15,Debit Card,Marketplace,Delivered,2024-03-06
ORD03473,2025-06-24,CUST1170,Chennai,South,Small Business,Home Appliances,Air Conditioner,1,60323.77,10,Credit Card,Online,Delivered,2025-02-04
ORD03474,2026-06-16,CUST0471,Bengaluru,South,Corporate,Fashion,Jeans,1,3755.15,15,Debit Card,Online,Delivered,2023-01-25
ORD03475,2026-04-06,CUST1103,Ahmedabad,West,Consumer,Fashion,Jacket,2,2715.51,0,Cash on Delivery,Online,Delivered,2023-04-06
ORD03476,2026-09-13,CUST0668,Kolkata,East,Consumer,Home Appliances,Microwave,3,19927.11,5,UPI,Online,Delivered,2023-01-12
ORD03477,2025-07-12,CUST0314,Pune,West,Corporate,Furniture,Dining Table,2,19166.55,25,Net Banking,Online,Returned,2024-10-27
ORD03478,2025-09-01,CUST0844,Bengaluru,South,Consumer,Beauty,Face Serum,3,3631.76,20,Credit Card,Online,Delivered,2024-08-16
ORD03479,2025-10-07,CUST0797,Kochi,South,Corporate,Home Appliances,Refrigerator,3,50569.11,10,UPI,Online,Delivered,2023-05-30
ORD03480,2025-02-05,CUST1188,Pune,West,Small Business,Fashion,T-Shirt,1,807.57,10,Cash on Delivery,Retail Store,Delivered,2023-01-19
ORD03481,2026-07-11,CUST0311,Pune,West,Corporate,Furniture,Bookshelf,1,16112.66,15,Credit Card,Marketplace,Delivered,2025-04-21
ORD03482,2026-06-24,CUST0817,Kochi,South,Small Business,Electronics,Headphones,1,14006.4,15,Net Banking,Marketplace,Delivered,2023-04-09
ORD03483,2025-06-03,CUST0063,Chennai,South,Small Business,Fashion,Dress,1,5770.68,15,Credit Card,Online,Delivered,2023-08-24
ORD03484,2025-01-23,CUST0127,Chennai,South,Small Business,Electronics,Smartwatch,3,11249.68,25,Net Banking,Marketplace,Returned,2023-06-29
ORD03485,2025-04-01,CUST0007,Kochi,South,Consumer,Beauty,Perfume,2,4942.5,10,Debit Card,Online,Delivered,2024-05-15
ORD03486,2026-01-25,CUST1200,Hyderabad,South,Small Business,Home Appliances,Mixer,2,7410.88,0,Credit Card,Marketplace,Delivered,2024-11-02
ORD03487,2025-12-25,CUST0957,Pune,West,Small Business,Electronics,Smartwatch,1,7556.08,10,UPI,Marketplace,Returned,2024-01-21
ORD03488,2026-07-04,CUST0940,Mumbai,West,Consumer,Fashion,Jacket,3,2900.29,10,UPI,Marketplace,Delivered,2024-10-01
ORD03489,2025-08-16,CUST0627,Hyderabad,South,Consumer,Home Appliances,Microwave,1,7523.55,25,UPI,Online,Returned,2023-02-17
ORD03490,2025-07-21,CUST0367,Kolkata,East,Corporate,Fashion,T-Shirt,1,908.34,5,Credit Card,Retail Store,Delivered,2023-06-10
ORD03491,2025-12-16,CUST0171,Kolkata,East,Consumer,Electronics,Smartwatch,2,18671.17,15,Credit Card,Online,Delivered,2025-03-23
ORD03492,2025-02-07,CUST0343,Bengaluru,South,Corporate,Electronics,Smartwatch,1,11377.94,5,Debit Card,Retail Store,Delivered,2024-10-01
ORD03493,2026-05-15,CUST0471,Ahmedabad,West,Consumer,Home Appliances,Microwave,2,10653.5,10,Debit Card,Marketplace,Delivered,2023-01-25
ORD03494,2025-02-12,CUST0897,Kochi,South,Consumer,Home Appliances,Refrigerator,1,34080.17,25,UPI,Online,Delivered,2024-07-13
ORD03495,2026-09-18,CUST0661,Pune,West,Corporate,Beauty,Perfume,1,6483.82,15,UPI,Online,Delivered,2025-06-15
ORD03496,2026-06-01,CUST0095,Mumbai,West,Consumer,Home Appliances,Air Conditioner,2,37998.69,10,UPI,Online,Delivered,2024-05-22
ORD03497,2025-03-09,CUST0026,Coimbatore,South,Small Business,Furniture,Dining Table,3,53038.03,25,Net Banking,Online,Delivered,2024-07-16
ORD03498,2025-05-03,CUST0116,Coimbatore,South,Consumer,Furniture,Bookshelf,1,20206.73,10,Net Banking,Online,Delivered,2024-03-25
ORD03499,2025-12-02,CUST0505,Ahmedabad,West,Corporate,Electronics,Laptop,1,72795.52,20,UPI,Retail Store,Delivered,2024-09-28
ORD03500,2025-06-02,CUST1117,Ahmedabad,West,Consumer,Fashion,T-Shirt,1,819.1,15,Cash on Delivery,Online,Delivered,2024-03-28
ORD03501,2025-06-11,CUST0772,Kolkata,East,Small Business,Fashion,Jacket,1,5686.98,5,Credit Card,Online,Delivered,2023-08-11
ORD03502,2025-08-02,CUST0955,Pune,West,Small Business,Furniture,Bed,2,48364.05,20,Net Banking,Retail Store,Delivered,2024-05-07
ORD03503,2026-01-11,CUST0568,Coimbatore,South,Consumer,Beauty,Hair Dryer,2,2470.47,0,Net Banking,Retail Store,Delivered,2023-03-25
ORD03504,2026-03-19,CUST0458,Kochi,South,Consumer,Home Appliances,Air Conditioner,1,35194.5,10,Net Banking,Online,Delivered,2025-02-24
ORD03505,2026-02-27,CUST0123,Mumbai,West,Small Business,Beauty,Perfume,2,6280.12,10,Credit Card,Online,Delivered,2023-07-08
ORD03506,2026-06-22,CUST1039,Hyderabad,South,Consumer,Beauty,Makeup Kit,3,2911.73,25,UPI,Marketplace,Delivered,2024-05-30
ORD03507,2026-09-26,CUST0934,Coimbatore,South,Consumer,Electronics,Headphones,1,7747.41,20,UPI,Online,Delivered,2023-08-29
ORD03508,2025-08-18,CUST0197,Bengaluru,South,Consumer,Fashion,Dress,1,2104.92,0,Credit Card,Online,Returned,2024-08-14
ORD03509,2025-02-28,CUST0632,Mumbai,West,Consumer,Electronics,Laptop,3,97194.77,25,Net Banking,Online,Delivered,2024-02-11
ORD03510,2025-04-06,CUST0607,Ahmedabad,West,Consumer,Fashion,Dress,1,4651.65,15,UPI,Retail Store,Delivered,2024-02-03
ORD03511,2025-09-19,CUST0760,Kochi,South,Corporate,Furniture,Sofa,4,54575.47,10,Net Banking,Online,Delivered,2025-03-29
ORD03512,2025-12-20,CUST1126,Pune,West,Corporate,Beauty,Perfume,2,1024.56,20,Cash on Delivery,Online,Delivered,2024-03-03
ORD03513,2025-11-08,CUST0709,Mumbai,West,Consumer,Electronics,Tablet,3,36795.03,10,Credit Card,Online,Delivered,2024-03-28
ORD03514,2025-05-16,CUST0661,Delhi,North,Consumer,Beauty,Perfume,4,6065.63,5,Credit Card,Online,Cancelled,2025-06-15
ORD03515,2026-04-18,CUST0059,Chennai,South,Corporate,Home Appliances,Refrigerator,1,48873.35,0,UPI,Online,Delivered,2023-01-25
ORD03516,2026-09-24,CUST0079,Pune,West,Corporate,Home Appliances,Washing Machine,2,37492.07,20,Credit Card,Marketplace,Delivered,2024-04-15
ORD03517,2026-03-06,CUST0216,Delhi,North,Corporate,Home Appliances,Mixer,1,2644.54,15,Cash on Delivery,Retail Store,Delivered,2025-06-02
ORD03518,2026-06-21,CUST0042,Bengaluru,South,Small Business,Home Appliances,Mixer,1,8000.32,0,UPI,Retail Store,Delivered,2023-07-06
ORD03519,2025-05-26,CUST0889,Hyderabad,South,Consumer,Electronics,Smartwatch,1,20212.98,5,Cash on Delivery,Marketplace,Delivered,2025-03-16
ORD03520,2026-06-08,CUST0867,Delhi,North,Consumer,Fashion,Shoes,3,2698.82,25,UPI,Online,Delivered,2023-10-10
ORD03521,2025-03-28,CUST0156,Delhi,North,Small Business,Home Appliances,Refrigerator,1,62559.37,5,Credit Card,Online,Delivered,2025-04-12
ORD03522,2025-04-19,CUST0991,Hyderabad,South,Consumer,Fashion,Dress,1,6993.78,20,Credit Card,Online,Delivered,2023-12-11
ORD03523,2026-02-27,CUST0176,Hyderabad,South,Consumer,Fashion,Shoes,2,5291.5,15,UPI,Marketplace,Delivered,2024-03-30
ORD03524,2025-12-11,CUST0367,Chennai,South,Consumer,Electronics,Headphones,2,9869.74,10,UPI,Retail Store,Delivered,2023-06-10
ORD03525,2025-09-23,CUST0278,Ahmedabad,West,Small Business,Fashion,T-Shirt,3,1974.65,10,Credit Card,Online,Delivered,2024-11-22
ORD03526,2026-08-09,CUST0469,Coimbatore,South,Consumer,Furniture,Office Chair,1,10391.09,20,Credit Card,Online,Delivered,2023-03-28
ORD03527,2026-05-09,CUST0285,Chennai,South,Consumer,Electronics,Smartwatch,1,4925.37,15,Credit Card,Online,Delivered,2023-08-01
ORD03528,2025-11-29,CUST0609,Hyderabad,South,Consumer,Home Appliances,Washing Machine,5,36818.44,10,Net Banking,Marketplace,Delivered,2023-07-14
ORD03529,2026-02-17,CUST0502,Bengaluru,South,Small Business,Electronics,Smartwatch,1,4997.83,15,UPI,Online,Delivered,2023-10-15
ORD03530,2026-09-06,CUST1184,Ahmedabad,West,Small Business,Home Appliances,Air Conditioner,1,43323.21,0,UPI,Online,Returned,2025-01-29
ORD03531,2025-07-10,CUST0066,Hyderabad,South,Corporate,Furniture,Bed,1,40355.07,15,Credit Card,Retail Store,Delivered,2024-07-02
ORD03532,2025-05-22,CUST0165,Chennai,South,Small Business,Home Appliances,Air Conditioner,2,56568.81,10,Credit Card,Marketplace,Delivered,2023-10-31
ORD03533,2025-03-14,CUST0063,Ahmedabad,West,Consumer,Electronics,Headphones,1,6446.3,15,Debit Card,Online,Delivered,2023-08-24
ORD03534,2025-06-16,CUST0760,Chennai,South,Consumer,Fashion,Dress,1,2020.74,10,Credit Card,Retail Store,Delivered,2025-03-29
ORD03535,2025-06-17,CUST0063,Mumbai,West,Consumer,Electronics,Tablet,1,13004.05,20,UPI,Retail Store,Delivered,2023-08-24
ORD03536,2026-07-20,CUST0992,Mumbai,West,Small Business,Furniture,Office Chair,1,10164.29,10,Debit Card,Online,Delivered,2024-07-06
ORD03537,2025-09-16,CUST0632,Kochi,South,Corporate,Electronics,Headphones,1,6274.14,10,UPI,Marketplace,Cancelled,2024-02-11
ORD03538,2026-03-15,CUST0649,Hyderabad,South,Consumer,Furniture,Office Chair,1,20908.48,20,Credit Card,Marketplace,Returned,2024-06-09
ORD03539,2025-04-21,CUST0692,Bengaluru,South,Consumer,Electronics,Smartphone,2,37173.43,5,Credit Card,Retail Store,Delivered,2025-03-18
ORD03540,2026-06-15,CUST0200,Pune,West,Corporate,Fashion,Jeans,1,1349.92,10,Cash on Delivery,Marketplace,Delivered,2023-06-04
ORD03541,2025-10-17,CUST0226,Kochi,South,Small Business,Electronics,Smartwatch,4,16466.56,10,Debit Card,Marketplace,Delivered,2023-10-03
ORD03542,2026-07-16,CUST0385,Kolkata,East,Small Business,Home Appliances,Washing Machine,1,43421.58,10,Net Banking,Marketplace,Delivered,2023-10-06
ORD03543,2026-05-25,CUST0731,Delhi,North,Consumer,Furniture,Bookshelf,5,10527.23,15,UPI,Online,Delivered,2023-09-25
ORD03544,2025-06-24,CUST0233,Bengaluru,South,Consumer,Beauty,Makeup Kit,1,5035.62,10,UPI,Online,Delivered,2023-06-25
ORD03545,2025-10-29,CUST0128,Coimbatore,South,Consumer,Electronics,Smartphone,4,42229.16,15,Net Banking,Online,Delivered,2025-02-24
ORD03546,2025-07-04,CUST1158,Pune,West,Consumer,Electronics,Tablet,1,16081.59,10,Net Banking,Marketplace,Delivered,2023-10-05
ORD03547,2025-12-05,CUST0030,Chennai,South,Corporate,Home Appliances,Mixer,2,6082.76,5,Cash on Delivery,Online,Delivered,2025-03-29
ORD03548,2026-05-25,CUST0958,Ahmedabad,West,Small Business,Furniture,Sofa,2,54426.01,10,UPI,Online,Returned,2024-07-28
ORD03549,2025-11-06,CUST0940,Chennai,South,Small Business,Fashion,Jacket,1,3318.18,20,Net Banking,Retail Store,Delivered,2024-10-01
ORD03550,2026-05-22,CUST0362,Pune,West,Consumer,Beauty,Face Serum,3,2560.07,5,Debit Card,Marketplace,Delivered,2023-08-05
ORD03551,2025-12-12,CUST0155,Delhi,North,Consumer,Home Appliances,Air Conditioner,3,37273.75,10,UPI,Online,Returned,2025-03-27
ORD03552,2025-03-22,CUST0167,Mumbai,West,Consumer,Electronics,Tablet,4,16906.58,25,Cash on Delivery,Marketplace,Delivered,2024-02-20
ORD03553,2026-01-09,CUST0842,Hyderabad,South,Consumer,Beauty,Skincare Kit,3,1517.91,0,UPI,Online,Delivered,2024-01-29
ORD03554,2025-06-05,CUST0777,Ahmedabad,West,Consumer,Electronics,Smartphone,1,32423.12,10,UPI,Marketplace,Delivered,2024-02-06
ORD03555,2026-03-08,CUST0933,Delhi,North,Consumer,Fashion,Jeans,2,4060.5,15,UPI,Online,Delivered,2024-06-17
ORD03556,2026-05-15,CUST1121,Hyderabad,South,Consumer,Fashion,Shoes,2,3010.54,15,UPI,Online,Returned,2024-02-18
ORD03557,2025-05-27,CUST0836,Delhi,North,Consumer,Furniture,Bookshelf,1,14376.75,5,UPI,Online,Delivered,2023-06-05
ORD03558,2026-04-26,CUST0179,Delhi,North,Consumer,Fashion,Shoes,2,6065.81,10,Cash on Delivery,Retail Store,Delivered,2025-04-27
ORD03559,2026-03-11,CUST0264,Coimbatore,South,Corporate,Electronics,Tablet,2,32708.62,10,Debit Card,Retail Store,Delivered,2024-07-28
ORD03560,2026-06-03,CUST1001,Mumbai,West,Consumer,Electronics,Smartwatch,1,10201.81,10,UPI,Retail Store,Delivered,2025-04-07
ORD03561,2025-03-10,CUST0232,Chennai,South,Consumer,Beauty,Face Serum,2,3738.13,0,UPI,Online,Delivered,2025-03-11
ORD03562,2026-08-29,CUST0087,Ahmedabad,West,Small Business,Electronics,Smartphone,3,76490.4,5,UPI,Online,Returned,2024-03-30
ORD03563,2025-07-05,CUST0845,Pune,West,Consumer,Electronics,Smartwatch,1,18615.53,5,UPI,Online,Delivered,2024-07-23
ORD03564,2025-07-23,CUST0497,Kolkata,East,Consumer,Furniture,Office Chair,2,20778.92,15,Credit Card,Marketplace,Delivered,2024-11-01
ORD03565,2026-07-08,CUST1096,Kochi,South,Consumer,Beauty,Makeup Kit,1,1449.19,10,Debit Card,Online,Delivered,2023-04-09
ORD03566,2025-01-13,CUST0790,Pune,West,Corporate,Fashion,Shoes,1,8180.71,15,Debit Card,Online,Delivered,2023-09-14
ORD03567,2025-10-01,CUST0108,Ahmedabad,West,Corporate,Furniture,Bookshelf,1,7147.01,10,UPI,Online,Delivered,2023-06-11
ORD03568,2025-10-25,CUST1129,Pune,West,Consumer,Fashion,Dress,2,5480.94,15,Credit Card,Retail Store,Returned,2023-07-11
ORD03569,2025-02-20,CUST0296,Coimbatore,South,Consumer,Electronics,Headphones,2,13755.89,15,UPI,Online,Delivered,2023-07-02
ORD03570,2026-05-15,CUST0419,Mumbai,West,Corporate,Home Appliances,Microwave,1,15831.79,20,UPI,Retail Store,Delivered,2023-06-02
ORD03571,2026-01-04,CUST0497,Bengaluru,South,Small Business,Furniture,Dining Table,1,25096.22,10,Debit Card,Retail Store,Delivered,2024-11-01
ORD03572,2025-12-23,CUST0061,Hyderabad,South,Corporate,Electronics,Tablet,3,37708.45,15,Credit Card,Retail Store,Delivered,2023-04-13
ORD03573,2025-01-03,CUST0615,Ahmedabad,West,Consumer,Electronics,Tablet,2,35028.67,0,UPI,Online,Delivered,2024-04-26
ORD03574,2025-09-11,CUST0140,Mumbai,West,Consumer,Fashion,T-Shirt,1,2178.11,15,UPI,Retail Store,Returned,2023-06-30
ORD03575,2026-04-20,CUST0496,Kochi,South,Consumer,Home Appliances,Mixer,1,3619.2,20,Debit Card,Online,Delivered,2023-12-31
ORD03576,2026-05-21,CUST0438,Coimbatore,South,Corporate,Electronics,Smartwatch,2,20482.27,15,Net Banking,Marketplace,Delivered,2024-09-28
ORD03577,2025-09-13,CUST0920,Mumbai,West,Consumer,Electronics,Headphones,1,1889.17,5,Debit Card,Marketplace,Delivered,2023-05-09
ORD03578,2026-09-02,CUST0958,Pune,West,Small Business,Electronics,Laptop,1,99059.61,20,Net Banking,Online,Delivered,2024-07-28
ORD03579,2025-05-30,CUST0174,Mumbai,West,Consumer,Beauty,Hair Dryer,1,3061.72,20,Credit Card,Marketplace,Delivered,2025-01-26
ORD03580,2026-05-03,CUST0462,Pune,West,Small Business,Furniture,Bookshelf,3,14233.92,5,UPI,Online,Delivered,2023-02-17
ORD03581,2025-10-06,CUST0470,Ahmedabad,West,Consumer,Electronics,Laptop,1,79341.07,20,Credit Card,Retail Store,Delivered,2023-06-30
ORD03582,2025-02-28,CUST0171,Kolkata,East,Corporate,Beauty,Hair Dryer,1,2841.33,15,Credit Card,Online,Delivered,2025-03-23
ORD03583,2026-03-22,CUST0951,Coimbatore,South,Consumer,Fashion,Jacket,1,4541.24,15,Cash on Delivery,Online,Delivered,2025-05-21
ORD03584,2025-04-23,CUST0848,Coimbatore,South,Small Business,Furniture,Bookshelf,1,7716.54,20,UPI,Marketplace,Delivered,2024-03-24
ORD03585,2026-07-23,CUST0219,Bengaluru,South,Corporate,Electronics,Laptop,1,82475.4,5,Net Banking,Marketplace,Delivered,2024-02-14
ORD03586,2026-05-04,CUST0462,Kochi,South,Small Business,Beauty,Hair Dryer,1,1590.67,10,Debit Card,Online,Delivered,2023-02-17
ORD03587,2026-02-11,CUST0120,Chennai,South,Consumer,Beauty,Face Serum,2,993.6,15,Net Banking,Retail Store,Delivered,2024-12-16
ORD03588,2026-01-02,CUST0766,Chennai,South,Consumer,Electronics,Laptop,1,87787.0,5,Credit Card,Retail Store,Delivered,2023-01-25
ORD03589,2025-03-01,CUST0137,Delhi,North,Corporate,Beauty,Face Serum,2,2848.79,10,Net Banking,Marketplace,Delivered,2024-06-06
ORD03590,2025-11-25,CUST1183,Bengaluru,South,Consumer,Electronics,Headphones,4,9986.38,10,UPI,Retail Store,Delivered,2023-03-04
ORD03591,2026-04-14,CUST0931,Mumbai,West,Corporate,Furniture,Bed,1,36161.3,10,Credit Card,Online,Delivered,2024-10-07
ORD03592,2026-07-21,CUST0483,Bengaluru,South,Consumer,Furniture,Sofa,2,56731.96,20,Debit Card,Retail Store,Delivered,2023-08-05
ORD03593,2025-03-04,CUST0707,Pune,West,Consumer,Home Appliances,Washing Machine,2,22360.42,10,Credit Card,Marketplace,Delivered,2025-02-28
ORD03594,2025-07-03,CUST1088,Delhi,North,Consumer,Fashion,Dress,5,1323.35,5,UPI,Online,Delivered,2023-09-17
ORD03595,2025-11-07,CUST0679,Hyderabad,South,Consumer,Home Appliances,Microwave,3,21490.91,10,Debit Card,Online,Delivered,2025-05-13
ORD03596,2026-06-22,CUST0201,Ahmedabad,West,Small Business,Beauty,Perfume,5,4027.13,20,Credit Card,Retail Store,Delivered,2024-05-22
ORD03597,2025-06-26,CUST0471,Mumbai,West,Consumer,Beauty,Skincare Kit,1,2554.54,15,Net Banking,Retail Store,Delivered,2023-01-25
ORD03598,2026-07-29,CUST1002,Delhi,North,Corporate,Electronics,Smartphone,1,27916.19,10,Cash on Delivery,Online,Delivered,2023-11-20
ORD03599,2026-03-05,CUST0782,Pune,West,Consumer,Beauty,Perfume,2,4101.44,10,Credit Card,Online,Delivered,2024-08-13
ORD03600,2025-03-14,CUST0791,Kolkata,East,Consumer,Home Appliances,Refrigerator,5,46778.26,15,Credit Card,Online,Delivered,2024-12-24
ORD03601,2025-06-16,CUST1030,Chennai,South,Consumer,Fashion,Jeans,1,3316.44,15,UPI,Online,Delivered,2025-04-12
ORD03602,2025-08-13,CUST1064,Hyderabad,South,Consumer,Fashion,Jacket,2,3943.25,15,Credit Card,Online,Delivered,2024-12-30
ORD03603,2026-07-31,CUST1096,Ahmedabad,West,Consumer,Fashion,Jacket,1,3841.47,10,Debit Card,Online,Delivered,2023-04-09
ORD03604,2026-08-04,CUST0112,Kolkata,East,Consumer,Fashion,Jacket,3,2503.5,20,UPI,Online,Returned,2024-12-17
ORD03605,2025-01-09,CUST0667,Ahmedabad,West,Consumer,Fashion,Shoes,1,5822.15,15,Credit Card,Online,Delivered,2023-01-27
ORD03606,2025-08-24,CUST0885,Delhi,North,Corporate,Electronics,Laptop,5,96301.83,15,Credit Card,Retail Store,Cancelled,2024-12-20
ORD03607,2025-01-28,CUST0900,Hyderabad,South,Consumer,Home Appliances,Mixer,1,6759.34,20,Cash on Delivery,Retail Store,Returned,2023-02-28
ORD03608,2025-01-27,CUST0742,Bengaluru,South,Corporate,Electronics,Headphones,3,2225.28,20,UPI,Marketplace,Delivered,2023-07-28
ORD03609,2026-07-04,CUST0191,Hyderabad,South,Consumer,Beauty,Hair Dryer,4,5001.92,15,Debit Card,Retail Store,Returned,2025-01-18
ORD03610,2025-07-15,CUST0948,Mumbai,West,Small Business,Fashion,Dress,1,5597.48,5,Cash on Delivery,Online,Delivered,2023-01-05
ORD03611,2025-07-22,CUST0863,Coimbatore,South,Consumer,Electronics,Headphones,1,8744.04,15,Credit Card,Retail Store,Delivered,2023-05-15
ORD03612,2025-03-26,CUST0105,Coimbatore,South,Corporate,Beauty,Makeup Kit,3,5268.71,15,UPI,Online,Returned,2024-10-18
ORD03613,2025-01-30,CUST0566,Hyderabad,South,Consumer,Home Appliances,Mixer,2,7577.48,15,UPI,Online,Delivered,2023-07-17
ORD03614,2026-04-11,CUST0201,Delhi,North,Consumer,Furniture,Dining Table,1,52870.91,20,UPI,Retail Store,Delivered,2024-05-22
ORD03615,2025-04-09,CUST0419,Kolkata,East,Consumer,Electronics,Smartphone,1,37461.72,20,Net Banking,Retail Store,Delivered,2023-06-02
ORD03616,2025-07-09,CUST0026,Chennai,South,Consumer,Home Appliances,Microwave,2,16146.91,5,Credit Card,Marketplace,Delivered,2024-07-16
ORD03617,2025-01-12,CUST0496,Hyderabad,South,Small Business,Beauty,Skincare Kit,3,2524.29,10,Cash on Delivery,Online,Delivered,2023-12-31
ORD03618,2026-08-26,CUST0672,Kolkata,East,Small Business,Electronics,Headphones,1,5141.71,15,Net Banking,Retail Store,Cancelled,2023-08-03
ORD03619,2025-01-30,CUST0755,Ahmedabad,West,Small Business,Home Appliances,Microwave,2,10853.21,10,Cash on Delivery,Marketplace,Delivered,2024-07-18
ORD03620,2025-02-07,CUST0803,Hyderabad,South,Consumer,Electronics,Headphones,1,3940.24,0,Net Banking,Marketplace,Delivered,2024-08-06
ORD03621,2026-07-26,CUST0992,Mumbai,West,Consumer,Electronics,Tablet,2,24034.39,10,Credit Card,Marketplace,Delivered,2024-07-06
ORD03622,2025-10-21,CUST0237,Kochi,South,Consumer,Furniture,Sofa,3,34986.87,0,Credit Card,Online,Returned,2023-11-25
ORD03623,2025-12-26,CUST0135,Delhi,North,Corporate,Fashion,T-Shirt,4,2248.91,0,UPI,Retail Store,Delivered,2024-10-02
ORD03624,2025-06-29,CUST1014,Hyderabad,South,Corporate,Home Appliances,Mixer,1,5375.31,15,UPI,Marketplace,Delivered,2023-12-02
ORD03625,2025-04-22,CUST0179,Kochi,South,Corporate,Furniture,Sofa,1,67872.54,5,UPI,Online,Cancelled,2025-04-27
ORD03626,2026-03-20,CUST1169,Delhi,North,Consumer,Fashion,Jacket,2,5768.81,20,Credit Card,Online,Delivered,2024-08-16
ORD03627,2025-01-21,CUST1001,Mumbai,West,Corporate,Home Appliances,Air Conditioner,1,40599.03,10,Debit Card,Retail Store,Delivered,2025-04-07
ORD03628,2025-05-25,CUST0619,Kochi,South,Consumer,Fashion,Jacket,3,2141.02,25,Net Banking,Retail Store,Delivered,2024-08-11
ORD03629,2026-05-14,CUST1173,Chennai,South,Small Business,Furniture,Dining Table,5,52129.34,10,Credit Card,Online,Delivered,2023-04-07
ORD03630,2025-05-26,CUST0112,Kochi,South,Consumer,Electronics,Smartwatch,1,19302.73,15,Net Banking,Retail Store,Delivered,2024-12-17
ORD03631,2026-03-17,CUST0369,Mumbai,West,Consumer,Home Appliances,Mixer,2,3279.23,20,Credit Card,Retail Store,Delivered,2025-04-03
ORD03632,2026-02-25,CUST0772,Hyderabad,South,Consumer,Fashion,Shoes,1,2588.33,5,UPI,Marketplace,Delivered,2023-08-11
ORD03633,2025-11-12,CUST0438,Chennai,South,Consumer,Electronics,Smartwatch,1,20072.15,10,Net Banking,Online,Delivered,2024-09-28
ORD03634,2025-06-15,CUST1108,Mumbai,West,Consumer,Beauty,Face Serum,1,2455.14,5,Net Banking,Marketplace,Delivered,2023-08-06
ORD03635,2025-07-22,CUST0082,Kochi,South,Consumer,Home Appliances,Washing Machine,2,27209.89,10,Debit Card,Online,Delivered,2025-05-11
ORD03636,2026-05-11,CUST0672,Coimbatore,South,Corporate,Fashion,Dress,3,3302.65,5,Credit Card,Online,Delivered,2023-08-03
ORD03637,2026-09-17,CUST0725,Coimbatore,South,Small Business,Fashion,Jeans,1,3854.56,10,Cash on Delivery,Retail Store,Delivered,2024-09-18
ORD03638,2026-04-13,CUST0794,Delhi,North,Consumer,Home Appliances,Mixer,1,9194.27,5,UPI,Marketplace,Delivered,2023-04-10
ORD03639,2026-01-20,CUST0287,Coimbatore,South,Consumer,Beauty,Skincare Kit,3,890.6,20,UPI,Marketplace,Delivered,2023-04-10
ORD03640,2025-11-10,CUST0460,Kolkata,East,Consumer,Furniture,Sofa,1,44045.9,10,Credit Card,Online,Delivered,2023-07-06
ORD03641,2025-09-12,CUST1002,Mumbai,West,Small Business,Electronics,Tablet,2,21317.34,0,Debit Card,Online,Delivered,2023-11-20
ORD03642,2025-01-23,CUST0223,Chennai,South,Small Business,Fashion,T-Shirt,1,2172.49,10,Credit Card,Online,Delivered,2023-11-14
ORD03643,2025-12-05,CUST0975,Chennai,South,Small Business,Furniture,Sofa,1,62993.65,10,UPI,Marketplace,Returned,2024-03-16
ORD03644,2026-05-08,CUST0694,Kolkata,East,Small Business,Furniture,Dining Table,1,18376.28,5,UPI,Retail Store,Delivered,2025-04-14
ORD03645,2026-05-26,CUST0906,Delhi,North,Consumer,Electronics,Laptop,3,52446.6,15,Credit Card,Retail Store,Delivered,2024-07-20
ORD03646,2026-01-01,CUST0853,Delhi,North,Consumer,Furniture,Sofa,1,67315.18,5,Debit Card,Retail Store,Delivered,2023-11-16
ORD03647,2026-01-07,CUST0231,Mumbai,West,Consumer,Electronics,Smartphone,1,54082.55,15,UPI,Online,Delivered,2023-04-18
ORD03648,2026-08-22,CUST0700,Kochi,South,Consumer,Furniture,Office Chair,1,22231.35,15,Debit Card,Online,Delivered,2025-04-02
ORD03649,2025-08-07,CUST1032,Mumbai,West,Small Business,Fashion,Shoes,2,3274.62,15,UPI,Online,Returned,2023-10-04
ORD03650,2026-04-20,CUST0527,Pune,West,Small Business,Fashion,T-Shirt,3,677.17,5,Credit Card,Online,Delivered,2023-03-09
ORD03651,2026-02-27,CUST1155,Kolkata,East,Consumer,Fashion,Jeans,3,4069.33,15,UPI,Retail Store,Delivered,2025-02-14
ORD03652,2025-12-22,CUST0552,Coimbatore,South,Consumer,Fashion,Jacket,3,6560.04,10,Debit Card,Online,Delivered,2024-07-18
ORD03653,2026-04-05,CUST0166,Kolkata,East,Corporate,Beauty,Face Serum,1,2409.65,15,UPI,Online,Delivered,2024-05-01
ORD03654,2026-05-18,CUST0483,Pune,West,Small Business,Furniture,Bookshelf,1,24386.74,5,UPI,Online,Delivered,2023-08-05
ORD03655,2025-01-27,CUST1137,Mumbai,West,Consumer,Beauty,Skincare Kit,2,993.68,5,Cash on Delivery,Marketplace,Delivered,2025-02-28
ORD03656,2025-08-11,CUST0386,Kolkata,East,Consumer,Electronics,Tablet,4,46560.22,0,UPI,Online,Delivered,2025-01-17
ORD03657,2025-05-28,CUST1033,Kochi,South,Corporate,Furniture,Dining Table,1,16437.15,20,UPI,Online,Delivered,2024-10-31
ORD03658,2026-02-28,CUST1044,Mumbai,West,Consumer,Electronics,Tablet,1,16087.58,25,UPI,Retail Store,Delivered,2024-01-31
ORD03659,2025-12-17,CUST0438,Mumbai,West,Corporate,Fashion,Shoes,1,6029.23,5,UPI,Marketplace,Delivered,2024-09-28
ORD03660,2025-07-05,CUST0103,Ahmedabad,West,Consumer,Electronics,Laptop,3,58367.17,0,UPI,Marketplace,Delivered,2025-05-17
ORD03661,2026-02-19,CUST0868,Hyderabad,South,Corporate,Home Appliances,Mixer,2,5765.66,0,Net Banking,Marketplace,Delivered,2024-06-03
ORD03662,2026-03-05,CUST0374,Ahmedabad,West,Consumer,Home Appliances,Microwave,2,15782.85,20,UPI,Marketplace,Delivered,2023-10-06
ORD03663,2025-02-10,CUST0933,Ahmedabad,West,Consumer,Electronics,Headphones,2,7842.07,15,Debit Card,Marketplace,Delivered,2024-06-17
ORD03664,2026-01-28,CUST0542,Bengaluru,South,Corporate,Furniture,Bookshelf,2,7625.72,0,Credit Card,Online,Delivered,2023-07-06
ORD03665,2025-03-20,CUST0604,Bengaluru,South,Consumer,Furniture,Office Chair,1,11126.06,10,Debit Card,Online,Delivered,2024-09-21
ORD03666,2026-06-28,CUST0928,Kolkata,East,Consumer,Fashion,T-Shirt,1,2491.93,25,UPI,Online,Delivered,2023-11-23
ORD03667,2026-03-26,CUST0479,Bengaluru,South,Consumer,Beauty,Makeup Kit,2,3461.71,25,UPI,Marketplace,Delivered,2023-06-24
ORD03668,2026-04-19,CUST0542,Delhi,North,Consumer,Home Appliances,Washing Machine,4,28140.67,15,UPI,Retail Store,Delivered,2023-07-06
ORD03669,2025-05-22,CUST0471,Kochi,South,Corporate,Electronics,Laptop,1,89821.37,10,UPI,Marketplace,Returned,2023-01-25
ORD03670,2025-09-08,CUST0462,Chennai,South,Small Business,Electronics,Smartwatch,3,22941.07,10,UPI,Online,Delivered,2023-02-17
ORD03671,2025-10-21,CUST0649,Ahmedabad,West,Corporate,Beauty,Face Serum,2,2980.55,5,UPI,Marketplace,Delivered,2024-06-09
ORD03672,2026-09-02,CUST0962,Mumbai,West,Consumer,Electronics,Smartphone,1,45891.86,5,Debit Card,Retail Store,Delivered,2024-06-26
ORD03673,2025-05-16,CUST0458,Chennai,South,Corporate,Electronics,Laptop,1,47025.26,10,Credit Card,Online,Delivered,2025-02-24
ORD03674,2026-04-29,CUST0649,Kochi,South,Consumer,Home Appliances,Mixer,1,7099.96,25,Net Banking,Retail Store,Delivered,2024-06-09
ORD03675,2025-11-08,CUST0812,Kochi,South,Consumer,Home Appliances,Microwave,5,11366.88,5,Credit Card,Marketplace,Delivered,2023-07-09
ORD03676,2026-07-09,CUST0314,Delhi,North,Consumer,Home Appliances,Refrigerator,1,42552.23,15,UPI,Online,Delivered,2024-10-27
ORD03677,2026-09-24,CUST0327,Hyderabad,South,Corporate,Beauty,Face Serum,3,3020.01,15,Credit Card,Online,Delivered,2024-09-05
ORD03678,2025-02-15,CUST1117,Delhi,North,Consumer,Beauty,Skincare Kit,1,4369.13,0,Debit Card,Online,Delivered,2024-03-28
ORD03679,2025-08-24,CUST0867,Pune,West,Consumer,Beauty,Hair Dryer,3,2781.91,20,UPI,Retail Store,Delivered,2023-10-10
ORD03680,2025-02-17,CUST0707,Mumbai,West,Consumer,Fashion,Jacket,2,3725.09,20,Net Banking,Retail Store,Delivered,2025-02-28
ORD03681,2025-07-17,CUST0789,Bengaluru,South,Consumer,Beauty,Face Serum,3,1835.73,20,Net Banking,Retail Store,Delivered,2025-03-20
ORD03682,2025-03-25,CUST0039,Delhi,North,Small Business,Beauty,Face Serum,1,2753.91,15,UPI,Marketplace,Delivered,2024-11-20
ORD03683,2026-06-27,CUST0755,Coimbatore,South,Consumer,Home Appliances,Washing Machine,4,50109.79,20,Cash on Delivery,Marketplace,Delivered,2024-07-18
ORD03684,2025-06-10,CUST0626,Pune,West,Consumer,Beauty,Face Serum,2,2480.33,15,Net Banking,Marketplace,Delivered,2025-02-24
ORD03685,2026-03-04,CUST0669,Kolkata,East,Consumer,Furniture,Bookshelf,2,6695.79,5,Cash on Delivery,Marketplace,Delivered,2023-03-08
ORD03686,2025-03-12,CUST0455,Bengaluru,South,Consumer,Electronics,Smartwatch,1,10608.77,10,UPI,Online,Delivered,2023-10-31
ORD03687,2026-06-04,CUST0100,Coimbatore,South,Consumer,Furniture,Bed,2,58291.57,10,UPI,Marketplace,Delivered,2024-08-31
ORD03688,2025-02-21,CUST0221,Pune,West,Small Business,Electronics,Smartwatch,3,12298.49,20,Debit Card,Online,Delivered,2023-12-30
ORD03689,2025-02-14,CUST1135,Mumbai,West,Small Business,Home Appliances,Washing Machine,3,54661.9,10,Debit Card,Marketplace,Delivered,2024-01-13
ORD03690,2025-10-20,CUST0504,Kolkata,East,Corporate,Fashion,Shoes,1,8431.67,15,UPI,Online,Delivered,2024-04-25
ORD03691,2026-04-10,CUST0568,Kochi,South,Consumer,Home Appliances,Air Conditioner,3,55874.61,10,Debit Card,Online,Cancelled,2023-03-25
ORD03692,2026-07-04,CUST0063,Delhi,North,Consumer,Fashion,T-Shirt,1,536.59,0,Credit Card,Online,Delivered,2023-08-24
ORD03693,2026-01-15,CUST0050,Delhi,North,Small Business,Fashion,Shoes,5,4604.84,10,Credit Card,Marketplace,Delivered,2023-12-17
ORD03694,2026-04-23,CUST0857,Kochi,South,Consumer,Electronics,Smartwatch,2,16597.9,15,Debit Card,Retail Store,Delivered,2025-04-20
ORD03695,2025-09-19,CUST0659,Ahmedabad,West,Consumer,Fashion,Dress,4,4661.9,5,Net Banking,Online,Delivered,2023-06-10
ORD03696,2026-08-03,CUST0626,Coimbatore,South,Small Business,Fashion,Shoes,2,8802.56,5,UPI,Marketplace,Delivered,2025-02-24
ORD03697,2025-06-28,CUST0264,Kochi,South,Consumer,Fashion,Jeans,1,2316.29,15,UPI,Online,Delivered,2024-07-28
ORD03698,2025-12-23,CUST0889,Kolkata,East,Consumer,Electronics,Headphones,1,5661.86,0,Credit Card,Retail Store,Delivered,2025-03-16
ORD03699,2026-02-23,CUST0197,Ahmedabad,West,Consumer,Fashion,Jacket,1,6630.32,5,Credit Card,Online,Delivered,2024-08-14
ORD03700,2025-07-20,CUST0218,Coimbatore,South,Consumer,Fashion,T-Shirt,1,1531.79,20,Credit Card,Marketplace,Delivered,2025-06-03
ORD03701,2025-01-13,CUST0564,Delhi,North,Small Business,Beauty,Makeup Kit,1,3541.71,15,Debit Card,Online,Delivered,2023-05-25
ORD03702,2026-03-19,CUST0343,Pune,West,Corporate,Fashion,Jeans,1,2098.7,15,Net Banking,Retail Store,Delivered,2024-10-01
ORD03703,2025-10-13,CUST0271,Kolkata,East,Consumer,Electronics,Smartwatch,1,15589.55,5,UPI,Marketplace,Returned,2023-03-11
ORD03704,2025-09-15,CUST0783,Kochi,South,Consumer,Electronics,Smartphone,3,45063.88,10,Debit Card,Online,Delivered,2024-03-19
ORD03705,2026-07-24,CUST0791,Bengaluru,South,Small Business,Furniture,Office Chair,2,6238.41,20,UPI,Online,Delivered,2024-12-24
ORD03706,2026-07-02,CUST0973,Mumbai,West,Consumer,Home Appliances,Mixer,3,5223.86,5,Credit Card,Online,Delivered,2024-11-17
ORD03707,2026-05-05,CUST0512,Ahmedabad,West,Consumer,Home Appliances,Refrigerator,1,67943.45,20,UPI,Retail Store,Returned,2024-11-29
ORD03708,2026-05-13,CUST0089,Chennai,South,Consumer,Electronics,Laptop,1,99780.91,10,Credit Card,Online,Delivered,2023-11-26
ORD03709,2025-11-29,CUST0316,Mumbai,West,Consumer,Furniture,Dining Table,2,51233.38,20,Net Banking,Online,Delivered,2024-06-02
ORD03710,2026-07-16,CUST1173,Kochi,South,Consumer,Fashion,Jeans,3,4587.13,15,Cash on Delivery,Retail Store,Delivered,2023-04-07
ORD03711,2025-02-01,CUST0738,Chennai,South,Consumer,Electronics,Tablet,2,21000.93,15,UPI,Retail Store,Delivered,2025-04-24
ORD03712,2026-09-02,CUST0848,Ahmedabad,West,Consumer,Fashion,Jacket,1,5245.04,0,Credit Card,Online,Delivered,2024-03-24
ORD03713,2025-02-12,CUST0016,Delhi,North,Corporate,Fashion,T-Shirt,4,1271.85,10,Credit Card,Marketplace,Cancelled,2025-04-07
ORD03714,2025-12-17,CUST0637,Mumbai,West,Corporate,Fashion,Dress,2,2418.7,5,Debit Card,Marketplace,Delivered,2024-02-02
ORD03715,2025-11-30,CUST0050,Kolkata,East,Consumer,Furniture,Bookshelf,3,10100.16,5,Cash on Delivery,Marketplace,Returned,2023-12-17
ORD03716,2026-07-13,CUST0700,Bengaluru,South,Consumer,Electronics,Headphones,1,7545.14,10,UPI,Marketplace,Delivered,2025-04-02
ORD03717,2025-09-27,CUST1098,Pune,West,Small Business,Furniture,Office Chair,2,15819.32,5,Credit Card,Online,Delivered,2024-05-05
ORD03718,2026-02-17,CUST1157,Bengaluru,South,Consumer,Home Appliances,Air Conditioner,1,51943.89,20,UPI,Online,Delivered,2024-05-28
ORD03719,2026-07-29,CUST0661,Pune,West,Consumer,Electronics,Tablet,3,18114.02,10,Credit Card,Online,Delivered,2025-06-15
ORD03720,2025-01-19,CUST0562,Coimbatore,South,Consumer,Beauty,Perfume,1,6127.49,15,Credit Card,Online,Delivered,2023-06-28
ORD03721,2025-12-13,CUST1126,Delhi,North,Consumer,Electronics,Headphones,1,12364.7,10,UPI,Retail Store,Delivered,2024-03-03
ORD03722,2026-09-05,CUST0818,Kolkata,East,Consumer,Electronics,Smartwatch,4,10949.96,10,Cash on Delivery,Online,Delivered,2025-04-09
ORD03723,2025-02-06,CUST0081,Delhi,North,Small Business,Electronics,Smartwatch,1,10318.84,20,Credit Card,Retail Store,Delivered,2023-10-10
ORD03724,2026-09-11,CUST0567,Ahmedabad,West,Corporate,Fashion,Shoes,1,4167.49,0,Debit Card,Online,Delivered,2025-04-16
ORD03725,2025-04-02,CUST0260,Delhi,North,Corporate,Beauty,Face Serum,2,2692.01,20,Net Banking,Marketplace,Delivered,2024-11-16
ORD03726,2025-07-04,CUST0569,Mumbai,West,Small Business,Home Appliances,Refrigerator,2,57136.53,5,Credit Card,Retail Store,Cancelled,2024-10-30
ORD03727,2025-01-28,CUST0560,Mumbai,West,Consumer,Fashion,Shoes,1,1573.45,5,UPI,Online,Delivered,2024-06-20
ORD03728,2026-07-02,CUST0710,Mumbai,West,Consumer,Furniture,Office Chair,1,9788.42,10,UPI,Marketplace,Delivered,2024-02-23
ORD03729,2026-01-07,CUST0449,Bengaluru,South,Consumer,Fashion,T-Shirt,2,588.56,0,UPI,Online,Delivered,2025-03-24
ORD03730,2026-06-14,CUST0187,Delhi,North,Consumer,Fashion,T-Shirt,1,2311.25,0,Cash on Delivery,Online,Delivered,2023-12-31
ORD03731,2025-12-11,CUST0621,Ahmedabad,West,Consumer,Home Appliances,Microwave,1,8326.13,0,UPI,Marketplace,Delivered,2024-05-27
ORD03732,2026-02-23,CUST0979,Hyderabad,South,Consumer,Fashion,Jeans,2,4288.37,20,Credit Card,Online,Delivered,2023-12-11
ORD03733,2025-07-15,CUST0805,Bengaluru,South,Small Business,Fashion,Jeans,2,4435.51,10,Debit Card,Online,Delivered,2025-03-24
ORD03734,2025-03-19,CUST0420,Coimbatore,South,Consumer,Electronics,Tablet,1,30984.27,0,Credit Card,Online,Delivered,2025-04-02
ORD03735,2025-06-16,CUST1121,Ahmedabad,West,Consumer,Home Appliances,Air Conditioner,2,42714.29,15,UPI,Retail Store,Delivered,2024-02-18
ORD03736,2025-03-31,CUST1089,Ahmedabad,West,Consumer,Fashion,Jeans,3,4254.77,15,Cash on Delivery,Online,Delivered,2023-07-11
ORD03737,2025-09-21,CUST0232,Kolkata,East,Corporate,Home Appliances,Mixer,1,4644.42,10,UPI,Online,Delivered,2025-03-11
ORD03738,2026-04-17,CUST0050,Delhi,North,Consumer,Beauty,Hair Dryer,2,5831.37,5,UPI,Online,Delivered,2023-12-17
ORD03739,2025-07-27,CUST0888,Bengaluru,South,Small Business,Fashion,Jacket,3,2731.52,25,UPI,Marketplace,Delivered,2023-09-01
ORD03740,2025-09-28,CUST0975,Pune,West,Corporate,Beauty,Face Serum,3,1631.88,10,UPI,Online,Delivered,2024-03-16
ORD03741,2025-09-20,CUST1156,Bengaluru,South,Consumer,Furniture,Bookshelf,3,4407.4,20,UPI,Retail Store,Delivered,2024-02-09
ORD03742,2026-05-21,CUST1060,Kochi,South,Consumer,Home Appliances,Air Conditioner,2,40221.47,25,Debit Card,Online,Delivered,2024-03-31
ORD03743,2026-05-27,CUST0740,Pune,West,Consumer,Home Appliances,Microwave,1,24717.57,10,UPI,Retail Store,Delivered,2023-07-01
ORD03744,2026-07-30,CUST0651,Mumbai,West,Consumer,Electronics,Smartwatch,1,3496.48,10,Credit Card,Online,Delivered,2023-03-07
ORD03745,2026-06-08,CUST0038,Pune,West,Small Business,Furniture,Dining Table,1,16185.07,15,UPI,Retail Store,Delivered,2023-05-25
ORD03746,2025-11-08,CUST0270,Kolkata,East,Consumer,Electronics,Laptop,1,61840.36,20,Credit Card,Online,Returned,2024-01-07
ORD03747,2025-06-23,CUST0564,Bengaluru,South,Consumer,Electronics,Laptop,1,86340.9,5,Debit Card,Marketplace,Delivered,2023-05-25
ORD03748,2026-03-07,CUST0766,Coimbatore,South,Consumer,Furniture,Sofa,1,72714.34,5,UPI,Retail Store,Delivered,2023-01-25
ORD03749,2026-04-08,CUST0685,Kolkata,East,Consumer,Furniture,Bookshelf,1,20650.18,15,UPI,Online,Delivered,2024-05-10
ORD03750,2025-04-11,CUST0889,Pune,West,Consumer,Home Appliances,Washing Machine,1,34954.07,20,Credit Card,Online,Delivered,2025-03-16
ORD03751,2025-01-16,CUST0331,Coimbatore,South,Consumer,Electronics,Headphones,2,7024.64,5,Cash on Delivery,Online,Delivered,2024-11-18
ORD03752,2025-09-15,CUST0699,Kochi,South,Consumer,Electronics,Laptop,1,45958.4,5,UPI,Retail Store,Delivered,2025-03-24
ORD03753,2025-09-01,CUST0108,Pune,West,Small Business,Home Appliances,Microwave,1,19209.88,20,UPI,Online,Cancelled,2023-06-11
ORD03754,2025-12-14,CUST0509,Bengaluru,South,Consumer,Home Appliances,Mixer,1,9946.54,0,Credit Card,Retail Store,Delivered,2023-04-13
ORD03755,2025-09-06,CUST0889,Coimbatore,South,Consumer,Furniture,Office Chair,3,16730.59,10,Net Banking,Marketplace,Delivered,2025-03-16
ORD03756,2025-04-15,CUST0837,Hyderabad,South,Small Business,Fashion,Shoes,1,8635.9,15,Cash on Delivery,Marketplace,Delivered,2023-10-28
ORD03757,2025-10-14,CUST1191,Coimbatore,South,Consumer,Home Appliances,Mixer,1,7829.39,5,Credit Card,Online,Delivered,2024-09-24
ORD03758,2025-06-18,CUST0328,Chennai,South,Consumer,Electronics,Smartwatch,1,23680.44,25,UPI,Online,Delivered,2023-12-01
ORD03759,2026-02-24,CUST0616,Chennai,South,Corporate,Beauty,Face Serum,4,3705.6,20,Debit Card,Marketplace,Delivered,2023-09-01
ORD03760,2025-02-16,CUST0404,Coimbatore,South,Corporate,Home Appliances,Microwave,1,14956.89,15,Credit Card,Marketplace,Delivered,2024-04-15
ORD03761,2025-02-12,CUST0539,Delhi,North,Consumer,Beauty,Perfume,3,2676.24,20,UPI,Marketplace,Delivered,2024-08-21
ORD03762,2025-11-17,CUST1022,Kolkata,East,Small Business,Electronics,Laptop,1,69482.44,0,UPI,Online,Delivered,2024-05-25
ORD03763,2025-08-09,CUST0832,Coimbatore,South,Consumer,Beauty,Perfume,2,2199.95,15,Credit Card,Marketplace,Delivered,2024-09-26
ORD03764,2026-05-28,CUST1048,Chennai,South,Small Business,Home Appliances,Refrigerator,1,43764.25,10,Credit Card,Online,Delivered,2024-08-08
ORD03765,2026-03-17,CUST0230,Delhi,North,Consumer,Electronics,Smartphone,1,16357.75,5,Debit Card,Online,Delivered,2024-10-25
ORD03766,2025-05-24,CUST1037,Hyderabad,South,Consumer,Electronics,Headphones,1,1701.61,5,Debit Card,Online,Delivered,2024-11-24
ORD03767,2025-01-28,CUST0071,Kochi,South,Consumer,Electronics,Tablet,1,43997.25,10,Debit Card,Marketplace,Cancelled,2025-03-04
ORD03768,2026-07-07,CUST1055,Mumbai,West,Consumer,Fashion,Jeans,2,1230.26,5,Credit Card,Online,Delivered,2023-11-17
ORD03769,2025-06-16,CUST0404,Hyderabad,South,Consumer,Fashion,Shoes,1,9064.46,5,Credit Card,Online,Delivered,2024-04-15
ORD03770,2026-09-27,CUST0376,Kochi,South,Consumer,Furniture,Dining Table,5,23584.73,20,UPI,Online,Delivered,2024-09-01
ORD03771,2026-08-09,CUST0632,Hyderabad,South,Consumer,Beauty,Makeup Kit,1,5223.97,20,Credit Card,Online,Delivered,2024-02-11
ORD03772,2025-09-06,CUST1121,Kochi,South,Consumer,Electronics,Tablet,1,32629.5,25,Net Banking,Retail Store,Delivered,2024-02-18
ORD03773,2025-12-23,CUST0057,Chennai,South,Corporate,Electronics,Tablet,1,34588.56,15,Credit Card,Retail Store,Delivered,2024-01-13
ORD03774,2025-04-21,CUST0439,Delhi,North,Consumer,Electronics,Headphones,1,2343.63,5,Net Banking,Online,Delivered,2024-11-14
ORD03775,2025-08-22,CUST1022,Kochi,South,Consumer,Beauty,Hair Dryer,1,5238.75,20,Credit Card,Marketplace,Delivered,2024-05-25
ORD03776,2025-01-24,CUST0489,Ahmedabad,West,Consumer,Fashion,Jeans,1,4003.93,5,UPI,Marketplace,Delivered,2024-09-29
ORD03777,2025-01-26,CUST0226,Bengaluru,South,Small Business,Furniture,Dining Table,2,23676.27,20,UPI,Retail Store,Returned,2023-10-03
ORD03778,2026-01-16,CUST0521,Coimbatore,South,Small Business,Home Appliances,Microwave,2,21346.5,5,Net Banking,Marketplace,Cancelled,2024-03-02
ORD03779,2025-12-12,CUST0482,Kochi,South,Consumer,Beauty,Makeup Kit,4,4203.83,10,UPI,Online,Delivered,2023-02-04
ORD03780,2026-01-13,CUST1092,Kolkata,East,Consumer,Fashion,Dress,2,6545.2,10,Cash on Delivery,Online,Returned,2023-07-04
ORD03781,2026-06-06,CUST0906,Ahmedabad,West,Small Business,Fashion,T-Shirt,2,1349.38,10,Debit Card,Retail Store,Delivered,2024-07-20
ORD03782,2025-01-17,CUST0622,Chennai,South,Consumer,Home Appliances,Air Conditioner,1,35520.32,10,Cash on Delivery,Marketplace,Delivered,2024-02-10
ORD03783,2025-09-02,CUST1188,Ahmedabad,West,Consumer,Furniture,Dining Table,5,34132.88,10,Debit Card,Online,Delivered,2023-01-19
ORD03784,2026-09-16,CUST0567,Chennai,South,Consumer,Electronics,Headphones,1,6624.82,5,UPI,Online,Cancelled,2025-04-16
ORD03785,2026-06-23,CUST0069,Mumbai,West,Corporate,Beauty,Perfume,2,2096.35,10,UPI,Retail Store,Cancelled,2023-11-28
ORD03786,2026-08-06,CUST0303,Ahmedabad,West,Corporate,Fashion,Jacket,1,4023.91,15,Net Banking,Retail Store,Cancelled,2023-08-26
ORD03787,2025-07-21,CUST0533,Mumbai,West,Consumer,Furniture,Dining Table,3,39212.03,15,Credit Card,Retail Store,Delivered,2025-03-09
ORD03788,2025-09-05,CUST0179,Coimbatore,South,Consumer,Electronics,Headphones,3,12691.38,5,Credit Card,Online,Delivered,2025-04-27
ORD03789,2025-04-28,CUST1127,Pune,West,Consumer,Fashion,Dress,3,2809.09,20,UPI,Online,Delivered,2025-05-15
ORD03790,2025-01-09,CUST0911,Pune,West,Small Business,Electronics,Smartwatch,1,6092.6,20,Debit Card,Retail Store,Delivered,2024-05-24
ORD03791,2026-08-21,CUST0312,Pune,West,Consumer,Electronics,Laptop,2,77939.77,0,Net Banking,Marketplace,Delivered,2024-11-09
ORD03792,2025-01-23,CUST0725,Pune,West,Corporate,Electronics,Headphones,1,12013.85,0,Debit Card,Online,Delivered,2024-09-18
ORD03793,2025-08-28,CUST0865,Chennai,South,Corporate,Furniture,Dining Table,1,38893.34,25,UPI,Online,Delivered,2023-04-21
ORD03794,2026-08-08,CUST1121,Pune,West,Consumer,Furniture,Bookshelf,1,17835.64,15,Cash on Delivery,Online,Delivered,2024-02-18
ORD03795,2025-01-27,CUST1045,Hyderabad,South,Consumer,Electronics,Tablet,3,49438.56,10,UPI,Online,Delivered,2023-07-28
ORD03796,2025-03-22,CUST0633,Bengaluru,South,Corporate,Fashion,Jeans,1,1030.23,5,Credit Card,Online,Delivered,2023-04-17
ORD03797,2026-08-19,CUST0920,Hyderabad,South,Consumer,Fashion,Dress,3,3309.12,10,Credit Card,Online,Delivered,2023-05-09
ORD03798,2025-07-18,CUST0693,Mumbai,West,Consumer,Home Appliances,Washing Machine,3,25215.93,5,UPI,Retail Store,Delivered,2025-02-24
ORD03799,2026-07-09,CUST0675,Kochi,South,Consumer,Beauty,Face Serum,3,1142.7,5,Net Banking,Online,Delivered,2023-10-17
ORD03800,2025-04-02,CUST0128,Bengaluru,South,Consumer,Furniture,Dining Table,1,36904.44,5,UPI,Retail Store,Delivered,2025-02-24
ORD03801,2025-03-25,CUST0142,Coimbatore,South,Consumer,Beauty,Makeup Kit,2,4478.1,10,UPI,Online,Cancelled,2024-04-13
ORD03802,2025-10-27,CUST0651,Bengaluru,South,Corporate,Furniture,Dining Table,2,41046.0,15,Credit Card,Marketplace,Delivered,2023-03-07
ORD03803,2025-10-23,CUST0312,Chennai,South,Small Business,Furniture,Bed,1,47274.66,10,Credit Card,Marketplace,Delivered,2024-11-09
ORD03804,2026-03-30,CUST0026,Kochi,South,Consumer,Furniture,Bookshelf,1,13090.09,5,Debit Card,Online,Delivered,2024-07-16
ORD03805,2025-10-08,CUST0867,Ahmedabad,West,Consumer,Fashion,Jeans,1,3888.56,10,Cash on Delivery,Online,Delivered,2023-10-10
ORD03806,2025-02-28,CUST0042,Chennai,South,Consumer,Furniture,Sofa,4,19627.05,10,UPI,Online,Delivered,2023-07-06
ORD03807,2025-12-08,CUST0734,Delhi,North,Small Business,Electronics,Smartwatch,2,20098.52,0,UPI,Retail Store,Delivered,2025-04-09
ORD03808,2026-04-10,CUST0661,Hyderabad,South,Consumer,Home Appliances,Mixer,3,4113.95,10,Debit Card,Online,Delivered,2025-06-15
ORD03809,2025-12-08,CUST1158,Pune,West,Consumer,Beauty,Makeup Kit,4,1620.03,0,UPI,Marketplace,Delivered,2023-10-05
ORD03810,2026-09-02,CUST0603,Ahmedabad,West,Consumer,Electronics,Headphones,1,8451.7,10,Debit Card,Online,Delivered,2023-06-05
ORD03811,2025-03-03,CUST0080,Delhi,North,Corporate,Home Appliances,Air Conditioner,1,39182.02,5,Debit Card,Online,Delivered,2024-05-05
ORD03812,2026-09-17,CUST0673,Kochi,South,Small Business,Fashion,Shoes,1,8106.18,10,UPI,Retail Store,Cancelled,2023-07-13
ORD03813,2026-03-05,CUST1001,Coimbatore,South,Consumer,Beauty,Skincare Kit,1,2299.26,10,Cash on Delivery,Online,Delivered,2025-04-07
ORD03814,2025-09-13,CUST1200,Delhi,North,Consumer,Home Appliances,Washing Machine,1,40945.6,15,Credit Card,Online,Delivered,2024-11-02
ORD03815,2025-12-13,CUST0526,Hyderabad,South,Consumer,Fashion,Shoes,2,3953.12,10,UPI,Online,Delivered,2024-05-29
ORD03816,2026-06-10,CUST0386,Mumbai,West,Small Business,Fashion,T-Shirt,4,1249.34,10,Net Banking,Online,Delivered,2025-01-17
ORD03817,2025-10-31,CUST1080,Kolkata,East,Corporate,Furniture,Bookshelf,3,22052.55,0,Net Banking,Online,Delivered,2025-06-16
ORD03818,2026-09-07,CUST0221,Coimbatore,South,Consumer,Electronics,Tablet,2,46395.38,5,UPI,Online,Returned,2023-12-30
ORD03819,2025-09-02,CUST0755,Kochi,South,Small Business,Home Appliances,Refrigerator,1,53417.43,5,Credit Card,Marketplace,Delivered,2024-07-18
ORD03820,2026-02-16,CUST0498,Mumbai,West,Consumer,Furniture,Bed,1,31487.56,15,Net Banking,Retail Store,Cancelled,2023-07-21
ORD03821,2025-08-05,CUST0053,Chennai,South,Small Business,Fashion,Shoes,4,7105.45,10,Debit Card,Online,Delivered,2023-03-25
ORD03822,2026-05-31,CUST0429,Coimbatore,South,Consumer,Fashion,Shoes,3,6141.71,10,UPI,Online,Delivered,2024-05-05
ORD03823,2026-04-19,CUST0311,Bengaluru,South,Consumer,Electronics,Smartwatch,2,24847.57,5,Credit Card,Marketplace,Delivered,2025-04-21
ORD03824,2025-02-05,CUST0832,Coimbatore,South,Corporate,Electronics,Headphones,2,4943.36,5,UPI,Retail Store,Delivered,2024-09-26
ORD03825,2025-06-27,CUST1132,Delhi,North,Consumer,Fashion,T-Shirt,5,2272.21,5,Net Banking,Retail Store,Delivered,2025-04-15
ORD03826,2026-01-22,CUST0312,Kolkata,East,Consumer,Furniture,Office Chair,1,7950.04,10,UPI,Online,Delivered,2024-11-09
ORD03827,2025-01-17,CUST0966,Pune,West,Consumer,Fashion,Jacket,3,2792.98,20,Debit Card,Marketplace,Delivered,2025-01-24
ORD03828,2025-02-17,CUST0065,Mumbai,West,Small Business,Fashion,Dress,3,4517.55,10,Credit Card,Retail Store,Delivered,2025-04-04
ORD03829,2025-03-03,CUST0659,Delhi,North,Corporate,Furniture,Bed,2,48539.4,5,UPI,Retail Store,Delivered,2023-06-10
ORD03830,2025-03-10,CUST0087,Bengaluru,South,Consumer,Home Appliances,Mixer,2,5710.42,15,UPI,Marketplace,Delivered,2024-03-30
ORD03831,2026-01-01,CUST1118,Kolkata,East,Small Business,Fashion,Jeans,1,2458.76,10,Net Banking,Online,Delivered,2023-06-01
ORD03832,2025-06-11,CUST0911,Hyderabad,South,Consumer,Electronics,Smartwatch,1,4874.94,20,Cash on Delivery,Online,Delivered,2024-05-24
ORD03833,2026-05-03,CUST0797,Delhi,North,Consumer,Furniture,Bed,1,39184.6,5,Credit Card,Marketplace,Delivered,2023-05-30
ORD03834,2026-03-07,CUST0972,Bengaluru,South,Corporate,Beauty,Perfume,2,7124.28,15,UPI,Retail Store,Delivered,2023-05-02
ORD03835,2026-05-04,CUST0788,Ahmedabad,West,Corporate,Furniture,Bed,1,23713.34,10,Net Banking,Online,Returned,2023-12-07
ORD03836,2025-08-18,CUST1158,Kolkata,East,Consumer,Fashion,T-Shirt,1,1596.93,5,Net Banking,Online,Delivered,2023-10-05
ORD03837,2026-01-05,CUST0853,Kochi,South,Small Business,Beauty,Makeup Kit,1,2282.69,10,UPI,Retail Store,Delivered,2023-11-16
ORD03838,2025-06-27,CUST1106,Pune,West,Consumer,Home Appliances,Microwave,1,8310.76,5,Debit Card,Online,Returned,2024-08-01
ORD03839,2026-02-14,CUST0633,Chennai,South,Corporate,Fashion,Shoes,1,6337.42,5,Credit Card,Marketplace,Delivered,2023-04-17
ORD03840,2026-07-22,CUST0130,Delhi,North,Consumer,Electronics,Laptop,1,51970.17,5,Debit Card,Retail Store,Delivered,2024-11-23
ORD03841,2026-08-13,CUST0649,Delhi,North,Small Business,Fashion,Jacket,2,4638.36,20,UPI,Retail Store,Delivered,2024-06-09
ORD03842,2025-09-27,CUST0145,Kolkata,East,Consumer,Fashion,Dress,1,6144.06,20,UPI,Online,Delivered,2023-10-02
ORD03843,2025-07-25,CUST0730,Bengaluru,South,Small Business,Fashion,Shoes,2,2696.85,15,Debit Card,Retail Store,Delivered,2024-10-24
ORD03844,2025-03-23,CUST0597,Bengaluru,South,Small Business,Electronics,Laptop,2,71731.63,15,UPI,Online,Delivered,2023-12-26
ORD03845,2025-07-12,CUST0758,Mumbai,West,Small Business,Furniture,Dining Table,2,30988.97,15,Net Banking,Online,Delivered,2025-02-15
ORD03846,2026-09-10,CUST0018,Hyderabad,South,Corporate,Electronics,Smartphone,1,62404.37,15,Debit Card,Online,Delivered,2024-11-01
ORD03847,2025-07-08,CUST0222,Hyderabad,South,Corporate,Home Appliances,Mixer,1,2913.64,15,Credit Card,Online,Delivered,2023-01-23
ORD03848,2025-10-03,CUST0609,Chennai,South,Consumer,Electronics,Smartphone,2,78483.25,5,UPI,Online,Delivered,2023-07-14
ORD03849,2025-03-15,CUST1135,Pune,West,Consumer,Fashion,Jacket,1,5384.81,20,UPI,Marketplace,Delivered,2024-01-13
ORD03850,2025-01-10,CUST0481,Chennai,South,Consumer,Beauty,Perfume,1,3739.05,5,Credit Card,Retail Store,Delivered,2023-10-01
ORD03851,2026-09-27,CUST0521,Delhi,North,Consumer,Furniture,Bookshelf,1,23429.47,15,Debit Card,Retail Store,Delivered,2024-03-02
ORD03852,2025-08-04,CUST0854,Pune,West,Corporate,Beauty,Perfume,1,7167.67,15,Credit Card,Marketplace,Returned,2023-06-26
ORD03853,2025-10-17,CUST0742,Ahmedabad,West,Corporate,Electronics,Laptop,1,57677.56,0,Debit Card,Online,Delivered,2023-07-28
ORD03854,2026-03-21,CUST0367,Hyderabad,South,Consumer,Beauty,Perfume,1,2909.33,25,UPI,Retail Store,Delivered,2023-06-10
ORD03855,2026-07-06,CUST0506,Coimbatore,South,Consumer,Electronics,Smartwatch,2,10280.3,15,Debit Card,Retail Store,Delivered,2024-05-15
ORD03856,2025-07-12,CUST0237,Kochi,South,Consumer,Home Appliances,Refrigerator,1,49444.93,5,UPI,Online,Delivered,2023-11-25
ORD03857,2025-10-16,CUST1155,Delhi,North,Consumer,Furniture,Bookshelf,3,10944.46,25,Debit Card,Online,Returned,2025-02-14
ORD03858,2026-08-06,CUST0147,Mumbai,West,Consumer,Fashion,Dress,2,3563.94,10,UPI,Online,Delivered,2023-11-29
ORD03859,2025-05-24,CUST0467,Pune,West,Consumer,Beauty,Perfume,3,1446.32,10,Credit Card,Marketplace,Delivered,2023-09-11
ORD03860,2026-01-24,CUST0037,Ahmedabad,West,Corporate,Electronics,Tablet,1,38981.4,10,UPI,Marketplace,Delivered,2023-07-04
ORD03861,2026-02-11,CUST0241,Mumbai,West,Corporate,Furniture,Dining Table,4,44375.69,10,Debit Card,Online,Delivered,2023-12-22
ORD03862,2026-01-05,CUST0931,Kolkata,East,Corporate,Home Appliances,Refrigerator,3,26846.81,10,Credit Card,Online,Delivered,2024-10-07
ORD03863,2026-03-17,CUST0227,Mumbai,West,Consumer,Fashion,T-Shirt,1,2163.82,20,Debit Card,Online,Delivered,2024-08-26
ORD03864,2026-07-18,CUST0099,Chennai,South,Consumer,Electronics,Smartphone,2,67687.82,5,Net Banking,Retail Store,Delivered,2024-02-11
ORD03865,2026-06-13,CUST0580,Coimbatore,South,Consumer,Fashion,Shoes,2,6295.71,5,Debit Card,Retail Store,Delivered,2023-09-03
ORD03866,2025-01-13,CUST0018,Mumbai,West,Consumer,Electronics,Smartwatch,1,18767.57,20,UPI,Marketplace,Delivered,2024-11-01
ORD03867,2025-12-06,CUST0104,Chennai,South,Consumer,Furniture,Bookshelf,1,24028.82,5,UPI,Marketplace,Delivered,2025-01-08
ORD03868,2025-11-08,CUST0961,Chennai,South,Consumer,Home Appliances,Microwave,3,7143.62,25,UPI,Retail Store,Delivered,2024-09-16
ORD03869,2025-04-14,CUST0920,Delhi,North,Corporate,Furniture,Bookshelf,1,23910.51,15,UPI,Retail Store,Delivered,2023-05-09
ORD03870,2025-12-05,CUST1091,Delhi,North,Corporate,Fashion,T-Shirt,1,2081.03,15,Credit Card,Online,Returned,2025-02-12
ORD03871,2025-07-17,CUST1016,Mumbai,West,Consumer,Furniture,Office Chair,3,11820.79,20,UPI,Retail Store,Delivered,2025-05-22
ORD03872,2025-10-27,CUST0832,Bengaluru,South,Consumer,Fashion,Dress,1,4474.87,10,Credit Card,Marketplace,Delivered,2024-09-26
ORD03873,2026-03-20,CUST0063,Mumbai,West,Small Business,Furniture,Office Chair,1,14160.77,15,Cash on Delivery,Online,Delivered,2023-08-24
ORD03874,2025-12-25,CUST0933,Bengaluru,South,Consumer,Furniture,Office Chair,2,5138.74,15,UPI,Marketplace,Delivered,2024-06-17
ORD03875,2026-01-03,CUST1006,Delhi,North,Small Business,Fashion,Shoes,2,5760.41,0,UPI,Online,Delivered,2024-06-12
ORD03876,2025-06-18,CUST0953,Coimbatore,South,Corporate,Fashion,Jacket,2,4605.87,20,Credit Card,Online,Delivered,2023-09-04
ORD03877,2025-05-29,CUST0626,Delhi,North,Consumer,Home Appliances,Refrigerator,2,29885.77,0,UPI,Online,Delivered,2025-02-24
ORD03878,2025-02-11,CUST0252,Delhi,North,Consumer,Beauty,Skincare Kit,1,4062.98,25,Credit Card,Online,Delivered,2025-02-08
ORD03879,2025-07-21,CUST1006,Kolkata,East,Consumer,Fashion,Dress,1,1679.47,0,Debit Card,Retail Store,Delivered,2024-06-12
ORD03880,2025-09-01,CUST0868,Pune,West,Consumer,Home Appliances,Air Conditioner,2,42956.89,0,Cash on Delivery,Marketplace,Delivered,2024-06-03
ORD03881,2026-04-09,CUST1173,Kolkata,East,Corporate,Beauty,Makeup Kit,1,2622.54,10,Credit Card,Online,Delivered,2023-04-07
ORD03882,2026-03-25,CUST0178,Ahmedabad,West,Corporate,Beauty,Face Serum,1,1299.49,25,Cash on Delivery,Online,Returned,2024-12-05
ORD03883,2026-03-13,CUST0245,Kochi,South,Consumer,Beauty,Hair Dryer,2,5145.39,15,UPI,Online,Delivered,2025-04-06
ORD03884,2026-06-15,CUST0233,Kochi,South,Consumer,Fashion,Jeans,1,2035.59,20,Credit Card,Retail Store,Delivered,2023-06-25
ORD03885,2026-07-19,CUST0948,Delhi,North,Corporate,Home Appliances,Washing Machine,1,23338.7,15,Debit Card,Online,Delivered,2023-01-05
ORD03886,2026-08-20,CUST0216,Kochi,South,Corporate,Beauty,Skincare Kit,1,3956.51,20,Net Banking,Online,Delivered,2025-06-02
ORD03887,2025-09-30,CUST0082,Coimbatore,South,Corporate,Home Appliances,Air Conditioner,1,33890.16,25,Cash on Delivery,Online,Delivered,2025-05-11
ORD03888,2026-03-06,CUST1200,Delhi,North,Small Business,Electronics,Tablet,3,27401.1,5,Debit Card,Retail Store,Cancelled,2024-11-02
ORD03889,2025-08-01,CUST0035,Mumbai,West,Consumer,Fashion,Jacket,1,4388.52,5,Cash on Delivery,Online,Delivered,2024-12-31
ORD03890,2025-04-14,CUST0990,Chennai,South,Small Business,Home Appliances,Microwave,1,7259.85,5,Debit Card,Marketplace,Delivered,2024-12-21
ORD03891,2025-07-11,CUST0460,Mumbai,West,Consumer,Furniture,Dining Table,1,29983.61,10,Debit Card,Marketplace,Delivered,2023-07-06
ORD03892,2026-01-15,CUST1001,Ahmedabad,West,Consumer,Home Appliances,Washing Machine,1,36533.3,5,Net Banking,Online,Delivered,2025-04-07
ORD03893,2025-03-22,CUST0679,Ahmedabad,West,Consumer,Beauty,Skincare Kit,3,3574.61,0,Net Banking,Retail Store,Delivered,2025-05-13
ORD03894,2026-07-03,CUST1072,Hyderabad,South,Corporate,Fashion,Jacket,4,1934.8,10,Cash on Delivery,Online,Delivered,2024-11-03
ORD03895,2026-01-12,CUST1108,Kochi,South,Consumer,Electronics,Headphones,1,12661.45,5,Net Banking,Marketplace,Delivered,2023-08-06
ORD03896,2025-06-03,CUST0018,Kolkata,East,Corporate,Beauty,Skincare Kit,1,2814.3,5,Credit Card,Marketplace,Returned,2024-11-01
ORD03897,2026-07-25,CUST0090,Bengaluru,South,Small Business,Home Appliances,Air Conditioner,5,47726.38,10,Debit Card,Online,Delivered,2023-09-12
ORD03898,2025-08-28,CUST0279,Kolkata,East,Consumer,Furniture,Dining Table,3,32361.6,10,Credit Card,Retail Store,Delivered,2023-09-21
ORD03899,2026-01-09,CUST0811,Bengaluru,South,Consumer,Beauty,Hair Dryer,2,5832.23,0,Credit Card,Marketplace,Delivered,2023-01-21
ORD03900,2025-07-23,CUST1055,Kochi,South,Small Business,Beauty,Face Serum,5,1974.77,10,UPI,Online,Delivered,2023-11-17
ORD03901,2026-09-03,CUST0564,Delhi,North,Consumer,Fashion,Shoes,4,2772.08,10,UPI,Online,Delivered,2023-05-25
ORD03902,2025-12-16,CUST0742,Pune,West,Small Business,Electronics,Headphones,2,2292.75,10,UPI,Retail Store,Delivered,2023-07-28
ORD03903,2025-05-23,CUST0216,Ahmedabad,West,Consumer,Furniture,Dining Table,1,16313.84,15,UPI,Retail Store,Delivered,2025-06-02
ORD03904,2025-07-08,CUST0959,Coimbatore,South,Small Business,Electronics,Smartphone,1,47811.45,15,Net Banking,Marketplace,Delivered,2023-11-03
ORD03905,2025-09-29,CUST1156,Kolkata,East,Consumer,Electronics,Tablet,3,45704.53,10,Cash on Delivery,Online,Delivered,2024-02-09
ORD03906,2026-06-16,CUST0312,Delhi,North,Consumer,Furniture,Sofa,1,60241.32,10,Cash on Delivery,Online,Delivered,2024-11-09
ORD03907,2025-10-27,CUST0613,Kolkata,East,Consumer,Furniture,Office Chair,1,7943.69,20,Credit Card,Retail Store,Delivered,2025-01-20
ORD03908,2026-03-02,CUST0105,Coimbatore,South,Consumer,Furniture,Sofa,1,33074.99,15,Net Banking,Online,Delivered,2024-10-18
ORD03909,2025-02-15,CUST0687,Chennai,South,Corporate,Home Appliances,Washing Machine,2,31755.75,20,Credit Card,Online,Cancelled,2023-09-06
ORD03910,2025-04-05,CUST0621,Pune,West,Consumer,Beauty,Face Serum,3,2202.52,5,Cash on Delivery,Online,Returned,2024-05-27
ORD03911,2025-03-05,CUST0167,Kolkata,East,Consumer,Electronics,Smartwatch,1,23331.79,20,Debit Card,Marketplace,Delivered,2024-02-20
ORD03912,2026-02-17,CUST0540,Ahmedabad,West,Corporate,Electronics,Headphones,1,5697.24,10,UPI,Retail Store,Delivered,2023-02-02
ORD03913,2025-01-09,CUST0413,Bengaluru,South,Corporate,Beauty,Face Serum,3,1536.94,15,Credit Card,Online,Delivered,2024-04-19
ORD03914,2026-04-04,CUST0642,Pune,West,Consumer,Fashion,T-Shirt,1,2091.37,0,Credit Card,Online,Delivered,2023-01-16
ORD03915,2026-02-13,CUST0714,Chennai,South,Consumer,Furniture,Dining Table,3,44731.3,0,Credit Card,Online,Returned,2023-02-20
ORD03916,2026-04-15,CUST0018,Kolkata,East,Consumer,Fashion,Jeans,1,4944.33,10,Debit Card,Online,Delivered,2024-11-01
ORD03917,2026-05-21,CUST0906,Bengaluru,South,Consumer,Home Appliances,Air Conditioner,2,53809.6,10,UPI,Online,Delivered,2024-07-20
ORD03918,2025-03-14,CUST0852,Coimbatore,South,Small Business,Fashion,Jacket,1,3836.26,10,UPI,Marketplace,Delivered,2025-01-31
ORD03919,2025-03-25,CUST0462,Delhi,North,Consumer,Electronics,Tablet,5,34798.72,15,UPI,Online,Delivered,2023-02-17
ORD03920,2025-02-28,CUST0063,Chennai,South,Consumer,Beauty,Face Serum,2,2246.95,5,Debit Card,Retail Store,Delivered,2023-08-24
ORD03921,2025-01-21,CUST0893,Kolkata,East,Consumer,Furniture,Sofa,2,32024.0,15,Credit Card,Marketplace,Delivered,2024-07-21
ORD03922,2026-04-03,CUST1141,Chennai,South,Corporate,Furniture,Office Chair,1,16892.55,0,Debit Card,Online,Delivered,2024-06-25
ORD03923,2025-06-06,CUST0260,Kochi,South,Corporate,Beauty,Skincare Kit,1,3941.3,10,Net Banking,Retail Store,Delivered,2024-11-16
ORD03924,2025-11-25,CUST0395,Ahmedabad,West,Corporate,Home Appliances,Air Conditioner,1,57544.18,10,Debit Card,Online,Delivered,2023-07-05
ORD03925,2026-07-27,CUST0210,Kolkata,East,Corporate,Fashion,Shoes,3,4860.82,0,Credit Card,Online,Delivered,2023-10-31
ORD03926,2026-07-30,CUST0706,Bengaluru,South,Consumer,Fashion,Jacket,3,4707.87,10,UPI,Online,Delivered,2024-11-08
ORD03927,2025-07-22,CUST0176,Chennai,South,Consumer,Fashion,Dress,3,4736.92,15,Credit Card,Online,Delivered,2024-03-30
ORD03928,2025-04-16,CUST0449,Pune,West,Corporate,Home Appliances,Mixer,1,9156.71,5,Cash on Delivery,Marketplace,Delivered,2025-03-24
ORD03929,2025-05-02,CUST0842,Kolkata,East,Consumer,Beauty,Face Serum,1,1635.32,5,UPI,Retail Store,Delivered,2024-01-29
ORD03930,2025-11-14,CUST0690,Pune,West,Consumer,Home Appliances,Microwave,5,8886.59,15,Credit Card,Online,Delivered,2025-04-10
ORD03931,2025-07-01,CUST0482,Mumbai,West,Corporate,Electronics,Tablet,3,40770.98,5,Debit Card,Online,Delivered,2023-02-04
ORD03932,2026-09-07,CUST0516,Hyderabad,South,Small Business,Electronics,Headphones,1,7621.53,15,UPI,Online,Delivered,2024-09-20
ORD03933,2025-11-12,CUST0693,Mumbai,West,Consumer,Beauty,Perfume,2,3929.32,10,UPI,Retail Store,Returned,2025-02-24
ORD03934,2026-09-17,CUST0013,Hyderabad,South,Corporate,Electronics,Tablet,1,37603.04,5,UPI,Online,Delivered,2024-10-28
ORD03935,2026-02-10,CUST0096,Coimbatore,South,Corporate,Fashion,T-Shirt,1,1926.38,10,UPI,Online,Delivered,2024-10-05
ORD03936,2025-03-11,CUST1044,Coimbatore,South,Small Business,Electronics,Smartphone,3,46029.28,10,Credit Card,Retail Store,Delivered,2024-01-31
ORD03937,2025-06-09,CUST0096,Coimbatore,South,Consumer,Electronics,Smartwatch,1,9031.01,10,UPI,Online,Delivered,2024-10-05
ORD03938,2025-08-28,CUST0848,Mumbai,West,Consumer,Electronics,Smartphone,1,57936.61,5,Credit Card,Online,Cancelled,2024-03-24
ORD03939,2026-06-07,CUST1096,Ahmedabad,West,Corporate,Beauty,Hair Dryer,1,5818.46,10,UPI,Online,Delivered,2023-04-09
ORD03940,2025-05-18,CUST0314,Kochi,South,Corporate,Furniture,Bed,1,68778.01,10,Debit Card,Retail Store,Returned,2024-10-27
ORD03941,2026-05-10,CUST0464,Delhi,North,Corporate,Electronics,Headphones,3,7353.46,10,UPI,Online,Returned,2023-09-25
ORD03942,2025-09-04,CUST0700,Kolkata,East,Consumer,Home Appliances,Mixer,1,4998.53,15,UPI,Online,Delivered,2025-04-02
ORD03943,2026-06-27,CUST1045,Coimbatore,South,Consumer,Electronics,Laptop,1,83850.06,5,Debit Card,Retail Store,Returned,2023-07-28
ORD03944,2026-06-08,CUST1121,Delhi,North,Small Business,Electronics,Smartphone,3,27486.86,0,Net Banking,Online,Delivered,2024-02-18
ORD03945,2025-08-31,CUST0884,Chennai,South,Consumer,Beauty,Perfume,4,1460.83,20,UPI,Online,Returned,2023-09-29
ORD03946,2026-09-12,CUST0107,Hyderabad,South,Consumer,Home Appliances,Microwave,1,24576.77,5,Net Banking,Retail Store,Delivered,2025-02-20
ORD03947,2025-12-02,CUST0810,Ahmedabad,West,Consumer,Furniture,Dining Table,1,32872.07,10,Debit Card,Retail Store,Delivered,2024-06-01
ORD03948,2026-02-26,CUST0504,Pune,West,Corporate,Home Appliances,Mixer,3,8587.98,0,Credit Card,Online,Delivered,2024-04-25
ORD03949,2025-07-13,CUST0571,Delhi,North,Consumer,Furniture,Bed,1,51091.31,10,Debit Card,Retail Store,Cancelled,2024-04-01
ORD03950,2025-11-04,CUST0057,Chennai,South,Corporate,Electronics,Tablet,4,18061.94,20,Credit Card,Online,Cancelled,2024-01-13
ORD03951,2026-05-21,CUST0221,Delhi,North,Consumer,Electronics,Smartphone,1,28889.42,10,Debit Card,Online,Delivered,2023-12-30
ORD03952,2025-10-08,CUST0946,Coimbatore,South,Consumer,Furniture,Dining Table,1,45961.07,5,UPI,Online,Delivered,2025-01-18
ORD03953,2026-03-15,CUST0556,Delhi,North,Consumer,Furniture,Bookshelf,2,7560.42,25,UPI,Online,Delivered,2024-09-17
ORD03954,2026-08-31,CUST0368,Hyderabad,South,Corporate,Furniture,Office Chair,1,9599.32,20,Credit Card,Online,Cancelled,2023-02-01
ORD03955,2026-04-28,CUST0481,Pune,West,Consumer,Electronics,Laptop,1,53558.9,20,UPI,Online,Delivered,2023-10-01
ORD03956,2025-08-11,CUST1016,Kolkata,East,Consumer,Furniture,Office Chair,2,14384.29,10,Net Banking,Marketplace,Cancelled,2025-05-22
ORD03957,2025-04-27,CUST0889,Coimbatore,South,Consumer,Furniture,Dining Table,1,21578.77,10,Debit Card,Online,Delivered,2025-03-16
ORD03958,2025-07-11,CUST0315,Pune,West,Consumer,Beauty,Makeup Kit,1,2219.79,0,Cash on Delivery,Online,Delivered,2025-04-18
ORD03959,2026-09-10,CUST0132,Pune,West,Corporate,Beauty,Perfume,1,4730.02,0,Credit Card,Retail Store,Delivered,2023-10-14
ORD03960,2026-05-31,CUST0281,Chennai,South,Consumer,Home Appliances,Washing Machine,2,29015.6,20,Credit Card,Retail Store,Delivered,2025-04-13
ORD03961,2026-06-14,CUST1098,Pune,West,Consumer,Beauty,Perfume,2,6274.77,15,Cash on Delivery,Retail Store,Delivered,2024-05-05
ORD03962,2025-11-03,CUST0710,Mumbai,West,Consumer,Beauty,Makeup Kit,1,1124.23,0,Cash on Delivery,Online,Delivered,2024-02-23
ORD03963,2026-06-16,CUST0657,Pune,West,Corporate,Beauty,Perfume,1,6038.35,20,UPI,Online,Delivered,2024-09-17
ORD03964,2025-05-02,CUST0738,Pune,West,Consumer,Electronics,Smartwatch,1,13268.07,10,UPI,Online,Returned,2025-04-24
ORD03965,2026-08-15,CUST0462,Coimbatore,South,Consumer,Beauty,Hair Dryer,1,1791.3,15,Debit Card,Online,Delivered,2023-02-17
ORD03966,2025-06-03,CUST0961,Chennai,South,Consumer,Fashion,T-Shirt,2,1411.35,10,UPI,Online,Delivered,2024-09-16
ORD03967,2026-06-21,CUST0647,Bengaluru,South,Consumer,Beauty,Perfume,2,7769.61,5,UPI,Online,Delivered,2023-05-14
ORD03968,2026-03-28,CUST0129,Coimbatore,South,Small Business,Electronics,Smartphone,2,63944.15,5,Credit Card,Online,Delivered,2023-06-30
ORD03969,2025-06-18,CUST0147,Chennai,South,Consumer,Home Appliances,Refrigerator,1,52446.94,15,UPI,Online,Returned,2023-11-29
ORD03970,2025-02-28,CUST0659,Kochi,South,Consumer,Electronics,Smartphone,2,58137.63,20,Credit Card,Online,Delivered,2023-06-10
ORD03971,2025-10-28,CUST1121,Kolkata,East,Small Business,Furniture,Dining Table,1,16778.99,0,Debit Card,Marketplace,Delivered,2024-02-18
ORD03972,2026-07-07,CUST0374,Kolkata,East,Small Business,Beauty,Face Serum,2,868.51,20,Debit Card,Online,Delivered,2023-10-06
ORD03973,2026-07-04,CUST1033,Ahmedabad,West,Consumer,Home Appliances,Microwave,1,13670.39,20,Debit Card,Online,Delivered,2024-10-31
ORD03974,2025-04-27,CUST0908,Coimbatore,South,Consumer,Electronics,Smartphone,1,71429.43,20,Cash on Delivery,Marketplace,Returned,2024-01-18
ORD03975,2025-05-07,CUST0271,Hyderabad,South,Consumer,Fashion,Shoes,1,6465.8,15,Credit Card,Retail Store,Delivered,2023-03-11
ORD03976,2026-02-09,CUST0046,Delhi,North,Small Business,Electronics,Smartwatch,2,10227.54,20,UPI,Online,Delivered,2023-02-09
ORD03977,2026-02-03,CUST0116,Ahmedabad,West,Consumer,Beauty,Makeup Kit,2,2449.91,10,Net Banking,Online,Delivered,2024-03-25
ORD03978,2026-05-30,CUST0871,Ahmedabad,West,Small Business,Fashion,Jacket,1,6491.25,5,Cash on Delivery,Online,Cancelled,2023-07-13
ORD03979,2026-05-13,CUST0226,Delhi,North,Consumer,Electronics,Tablet,1,40419.75,15,Net Banking,Online,Returned,2023-10-03
ORD03980,2026-06-12,CUST0467,Ahmedabad,West,Consumer,Fashion,Jeans,2,4068.32,5,Debit Card,Marketplace,Cancelled,2023-09-11
ORD03981,2026-02-02,CUST0619,Chennai,South,Consumer,Home Appliances,Microwave,2,10699.7,0,Credit Card,Marketplace,Delivered,2024-08-11
ORD03982,2025-09-22,CUST0868,Kochi,South,Corporate,Electronics,Headphones,1,2759.49,5,UPI,Retail Store,Delivered,2024-06-03
ORD03983,2025-09-20,CUST0126,Pune,West,Consumer,Furniture,Dining Table,3,59524.46,15,Debit Card,Online,Delivered,2024-08-18
ORD03984,2026-02-02,CUST0499,Ahmedabad,West,Consumer,Electronics,Tablet,2,37813.93,10,Debit Card,Marketplace,Delivered,2024-01-01
ORD03985,2026-06-11,CUST0604,Kochi,South,Consumer,Home Appliances,Air Conditioner,1,37869.59,10,Net Banking,Retail Store,Delivered,2024-09-21
ORD03986,2026-03-12,CUST0661,Hyderabad,South,Small Business,Home Appliances,Mixer,3,9349.45,15,Debit Card,Online,Delivered,2025-06-15
ORD03987,2025-12-26,CUST0971,Pune,West,Small Business,Fashion,Shoes,1,4180.73,0,UPI,Retail Store,Delivered,2024-07-15
ORD03988,2025-05-09,CUST0201,Kochi,South,Consumer,Furniture,Office Chair,3,11538.61,0,Debit Card,Marketplace,Delivered,2024-05-22
ORD03989,2026-09-26,CUST0961,Pune,West,Corporate,Home Appliances,Microwave,2,22953.98,20,Net Banking,Retail Store,Delivered,2024-09-16
ORD03990,2025-08-29,CUST0836,Delhi,North,Consumer,Fashion,Shoes,1,9142.55,10,Net Banking,Online,Delivered,2023-06-05
ORD03991,2026-09-19,CUST0683,Ahmedabad,West,Consumer,Electronics,Tablet,2,43187.15,15,UPI,Retail Store,Delivered,2024-04-28
ORD03992,2025-08-10,CUST0843,Chennai,South,Consumer,Fashion,Jeans,2,3956.48,15,Debit Card,Online,Delivered,2024-10-13
ORD03993,2025-08-02,CUST0507,Mumbai,West,Corporate,Home Appliances,Microwave,1,21988.13,25,Cash on Delivery,Online,Delivered,2024-09-29
ORD03994,2026-08-15,CUST0161,Kochi,South,Consumer,Beauty,Hair Dryer,1,5444.98,10,Credit Card,Retail Store,Delivered,2024-06-16
ORD03995,2025-05-15,CUST0805,Delhi,North,Corporate,Electronics,Smartwatch,2,14438.25,20,Credit Card,Retail Store,Delivered,2025-03-24
ORD03996,2026-01-21,CUST0649,Kolkata,East,Consumer,Fashion,Dress,1,4507.42,20,Credit Card,Online,Delivered,2024-06-09
ORD03997,2025-10-30,CUST0772,Chennai,South,Small Business,Furniture,Sofa,4,46974.34,15,UPI,Online,Delivered,2023-08-11
ORD03998,2025-10-14,CUST0420,Pune,West,Small Business,Home Appliances,Refrigerator,4,69725.85,20,Debit Card,Online,Delivered,2025-04-02
ORD03999,2026-07-16,CUST1082,Pune,West,Small Business,Fashion,Jeans,2,3159.81,25,Cash on Delivery,Online,Delivered,2024-02-23
ORD04000,2025-07-08,CUST0719,Delhi,North,Small Business,Fashion,Dress,1,3990.68,10,Debit Card,Online,Delivered,2023-07-29
ORD04001,2025-10-24,CUST0104,Kolkata,East,Corporate,Beauty,Skincare Kit,1,4298.28,10,Debit Card,Retail Store,Returned,2025-01-08
ORD04002,2026-06-10,CUST0548,Bengaluru,South,Consumer,Home Appliances,Air Conditioner,5,62100.76,15,UPI,Retail Store,Delivered,2023-04-18
ORD04003,2026-01-24,CUST0898,Kochi,South,Consumer,Electronics,Headphones,1,12187.98,10,Credit Card,Marketplace,Delivered,2024-09-08
ORD04004,2026-04-04,CUST0948,Coimbatore,South,Corporate,Home Appliances,Washing Machine,1,28687.39,25,UPI,Online,Delivered,2023-01-05
ORD04005,2025-09-18,CUST0613,Delhi,North,Corporate,Furniture,Bed,3,65063.89,15,Debit Card,Retail Store,Delivered,2025-01-20
ORD04006,2025-04-23,CUST1064,Delhi,North,Consumer,Beauty,Makeup Kit,2,1089.42,25,UPI,Marketplace,Delivered,2024-12-30
ORD04007,2025-02-05,CUST0312,Kolkata,East,Consumer,Beauty,Skincare Kit,2,1656.66,10,Credit Card,Marketplace,Returned,2024-11-09
ORD04008,2025-03-20,CUST0505,Coimbatore,South,Small Business,Furniture,Bookshelf,1,14043.33,0,UPI,Retail Store,Delivered,2024-09-28
ORD04009,2025-10-02,CUST1072,Hyderabad,South,Corporate,Beauty,Makeup Kit,1,2713.79,10,Debit Card,Online,Delivered,2024-11-03
ORD04010,2025-10-05,CUST1066,Kochi,South,Consumer,Fashion,Jeans,4,4111.72,5,Debit Card,Marketplace,Cancelled,2023-04-05
ORD04011,2025-11-08,CUST0832,Mumbai,West,Consumer,Fashion,Jeans,2,3385.93,5,UPI,Online,Delivered,2024-09-26
ORD04012,2026-06-13,CUST1022,Coimbatore,South,Consumer,Fashion,Dress,2,2118.7,0,Credit Card,Online,Delivered,2024-05-25
ORD04013,2025-07-23,CUST0108,Coimbatore,South,Corporate,Fashion,Dress,2,5531.43,10,UPI,Retail Store,Delivered,2023-06-11
ORD04014,2025-01-17,CUST1028,Chennai,South,Corporate,Home Appliances,Refrigerator,2,38982.54,25,UPI,Marketplace,Delivered,2023-07-14
ORD04015,2026-04-21,CUST0386,Hyderabad,South,Corporate,Fashion,Jacket,1,5914.62,15,UPI,Marketplace,Delivered,2025-01-17
ORD04016,2026-05-26,CUST0203,Chennai,South,Corporate,Home Appliances,Washing Machine,1,33224.26,15,UPI,Marketplace,Delivered,2023-12-29
ORD04017,2025-07-29,CUST0258,Pune,West,Small Business,Home Appliances,Refrigerator,2,63779.61,0,Credit Card,Retail Store,Delivered,2024-02-28
ORD04018,2026-05-14,CUST0512,Bengaluru,South,Small Business,Furniture,Bed,2,25941.0,10,Debit Card,Online,Delivered,2024-11-29
ORD04019,2026-02-06,CUST0279,Bengaluru,South,Consumer,Home Appliances,Refrigerator,2,35028.58,5,UPI,Online,Delivered,2023-09-21
ORD04020,2026-03-05,CUST0386,Pune,West,Consumer,Home Appliances,Air Conditioner,5,44948.41,10,UPI,Retail Store,Delivered,2025-01-17
ORD04021,2025-03-19,CUST0153,Coimbatore,South,Corporate,Home Appliances,Washing Machine,4,55357.24,0,Debit Card,Online,Delivered,2025-02-04
ORD04022,2026-07-22,CUST0359,Kochi,South,Corporate,Furniture,Dining Table,1,48142.25,20,UPI,Online,Delivered,2023-03-30
ORD04023,2025-03-21,CUST0703,Kochi,South,Consumer,Furniture,Bookshelf,5,23660.05,5,Credit Card,Online,Delivered,2023-12-19
ORD04024,2025-11-02,CUST0540,Coimbatore,South,Corporate,Home Appliances,Air Conditioner,1,62373.84,10,Net Banking,Online,Delivered,2023-02-02
ORD04025,2025-02-27,CUST0428,Bengaluru,South,Consumer,Fashion,Jacket,1,5468.56,10,Credit Card,Retail Store,Delivered,2024-05-30
ORD04026,2026-06-14,CUST0889,Mumbai,West,Corporate,Home Appliances,Mixer,2,6413.49,10,UPI,Retail Store,Delivered,2025-03-16
ORD04027,2025-07-27,CUST1063,Delhi,North,Small Business,Home Appliances,Washing Machine,2,26466.51,10,UPI,Online,Delivered,2024-06-21
ORD04028,2026-05-26,CUST0900,Mumbai,West,Corporate,Furniture,Bookshelf,1,7228.22,20,Debit Card,Marketplace,Delivered,2023-02-28
ORD04029,2025-05-15,CUST0410,Mumbai,West,Corporate,Electronics,Headphones,2,12549.23,20,UPI,Retail Store,Delivered,2024-05-16
ORD04030,2026-06-06,CUST0889,Delhi,North,Corporate,Home Appliances,Refrigerator,2,40685.7,15,Cash on Delivery,Retail Store,Delivered,2025-03-16
ORD04031,2026-08-04,CUST0173,Chennai,South,Consumer,Beauty,Face Serum,5,794.27,25,UPI,Online,Returned,2024-01-23
ORD04032,2025-03-24,CUST0147,Kochi,South,Small Business,Home Appliances,Refrigerator,3,36703.03,25,Debit Card,Marketplace,Delivered,2023-11-29
ORD04033,2026-09-13,CUST0428,Kochi,South,Small Business,Electronics,Smartwatch,2,4646.58,15,Net Banking,Retail Store,Delivered,2024-05-30
ORD04034,2025-02-13,CUST0961,Mumbai,West,Small Business,Beauty,Face Serum,2,1429.02,5,Debit Card,Online,Delivered,2024-09-16
ORD04035,2026-04-28,CUST0270,Hyderabad,South,Small Business,Electronics,Headphones,1,10959.98,5,Credit Card,Online,Delivered,2024-01-07
ORD04036,2026-05-08,CUST0080,Bengaluru,South,Corporate,Furniture,Bookshelf,4,19055.28,15,UPI,Marketplace,Delivered,2024-05-05
ORD04037,2026-05-14,CUST0147,Kochi,South,Small Business,Electronics,Smartwatch,2,20082.54,10,Credit Card,Online,Cancelled,2023-11-29
ORD04038,2025-01-18,CUST1022,Kochi,South,Corporate,Home Appliances,Refrigerator,4,42933.67,5,Credit Card,Online,Delivered,2024-05-25
ORD04039,2026-08-28,CUST0771,Coimbatore,South,Consumer,Beauty,Skincare Kit,3,3100.37,20,Net Banking,Online,Delivered,2024-04-18
ORD04040,2025-10-21,CUST0282,Bengaluru,South,Consumer,Beauty,Makeup Kit,3,2548.12,20,Credit Card,Retail Store,Delivered,2024-12-17
ORD04041,2025-05-28,CUST0681,Ahmedabad,West,Small Business,Electronics,Laptop,2,85028.69,10,Net Banking,Retail Store,Delivered,2025-06-17
ORD04042,2026-04-17,CUST0649,Coimbatore,South,Consumer,Beauty,Face Serum,1,1075.55,10,Credit Card,Marketplace,Delivered,2024-06-09
ORD04043,2025-06-21,CUST0796,Hyderabad,South,Small Business,Electronics,Laptop,2,88169.09,10,Cash on Delivery,Marketplace,Delivered,2023-09-20
ORD04044,2026-07-17,CUST0252,Coimbatore,South,Consumer,Electronics,Laptop,1,60073.29,10,Cash on Delivery,Retail Store,Delivered,2025-02-08
ORD04045,2026-06-15,CUST1028,Pune,West,Consumer,Electronics,Headphones,2,9466.23,0,UPI,Online,Returned,2023-07-14
ORD04046,2025-04-30,CUST0374,Mumbai,West,Consumer,Home Appliances,Air Conditioner,2,46064.07,10,UPI,Retail Store,Delivered,2023-10-06
ORD04047,2025-03-07,CUST0840,Pune,West,Small Business,Home Appliances,Air Conditioner,4,53121.34,5,Debit Card,Retail Store,Delivered,2024-10-06
ORD04048,2025-05-21,CUST0025,Kolkata,East,Consumer,Home Appliances,Mixer,2,9144.21,10,UPI,Online,Delivered,2024-09-05
ORD04049,2026-03-22,CUST0469,Kochi,South,Consumer,Electronics,Laptop,2,80118.29,20,Debit Card,Online,Delivered,2023-03-28
ORD04050,2026-05-21,CUST0439,Delhi,North,Consumer,Electronics,Headphones,1,7767.1,0,UPI,Online,Delivered,2024-11-14
ORD04051,2025-07-08,CUST0667,Kochi,South,Corporate,Home Appliances,Microwave,1,21488.15,20,Cash on Delivery,Online,Delivered,2023-01-27
ORD04052,2025-06-07,CUST0088,Coimbatore,South,Consumer,Fashion,T-Shirt,1,1959.03,0,Debit Card,Online,Delivered,2024-10-23
ORD04053,2026-09-02,CUST0946,Hyderabad,South,Consumer,Furniture,Office Chair,1,8291.69,10,Cash on Delivery,Retail Store,Delivered,2025-01-18
ORD04054,2025-09-03,CUST0237,Delhi,North,Small Business,Beauty,Skincare Kit,2,4827.55,15,Debit Card,Marketplace,Delivered,2023-11-25
ORD04055,2025-02-02,CUST0821,Ahmedabad,West,Corporate,Furniture,Bookshelf,1,14464.97,15,UPI,Online,Delivered,2024-11-23
ORD04056,2025-12-27,CUST0958,Bengaluru,South,Consumer,Beauty,Hair Dryer,3,2446.53,5,Cash on Delivery,Retail Store,Delivered,2024-07-28
ORD04057,2025-11-26,CUST0692,Kochi,South,Small Business,Fashion,Jacket,1,4415.77,15,Credit Card,Online,Delivered,2025-03-18
ORD04058,2026-05-27,CUST0886,Kolkata,East,Consumer,Furniture,Office Chair,3,13334.07,5,Debit Card,Online,Delivered,2025-01-27
ORD04059,2025-03-12,CUST0799,Pune,West,Consumer,Electronics,Tablet,5,22349.58,15,UPI,Online,Delivered,2024-11-20
ORD04060,2025-11-09,CUST0448,Kolkata,East,Consumer,Beauty,Makeup Kit,2,1997.2,5,UPI,Marketplace,Delivered,2023-06-07
ORD04061,2025-03-20,CUST0962,Pune,West,Consumer,Beauty,Makeup Kit,3,4713.92,15,UPI,Retail Store,Delivered,2024-06-26
ORD04062,2025-06-18,CUST0358,Bengaluru,South,Consumer,Home Appliances,Air Conditioner,1,38308.07,20,UPI,Retail Store,Delivered,2024-01-11
ORD04063,2025-06-29,CUST0703,Coimbatore,South,Corporate,Furniture,Office Chair,1,23220.85,5,UPI,Online,Delivered,2023-12-19
ORD04064,2026-09-20,CUST0889,Coimbatore,South,Small Business,Electronics,Laptop,1,57863.85,15,Credit Card,Retail Store,Delivered,2025-03-16
ORD04065,2025-09-17,CUST0471,Pune,West,Consumer,Home Appliances,Washing Machine,2,34416.09,15,UPI,Retail Store,Delivered,2023-01-25
ORD04066,2026-05-01,CUST0369,Pune,West,Corporate,Furniture,Dining Table,2,19383.0,15,UPI,Online,Delivered,2025-04-03
ORD04067,2025-01-05,CUST0564,Hyderabad,South,Consumer,Fashion,Jacket,1,4880.92,15,UPI,Marketplace,Delivered,2023-05-25
ORD04068,2025-10-24,CUST0971,Pune,West,Small Business,Electronics,Smartphone,1,74770.54,15,UPI,Online,Delivered,2024-07-15
ORD04069,2026-09-12,CUST1110,Coimbatore,South,Consumer,Fashion,Jacket,1,5489.87,15,UPI,Retail Store,Delivered,2023-09-30
ORD04070,2025-12-26,CUST0668,Kolkata,East,Corporate,Furniture,Office Chair,1,22488.33,5,Debit Card,Online,Delivered,2023-01-12
ORD04071,2025-04-27,CUST0797,Coimbatore,South,Consumer,Beauty,Hair Dryer,1,2396.38,0,UPI,Online,Cancelled,2023-05-30
ORD04072,2025-12-23,CUST1074,Coimbatore,South,Consumer,Fashion,Jacket,1,6862.77,15,Debit Card,Marketplace,Delivered,2024-10-25
ORD04073,2026-03-15,CUST0114,Ahmedabad,West,Consumer,Electronics,Smartwatch,1,24391.31,15,UPI,Retail Store,Delivered,2024-01-12
ORD04074,2025-11-27,CUST0252,Hyderabad,South,Small Business,Electronics,Smartwatch,3,15301.37,5,Net Banking,Online,Delivered,2025-02-08
ORD04075,2026-06-09,CUST0848,Chennai,South,Corporate,Beauty,Face Serum,1,1451.46,10,Debit Card,Retail Store,Delivered,2024-03-24
ORD04076,2025-07-07,CUST0972,Kolkata,East,Small Business,Furniture,Bookshelf,1,22798.47,10,Net Banking,Retail Store,Delivered,2023-05-02
ORD04077,2025-10-08,CUST1022,Ahmedabad,West,Consumer,Electronics,Laptop,1,51939.52,20,Credit Card,Retail Store,Returned,2024-05-25
ORD04078,2026-05-26,CUST0511,Chennai,South,Consumer,Home Appliances,Mixer,3,7599.62,0,Credit Card,Marketplace,Delivered,2024-02-28
ORD04079,2026-04-11,CUST0108,Delhi,North,Consumer,Home Appliances,Refrigerator,2,64765.1,20,Credit Card,Marketplace,Delivered,2023-06-11
ORD04080,2025-04-25,CUST0536,Pune,West,Consumer,Furniture,Sofa,1,76459.27,20,UPI,Online,Delivered,2023-12-13
ORD04081,2025-08-24,CUST0250,Delhi,North,Small Business,Fashion,Shoes,2,6115.21,15,Debit Card,Marketplace,Returned,2024-06-06
ORD04082,2025-12-04,CUST0352,Delhi,North,Consumer,Home Appliances,Refrigerator,1,30919.85,20,Debit Card,Online,Returned,2023-01-13
ORD04083,2026-06-06,CUST0920,Pune,West,Small Business,Beauty,Hair Dryer,1,4189.42,0,Debit Card,Online,Returned,2023-05-09
ORD04084,2025-07-18,CUST0090,Hyderabad,South,Corporate,Beauty,Hair Dryer,3,1396.16,5,UPI,Marketplace,Delivered,2023-09-12
ORD04085,2025-02-19,CUST0975,Hyderabad,South,Consumer,Fashion,Dress,3,2558.45,15,UPI,Online,Delivered,2024-03-16
ORD04086,2025-05-22,CUST0524,Pune,West,Consumer,Furniture,Dining Table,1,59674.47,5,Cash on Delivery,Marketplace,Delivered,2024-11-05
ORD04087,2026-06-12,CUST0738,Mumbai,West,Small Business,Electronics,Smartwatch,1,8258.89,20,Credit Card,Online,Returned,2025-04-24
ORD04088,2026-05-29,CUST0108,Pune,West,Corporate,Beauty,Face Serum,1,918.97,20,Cash on Delivery,Online,Delivered,2023-06-11
ORD04089,2025-01-30,CUST0419,Pune,West,Small Business,Electronics,Smartwatch,3,18926.69,20,Cash on Delivery,Online,Delivered,2023-06-02
ORD04090,2025-03-23,CUST0108,Bengaluru,South,Consumer,Fashion,Jeans,1,2743.51,0,Net Banking,Marketplace,Delivered,2023-06-11
ORD04091,2025-01-31,CUST1149,Kochi,South,Corporate,Furniture,Bed,5,45783.27,15,Cash on Delivery,Marketplace,Delivered,2024-12-01
ORD04092,2025-11-29,CUST0961,Kochi,South,Consumer,Beauty,Makeup Kit,1,5496.12,15,UPI,Retail Store,Delivered,2024-09-16
ORD04093,2025-06-26,CUST0564,Delhi,North,Small Business,Home Appliances,Refrigerator,2,53362.91,20,Credit Card,Marketplace,Delivered,2023-05-25
ORD04094,2026-01-05,CUST0243,Pune,West,Consumer,Fashion,Jacket,4,2952.26,10,UPI,Online,Delivered,2023-10-02
ORD04095,2026-07-01,CUST1117,Hyderabad,South,Small Business,Home Appliances,Refrigerator,2,54335.72,10,Net Banking,Retail Store,Delivered,2024-03-28
ORD04096,2026-06-19,CUST0427,Pune,West,Corporate,Furniture,Office Chair,4,9553.36,25,UPI,Online,Delivered,2024-03-27
ORD04097,2025-04-16,CUST0185,Kochi,South,Small Business,Electronics,Smartphone,4,54457.42,10,Cash on Delivery,Retail Store,Returned,2023-03-07
ORD04098,2025-04-07,CUST0694,Bengaluru,South,Small Business,Beauty,Hair Dryer,2,5616.59,20,Net Banking,Retail Store,Delivered,2025-04-14
ORD04099,2025-08-18,CUST1123,Kolkata,East,Corporate,Furniture,Sofa,2,24296.02,20,UPI,Online,Delivered,2024-03-06
ORD04100,2025-08-15,CUST0007,Bengaluru,South,Consumer,Electronics,Smartwatch,3,12104.81,0,UPI,Retail Store,Returned,2024-05-15
ORD04101,2026-01-06,CUST0257,Bengaluru,South,Consumer,Beauty,Perfume,2,4401.28,0,UPI,Marketplace,Cancelled,2023-12-16
ORD04102,2025-04-10,CUST1121,Kolkata,East,Small Business,Electronics,Tablet,2,48403.08,10,Credit Card,Online,Delivered,2024-02-18
ORD04103,2026-03-21,CUST0201,Chennai,South,Small Business,Fashion,Shoes,3,3642.19,10,Debit Card,Online,Delivered,2024-05-22
ORD04104,2026-04-13,CUST0126,Delhi,North,Consumer,Fashion,Dress,3,5486.19,15,Credit Card,Marketplace,Cancelled,2024-08-18
ORD04105,2025-02-24,CUST0701,Pune,West,Small Business,Fashion,Jeans,2,4510.71,15,Debit Card,Retail Store,Delivered,2025-04-22
ORD04106,2025-07-14,CUST1024,Ahmedabad,West,Consumer,Furniture,Office Chair,2,11344.05,15,UPI,Marketplace,Delivered,2024-01-20
ORD04107,2026-06-04,CUST0588,Mumbai,West,Consumer,Beauty,Face Serum,4,1108.16,15,Net Banking,Online,Delivered,2023-01-04
ORD04108,2026-02-28,CUST1197,Kolkata,East,Consumer,Electronics,Smartphone,5,42627.78,0,UPI,Online,Delivered,2024-07-24
ORD04109,2025-11-11,CUST0826,Coimbatore,South,Consumer,Furniture,Office Chair,3,6145.88,5,UPI,Retail Store,Delivered,2024-08-02
ORD04110,2025-05-08,CUST0090,Coimbatore,South,Consumer,Beauty,Perfume,1,3010.73,15,Debit Card,Online,Delivered,2023-09-12
ORD04111,2025-02-01,CUST1193,Bengaluru,South,Consumer,Beauty,Hair Dryer,1,1699.0,10,Credit Card,Marketplace,Delivered,2025-04-16
ORD04112,2025-04-03,CUST0502,Delhi,North,Consumer,Fashion,Dress,2,5411.59,25,Net Banking,Marketplace,Delivered,2023-10-15
ORD04113,2026-06-03,CUST0345,Bengaluru,South,Small Business,Electronics,Smartwatch,1,9900.56,10,Cash on Delivery,Online,Delivered,2024-01-02
ORD04114,2025-09-15,CUST0686,Bengaluru,South,Small Business,Fashion,Jacket,5,3036.74,0,Credit Card,Online,Delivered,2025-02-09
ORD04115,2025-08-08,CUST0371,Kolkata,East,Small Business,Home Appliances,Washing Machine,1,48030.66,10,Net Banking,Online,Delivered,2025-05-08
ORD04116,2025-04-16,CUST0107,Kochi,South,Consumer,Electronics,Laptop,1,70245.28,5,Credit Card,Online,Delivered,2025-02-20
ORD04117,2026-07-02,CUST0002,Mumbai,West,Consumer,Furniture,Bed,1,37276.53,5,Debit Card,Marketplace,Delivered,2023-06-22
ORD04118,2026-02-20,CUST0548,Mumbai,West,Consumer,Electronics,Smartwatch,2,4918.74,10,Net Banking,Marketplace,Delivered,2023-04-18
ORD04119,2026-07-11,CUST0992,Hyderabad,South,Consumer,Electronics,Smartphone,2,75483.46,15,Credit Card,Online,Delivered,2024-07-06
ORD04120,2025-11-05,CUST0703,Bengaluru,South,Small Business,Furniture,Bed,1,43945.21,0,Debit Card,Retail Store,Delivered,2023-12-19
ORD04121,2026-01-01,CUST1200,Bengaluru,South,Small Business,Fashion,Dress,2,1991.31,20,Credit Card,Retail Store,Returned,2024-11-02
ORD04122,2026-06-05,CUST0343,Bengaluru,South,Consumer,Beauty,Makeup Kit,1,5017.37,25,Credit Card,Retail Store,Delivered,2024-10-01
ORD04123,2026-04-04,CUST0335,Coimbatore,South,Small Business,Fashion,T-Shirt,2,1566.13,10,Credit Card,Online,Delivered,2023-01-15
ORD04124,2026-08-22,CUST0184,Kolkata,East,Consumer,Beauty,Face Serum,1,958.03,20,Net Banking,Online,Delivered,2023-05-14
ORD04125,2026-01-05,CUST0186,Kochi,South,Corporate,Fashion,Jeans,1,3454.3,20,Net Banking,Online,Delivered,2024-01-28
ORD04126,2025-11-27,CUST0343,Pune,West,Small Business,Electronics,Smartphone,5,22752.73,15,UPI,Online,Delivered,2024-10-01
ORD04127,2025-01-11,CUST0948,Chennai,South,Consumer,Furniture,Bed,2,49723.95,5,Debit Card,Online,Delivered,2023-01-05
ORD04128,2026-05-22,CUST1077,Mumbai,West,Consumer,Fashion,Jeans,4,1718.5,20,UPI,Marketplace,Delivered,2024-12-27
ORD04129,2026-02-23,CUST1169,Bengaluru,South,Consumer,Furniture,Bed,1,43529.13,5,Debit Card,Marketplace,Delivered,2024-08-16
ORD04130,2025-05-02,CUST0252,Bengaluru,South,Small Business,Electronics,Headphones,3,7077.19,0,Cash on Delivery,Retail Store,Delivered,2025-02-08
ORD04131,2025-08-23,CUST1044,Kolkata,East,Small Business,Furniture,Office Chair,1,22604.17,25,Credit Card,Marketplace,Delivered,2024-01-31
ORD04132,2025-11-27,CUST0402,Kolkata,East,Consumer,Home Appliances,Air Conditioner,1,49733.96,15,UPI,Online,Delivered,2024-05-21
ORD04133,2026-06-27,CUST0126,Kolkata,East,Consumer,Beauty,Face Serum,1,2310.5,10,UPI,Online,Delivered,2024-08-18
ORD04134,2025-12-14,CUST1033,Pune,West,Consumer,Fashion,Shoes,1,3381.47,0,Cash on Delivery,Marketplace,Delivered,2024-10-31
ORD04135,2026-02-16,CUST0772,Bengaluru,South,Consumer,Fashion,Shoes,2,7288.6,5,UPI,Online,Delivered,2023-08-11
ORD04136,2025-08-12,CUST0188,Hyderabad,South,Consumer,Electronics,Tablet,1,27951.65,15,Credit Card,Retail Store,Delivered,2023-10-06
ORD04137,2025-06-02,CUST0525,Ahmedabad,West,Consumer,Furniture,Office Chair,2,10502.76,10,Credit Card,Online,Delivered,2024-07-18
ORD04138,2025-07-31,CUST0345,Hyderabad,South,Small Business,Fashion,Jacket,2,4105.57,20,UPI,Retail Store,Delivered,2024-01-02
ORD04139,2025-04-02,CUST0879,Kolkata,East,Small Business,Furniture,Bed,1,51069.21,15,UPI,Marketplace,Delivered,2023-09-27
ORD04140,2025-11-27,CUST0556,Hyderabad,South,Corporate,Home Appliances,Refrigerator,1,45881.82,10,Net Banking,Marketplace,Delivered,2024-09-17
ORD04141,2026-04-12,CUST1189,Chennai,South,Consumer,Beauty,Skincare Kit,3,2141.25,10,UPI,Retail Store,Delivered,2023-01-31
ORD04142,2026-07-08,CUST0064,Coimbatore,South,Consumer,Fashion,Jeans,1,4236.99,5,Debit Card,Marketplace,Delivered,2024-02-14
ORD04143,2025-08-16,CUST0448,Coimbatore,South,Consumer,Electronics,Headphones,3,9740.79,25,Net Banking,Marketplace,Delivered,2023-06-07
ORD04144,2025-07-13,CUST0596,Coimbatore,South,Consumer,Electronics,Laptop,1,65525.83,25,Cash on Delivery,Retail Store,Returned,2025-02-13
ORD04145,2026-06-14,CUST0621,Kochi,South,Consumer,Electronics,Tablet,1,26324.54,0,Credit Card,Online,Delivered,2024-05-27
ORD04146,2025-08-31,CUST0377,Bengaluru,South,Consumer,Beauty,Makeup Kit,3,3935.94,10,UPI,Online,Delivered,2024-06-25
ORD04147,2026-01-24,CUST0871,Bengaluru,South,Consumer,Home Appliances,Refrigerator,3,27200.6,10,UPI,Marketplace,Delivered,2023-07-13
ORD04148,2025-10-03,CUST1038,Bengaluru,South,Consumer,Furniture,Dining Table,2,32013.88,0,UPI,Online,Delivered,2024-01-01
ORD04149,2026-03-26,CUST1121,Bengaluru,South,Consumer,Electronics,Tablet,3,18818.19,5,Debit Card,Online,Delivered,2024-02-18
ORD04150,2026-08-10,CUST0959,Pune,West,Consumer,Home Appliances,Washing Machine,1,49142.33,10,Debit Card,Retail Store,Delivered,2023-11-03
ORD04151,2026-07-28,CUST1014,Mumbai,West,Corporate,Home Appliances,Refrigerator,2,35585.12,15,UPI,Online,Delivered,2023-12-02
ORD04152,2026-04-23,CUST0672,Bengaluru,South,Consumer,Beauty,Hair Dryer,1,2686.18,10,UPI,Online,Delivered,2023-08-03
ORD04153,2026-04-25,CUST0973,Mumbai,West,Small Business,Home Appliances,Mixer,3,5475.05,15,UPI,Retail Store,Delivered,2024-11-17
ORD04154,2025-10-15,CUST0370,Kochi,South,Consumer,Fashion,Dress,1,5942.97,15,Net Banking,Online,Delivered,2023-06-01
ORD04155,2026-06-24,CUST0495,Pune,West,Consumer,Furniture,Sofa,4,67548.11,5,UPI,Marketplace,Returned,2023-02-11
ORD04156,2025-11-26,CUST0380,Delhi,North,Consumer,Home Appliances,Mixer,2,7357.52,15,UPI,Retail Store,Delivered,2024-10-17
ORD04157,2026-04-15,CUST0568,Coimbatore,South,Corporate,Beauty,Skincare Kit,3,3931.61,15,UPI,Retail Store,Returned,2023-03-25
ORD04158,2026-06-18,CUST0343,Kochi,South,Consumer,Fashion,Jeans,2,2388.24,0,UPI,Online,Cancelled,2024-10-01
ORD04159,2026-04-12,CUST1149,Mumbai,West,Consumer,Fashion,Jeans,2,4933.87,25,Net Banking,Online,Delivered,2024-12-01
ORD04160,2026-02-24,CUST0374,Mumbai,West,Corporate,Home Appliances,Mixer,3,3540.07,10,Credit Card,Online,Delivered,2023-10-06
ORD04161,2026-08-31,CUST0114,Pune,West,Consumer,Electronics,Smartphone,1,46227.52,5,UPI,Marketplace,Delivered,2024-01-12
ORD04162,2025-05-02,CUST0649,Ahmedabad,West,Small Business,Beauty,Hair Dryer,5,3614.9,15,UPI,Marketplace,Delivered,2024-06-09
ORD04163,2025-11-04,CUST0069,Coimbatore,South,Consumer,Beauty,Hair Dryer,1,3196.89,0,Credit Card,Retail Store,Delivered,2023-11-28
ORD04164,2025-11-30,CUST0124,Kochi,South,Small Business,Home Appliances,Air Conditioner,2,64553.63,20,UPI,Online,Delivered,2024-04-20
ORD04165,2026-02-24,CUST0238,Kolkata,East,Consumer,Electronics,Headphones,1,10338.89,10,Net Banking,Online,Delivered,2025-05-26
ORD04166,2025-11-22,CUST0566,Kochi,South,Small Business,Beauty,Face Serum,1,3332.28,15,UPI,Retail Store,Delivered,2023-07-17
ORD04167,2026-07-27,CUST0530,Kochi,South,Corporate,Furniture,Office Chair,5,8640.11,10,Net Banking,Retail Store,Delivered,2024-10-11
ORD04168,2025-09-07,CUST0953,Coimbatore,South,Small Business,Home Appliances,Refrigerator,3,64211.43,5,Credit Card,Online,Delivered,2023-09-04
ORD04169,2025-04-05,CUST0884,Kochi,South,Small Business,Furniture,Office Chair,4,6731.51,5,UPI,Retail Store,Delivered,2023-09-29
ORD04170,2025-10-23,CUST0522,Chennai,South,Consumer,Fashion,Dress,2,6312.73,25,Net Banking,Online,Delivered,2024-10-17
ORD04171,2025-07-03,CUST0413,Coimbatore,South,Consumer,Furniture,Dining Table,1,30560.45,0,Cash on Delivery,Retail Store,Delivered,2024-04-19
ORD04172,2025-09-17,CUST0379,Mumbai,West,Consumer,Beauty,Makeup Kit,1,4857.43,10,Debit Card,Marketplace,Delivered,2023-05-28
ORD04173,2025-07-05,CUST0920,Coimbatore,South,Small Business,Home Appliances,Refrigerator,1,56557.22,10,UPI,Marketplace,Delivered,2023-05-09
ORD04174,2026-02-13,CUST0063,Pune,West,Consumer,Fashion,Jeans,2,4054.26,20,Net Banking,Online,Delivered,2023-08-24
ORD04175,2025-03-10,CUST0022,Delhi,North,Corporate,Home Appliances,Refrigerator,1,55123.05,5,UPI,Online,Delivered,2025-03-23
ORD04176,2026-09-19,CUST0948,Mumbai,West,Consumer,Beauty,Makeup Kit,1,5188.52,20,UPI,Marketplace,Delivered,2023-01-05
ORD04177,2025-01-08,CUST0588,Mumbai,West,Consumer,Fashion,Jacket,1,6090.95,5,Net Banking,Online,Delivered,2023-01-04
ORD04178,2025-09-22,CUST0147,Ahmedabad,West,Small Business,Home Appliances,Mixer,1,6837.47,15,UPI,Marketplace,Delivered,2023-11-29
ORD04179,2026-04-29,CUST0254,Delhi,North,Corporate,Furniture,Bookshelf,3,9364.12,0,Net Banking,Marketplace,Delivered,2023-07-15
ORD04180,2026-09-09,CUST1113,Ahmedabad,West,Small Business,Electronics,Laptop,2,48894.25,15,UPI,Online,Delivered,2025-06-01
ORD04181,2026-01-06,CUST1023,Kolkata,East,Consumer,Electronics,Smartphone,2,52496.19,25,Net Banking,Marketplace,Delivered,2024-02-27
ORD04182,2025-03-24,CUST0848,Pune,West,Consumer,Electronics,Headphones,1,10286.71,15,Debit Card,Online,Delivered,2024-03-24
ORD04183,2025-07-30,CUST0596,Kochi,South,Small Business,Furniture,Sofa,1,62169.82,15,Net Banking,Online,Delivered,2025-02-13
ORD04184,2025-11-09,CUST0641,Hyderabad,South,Consumer,Home Appliances,Microwave,1,18291.46,10,Credit Card,Retail Store,Delivered,2025-04-29
ORD04185,2026-08-27,CUST1169,Chennai,South,Consumer,Home Appliances,Air Conditioner,4,44495.2,0,Debit Card,Retail Store,Delivered,2024-08-16
ORD04186,2025-12-03,CUST1155,Bengaluru,South,Consumer,Beauty,Skincare Kit,1,1747.77,10,UPI,Retail Store,Cancelled,2025-02-14
ORD04187,2026-05-05,CUST0237,Delhi,North,Consumer,Furniture,Dining Table,5,48017.36,10,UPI,Retail Store,Delivered,2023-11-25
ORD04188,2026-02-07,CUST0966,Kochi,South,Consumer,Electronics,Smartphone,1,53551.81,10,UPI,Online,Delivered,2025-01-24
ORD04189,2025-07-10,CUST0226,Pune,West,Small Business,Electronics,Smartphone,2,25091.69,15,Debit Card,Retail Store,Delivered,2023-10-03
ORD04190,2025-12-01,CUST0236,Bengaluru,South,Consumer,Electronics,Headphones,1,12371.6,0,Credit Card,Marketplace,Returned,2025-05-25
ORD04191,2026-06-06,CUST0818,Pune,West,Small Business,Home Appliances,Air Conditioner,1,57120.36,25,Cash on Delivery,Retail Store,Cancelled,2025-04-09
ORD04192,2026-09-11,CUST0498,Hyderabad,South,Small Business,Fashion,Jacket,1,2492.51,15,Debit Card,Marketplace,Delivered,2023-07-21
ORD04193,2025-03-28,CUST1112,Hyderabad,South,Corporate,Home Appliances,Refrigerator,2,28144.37,5,UPI,Retail Store,Delivered,2025-02-24
ORD04194,2026-08-02,CUST0108,Kolkata,East,Consumer,Electronics,Smartphone,1,73941.42,15,UPI,Marketplace,Delivered,2023-06-11
ORD04195,2025-03-03,CUST0632,Ahmedabad,West,Corporate,Furniture,Sofa,1,61985.77,15,Credit Card,Online,Delivered,2024-02-11
ORD04196,2026-01-22,CUST1095,Kolkata,East,Small Business,Home Appliances,Air Conditioner,5,49915.3,15,Net Banking,Online,Returned,2024-09-13
ORD04197,2025-05-26,CUST1075,Ahmedabad,West,Corporate,Home Appliances,Air Conditioner,1,30026.77,15,Credit Card,Marketplace,Delivered,2024-08-09
ORD04198,2025-06-02,CUST0179,Delhi,North,Consumer,Home Appliances,Refrigerator,1,40286.85,10,Net Banking,Online,Delivered,2025-04-27
ORD04199,2026-09-11,CUST0462,Chennai,South,Consumer,Electronics,Laptop,1,72192.0,20,Net Banking,Retail Store,Delivered,2023-02-17
ORD04200,2025-12-15,CUST0755,Ahmedabad,West,Small Business,Fashion,Dress,1,5572.41,20,Credit Card,Marketplace,Delivered,2024-07-18
ORD04201,2025-06-27,CUST0182,Delhi,North,Small Business,Furniture,Sofa,4,50842.3,0,UPI,Marketplace,Delivered,2023-05-07
ORD04202,2026-05-02,CUST1157,Kochi,South,Consumer,Home Appliances,Microwave,3,21090.98,10,UPI,Marketplace,Delivered,2024-05-28
ORD04203,2025-09-04,CUST1089,Kolkata,East,Consumer,Furniture,Office Chair,1,21679.63,20,Credit Card,Marketplace,Delivered,2023-07-11
ORD04204,2025-09-11,CUST0192,Chennai,South,Small Business,Furniture,Sofa,5,48743.86,10,UPI,Retail Store,Delivered,2023-06-20
ORD04205,2026-05-15,CUST0137,Pune,West,Consumer,Home Appliances,Air Conditioner,2,62948.73,15,UPI,Marketplace,Delivered,2024-06-06
ORD04206,2026-06-25,CUST0104,Bengaluru,South,Consumer,Fashion,Shoes,1,5177.31,0,Debit Card,Marketplace,Delivered,2025-01-08
ORD04207,2025-12-18,CUST1085,Kolkata,East,Consumer,Furniture,Sofa,2,50655.5,15,Debit Card,Retail Store,Delivered,2025-06-04
ORD04208,2026-05-27,CUST0221,Coimbatore,South,Corporate,Fashion,T-Shirt,1,942.85,20,Credit Card,Retail Store,Delivered,2023-12-30
ORD04209,2025-01-13,CUST0511,Kochi,South,Consumer,Furniture,Office Chair,4,12783.52,15,UPI,Marketplace,Delivered,2024-02-28
ORD04210,2026-07-13,CUST0548,Coimbatore,South,Consumer,Home Appliances,Mixer,1,3749.79,15,Cash on Delivery,Online,Delivered,2023-04-18
ORD04211,2025-05-31,CUST0740,Bengaluru,South,Consumer,Electronics,Headphones,2,2095.46,15,UPI,Marketplace,Delivered,2023-07-01
ORD04212,2025-02-19,CUST0087,Mumbai,West,Consumer,Home Appliances,Washing Machine,1,29574.61,0,Credit Card,Retail Store,Delivered,2024-03-30
ORD04213,2025-08-03,CUST0245,Bengaluru,South,Corporate,Furniture,Bed,1,31413.37,25,Credit Card,Marketplace,Returned,2025-04-06
ORD04214,2026-01-07,CUST1112,Bengaluru,South,Corporate,Furniture,Sofa,1,78330.22,20,Net Banking,Retail Store,Delivered,2025-02-24
ORD04215,2025-04-23,CUST1084,Bengaluru,South,Consumer,Fashion,Jeans,3,1875.18,20,UPI,Marketplace,Delivered,2024-05-14
ORD04216,2025-09-09,CUST0931,Delhi,North,Small Business,Fashion,Jeans,1,3741.53,25,Credit Card,Online,Delivered,2024-10-07
ORD04217,2025-12-07,CUST0026,Mumbai,West,Consumer,Home Appliances,Refrigerator,1,56694.0,20,Net Banking,Online,Delivered,2024-07-16
ORD04218,2025-02-22,CUST0402,Pune,West,Consumer,Fashion,Dress,1,3444.17,5,UPI,Marketplace,Delivered,2024-05-21
ORD04219,2025-05-10,CUST0766,Kochi,South,Consumer,Electronics,Smartwatch,1,5931.95,15,Credit Card,Online,Delivered,2023-01-25
ORD04220,2025-07-12,CUST0320,Mumbai,West,Consumer,Furniture,Dining Table,1,50180.68,25,Credit Card,Online,Delivered,2024-06-13
ORD04221,2026-08-14,CUST1085,Pune,West,Consumer,Electronics,Tablet,1,21321.9,5,Credit Card,Online,Delivered,2025-06-04
ORD04222,2025-02-26,CUST0771,Ahmedabad,West,Consumer,Electronics,Smartwatch,5,11332.61,20,Debit Card,Online,Returned,2024-04-18
ORD04223,2025-04-07,CUST0087,Chennai,South,Consumer,Electronics,Smartwatch,1,14203.74,10,Cash on Delivery,Marketplace,Delivered,2024-03-30
ORD04224,2025-07-17,CUST1085,Hyderabad,South,Consumer,Beauty,Skincare Kit,2,967.61,10,UPI,Online,Delivered,2025-06-04
ORD04225,2025-05-27,CUST1142,Chennai,South,Small Business,Fashion,T-Shirt,1,1935.5,0,Debit Card,Retail Store,Delivered,2023-05-06
ORD04226,2026-07-29,CUST0095,Kolkata,East,Consumer,Fashion,T-Shirt,4,2054.23,10,Credit Card,Retail Store,Delivered,2024-05-22
ORD04227,2026-07-31,CUST0657,Coimbatore,South,Consumer,Beauty,Makeup Kit,1,4179.19,0,UPI,Online,Delivered,2024-09-17
ORD04228,2025-10-22,CUST0369,Pune,West,Consumer,Fashion,T-Shirt,1,1329.53,5,UPI,Retail Store,Delivered,2025-04-03
ORD04229,2026-09-13,CUST0486,Chennai,South,Consumer,Beauty,Makeup Kit,2,3474.71,0,UPI,Marketplace,Delivered,2024-02-12
ORD04230,2025-01-12,CUST0208,Kochi,South,Consumer,Fashion,Jeans,2,4146.32,0,UPI,Online,Delivered,2024-05-08
ORD04231,2025-11-29,CUST0707,Pune,West,Consumer,Fashion,Jacket,1,6021.7,5,UPI,Marketplace,Delivered,2025-02-28
ORD04232,2025-08-08,CUST1142,Hyderabad,South,Consumer,Electronics,Smartphone,1,56112.47,0,Debit Card,Online,Delivered,2023-05-06
ORD04233,2026-02-02,CUST0621,Bengaluru,South,Corporate,Fashion,Shoes,4,4503.94,20,UPI,Online,Delivered,2024-05-27
ORD04234,2025-12-08,CUST0103,Coimbatore,South,Small Business,Electronics,Smartphone,1,41865.15,15,UPI,Online,Delivered,2025-05-17
ORD04235,2026-05-27,CUST0755,Hyderabad,South,Consumer,Electronics,Headphones,3,13107.38,5,Credit Card,Marketplace,Delivered,2024-07-18
ORD04236,2025-06-21,CUST0423,Bengaluru,South,Small Business,Fashion,T-Shirt,1,1506.98,20,Credit Card,Retail Store,Delivered,2023-05-29
ORD04237,2026-04-13,CUST1021,Kolkata,East,Consumer,Fashion,T-Shirt,2,2154.05,10,UPI,Retail Store,Returned,2023-05-09
ORD04238,2025-06-15,CUST0530,Kolkata,East,Consumer,Fashion,T-Shirt,3,747.67,5,UPI,Marketplace,Delivered,2024-10-11
ORD04239,2025-06-19,CUST0221,Pune,West,Corporate,Home Appliances,Washing Machine,1,58576.2,5,Credit Card,Online,Delivered,2023-12-30
ORD04240,2026-07-18,CUST0221,Delhi,North,Small Business,Beauty,Perfume,1,7479.34,20,UPI,Retail Store,Delivered,2023-12-30
ORD04241,2026-05-27,CUST0916,Hyderabad,South,Consumer,Furniture,Bookshelf,1,9672.64,0,Credit Card,Marketplace,Delivered,2023-10-20
ORD04242,2025-07-08,CUST0311,Ahmedabad,West,Small Business,Beauty,Perfume,2,1944.62,20,Debit Card,Online,Delivered,2025-04-21
ORD04243,2025-04-30,CUST0913,Kochi,South,Consumer,Furniture,Bed,2,37065.4,5,UPI,Online,Delivered,2024-09-18
ORD04244,2025-04-15,CUST0231,Delhi,North,Consumer,Furniture,Bed,1,73340.45,0,Credit Card,Retail Store,Delivered,2023-04-18
ORD04245,2025-02-10,CUST0386,Chennai,South,Consumer,Fashion,T-Shirt,5,1704.1,15,Cash on Delivery,Retail Store,Delivered,2025-01-17
ORD04246,2025-11-17,CUST0567,Chennai,South,Consumer,Electronics,Headphones,1,8474.67,20,Credit Card,Online,Delivered,2025-04-16
ORD04247,2025-12-01,CUST1122,Bengaluru,South,Consumer,Beauty,Face Serum,2,2877.82,20,UPI,Retail Store,Delivered,2024-06-10
ORD04248,2025-06-09,CUST1112,Chennai,South,Consumer,Home Appliances,Microwave,1,14636.89,15,Credit Card,Online,Delivered,2025-02-24
ORD04249,2025-09-21,CUST0231,Hyderabad,South,Corporate,Furniture,Sofa,2,36254.59,5,UPI,Online,Delivered,2023-04-18
ORD04250,2026-06-14,CUST0453,Delhi,North,Corporate,Fashion,Jacket,1,1967.39,15,Debit Card,Online,Delivered,2024-01-15
ORD04251,2026-04-22,CUST0168,Coimbatore,South,Consumer,Electronics,Headphones,1,4602.76,10,Credit Card,Marketplace,Delivered,2023-11-01
ORD04252,2025-12-18,CUST0628,Mumbai,West,Small Business,Home Appliances,Air Conditioner,1,56097.46,15,Net Banking,Retail Store,Delivered,2024-10-10
ORD04253,2026-06-29,CUST0564,Coimbatore,South,Consumer,Electronics,Tablet,2,16614.74,15,UPI,Marketplace,Delivered,2023-05-25
ORD04254,2025-07-29,CUST1072,Chennai,South,Small Business,Electronics,Tablet,3,49743.24,10,UPI,Retail Store,Delivered,2024-11-03
ORD04255,2026-05-11,CUST1110,Kolkata,East,Consumer,Home Appliances,Refrigerator,3,46844.85,5,UPI,Retail Store,Delivered,2023-09-30
ORD04256,2026-01-17,CUST0481,Kochi,South,Corporate,Home Appliances,Refrigerator,5,59450.18,0,Debit Card,Online,Cancelled,2023-10-01
ORD04257,2026-04-26,CUST0609,Ahmedabad,West,Consumer,Electronics,Tablet,1,25074.39,10,Credit Card,Online,Delivered,2023-07-14
ORD04258,2025-01-05,CUST1066,Coimbatore,South,Corporate,Furniture,Bed,1,39100.18,20,Credit Card,Online,Delivered,2023-04-05
ORD04259,2025-02-03,CUST0959,Kolkata,East,Corporate,Electronics,Smartphone,3,79913.23,10,Cash on Delivery,Online,Delivered,2023-11-03
ORD04260,2025-05-25,CUST0007,Pune,West,Small Business,Beauty,Face Serum,1,1874.73,15,UPI,Retail Store,Delivered,2024-05-15
ORD04261,2025-12-17,CUST0386,Mumbai,West,Consumer,Furniture,Office Chair,1,13663.74,15,UPI,Online,Delivered,2025-01-17
ORD04262,2026-08-06,CUST0519,Ahmedabad,West,Consumer,Furniture,Dining Table,4,20792.9,15,Credit Card,Online,Delivered,2023-10-31
ORD04263,2026-04-10,CUST0247,Kochi,South,Consumer,Fashion,Jeans,2,2369.14,15,UPI,Online,Delivered,2025-05-14
ORD04264,2025-12-14,CUST0226,Ahmedabad,West,Corporate,Home Appliances,Microwave,2,8240.79,10,UPI,Retail Store,Delivered,2023-10-03
ORD04265,2025-05-05,CUST0050,Delhi,North,Consumer,Furniture,Sofa,1,79274.19,0,UPI,Retail Store,Delivered,2023-12-17
ORD04266,2025-09-28,CUST0781,Hyderabad,South,Consumer,Furniture,Dining Table,2,35275.86,10,UPI,Marketplace,Returned,2025-03-29
ORD04267,2025-12-23,CUST0305,Chennai,South,Consumer,Furniture,Dining Table,3,56886.54,5,Debit Card,Retail Store,Delivered,2024-11-09
ORD04268,2026-06-11,CUST0063,Bengaluru,South,Consumer,Home Appliances,Mixer,1,9266.51,10,Credit Card,Retail Store,Cancelled,2023-08-24
ORD04269,2026-05-13,CUST0250,Hyderabad,South,Small Business,Electronics,Tablet,1,42152.88,5,Credit Card,Online,Delivered,2024-06-06
ORD04270,2025-06-02,CUST0956,Ahmedabad,West,Small Business,Home Appliances,Air Conditioner,1,37370.1,20,Credit Card,Online,Delivered,2024-10-10
ORD04271,2025-02-22,CUST1014,Ahmedabad,West,Corporate,Home Appliances,Air Conditioner,1,40057.08,15,Credit Card,Online,Delivered,2023-12-02
ORD04272,2025-05-29,CUST0599,Kolkata,East,Corporate,Beauty,Face Serum,1,2497.81,10,Debit Card,Retail Store,Delivered,2023-11-16
ORD04273,2026-05-18,CUST0511,Hyderabad,South,Corporate,Electronics,Tablet,1,48689.94,0,UPI,Online,Delivered,2024-02-28
ORD04274,2026-03-26,CUST1173,Coimbatore,South,Consumer,Electronics,Headphones,5,14550.49,10,Net Banking,Online,Delivered,2023-04-07
ORD04275,2025-08-07,CUST0226,Kochi,South,Corporate,Electronics,Laptop,1,90310.92,20,UPI,Online,Delivered,2023-10-03
ORD04276,2026-09-17,CUST0237,Mumbai,West,Consumer,Furniture,Sofa,2,68108.92,5,Credit Card,Online,Delivered,2023-11-25
ORD04277,2025-10-04,CUST0352,Mumbai,West,Small Business,Home Appliances,Microwave,2,23212.02,0,Credit Card,Retail Store,Delivered,2023-01-13
ORD04278,2026-03-28,CUST0201,Coimbatore,South,Consumer,Home Appliances,Mixer,1,9630.34,20,UPI,Online,Delivered,2024-05-22
ORD04279,2026-03-04,CUST0472,Delhi,North,Consumer,Electronics,Smartphone,5,61726.22,20,Net Banking,Online,Delivered,2024-01-23
ORD04280,2025-03-24,CUST1088,Kochi,South,Small Business,Furniture,Bed,1,25521.52,10,Net Banking,Online,Delivered,2023-09-17
ORD04281,2025-08-06,CUST0755,Coimbatore,South,Consumer,Electronics,Smartwatch,2,18961.28,15,Debit Card,Marketplace,Delivered,2024-07-18
ORD04282,2026-06-11,CUST0507,Chennai,South,Consumer,Fashion,Dress,1,4916.48,15,Cash on Delivery,Retail Store,Delivered,2024-09-29
ORD04283,2026-02-08,CUST1119,Bengaluru,South,Corporate,Home Appliances,Air Conditioner,1,43962.37,15,Debit Card,Retail Store,Cancelled,2023-12-13
ORD04284,2025-10-17,CUST0057,Kolkata,East,Small Business,Electronics,Smartphone,1,41655.61,5,Debit Card,Online,Returned,2024-01-13
ORD04285,2026-02-24,CUST0233,Bengaluru,South,Consumer,Home Appliances,Mixer,1,6569.06,20,Credit Card,Retail Store,Cancelled,2023-06-25
ORD04286,2025-12-05,CUST0700,Coimbatore,South,Consumer,Electronics,Smartphone,1,65662.27,15,Net Banking,Online,Delivered,2025-04-02
ORD04287,2026-02-23,CUST0755,Kolkata,East,Consumer,Furniture,Sofa,4,75744.45,25,UPI,Retail Store,Returned,2024-07-18
ORD04288,2025-07-26,CUST0051,Mumbai,West,Consumer,Fashion,Jacket,2,6572.28,20,Debit Card,Online,Returned,2023-01-09
ORD04289,2025-09-22,CUST0498,Kolkata,East,Consumer,Electronics,Smartwatch,1,7432.0,10,Net Banking,Online,Delivered,2023-07-21
ORD04290,2025-02-05,CUST0789,Ahmedabad,West,Consumer,Electronics,Smartwatch,1,18726.23,15,Net Banking,Marketplace,Delivered,2025-03-20
ORD04291,2026-01-08,CUST0842,Pune,West,Consumer,Fashion,Dress,1,1506.7,0,UPI,Marketplace,Delivered,2024-01-29
ORD04292,2026-05-03,CUST0772,Chennai,South,Consumer,Home Appliances,Air Conditioner,2,57898.62,0,Credit Card,Marketplace,Delivered,2023-08-11
ORD04293,2025-09-16,CUST0386,Chennai,South,Consumer,Home Appliances,Air Conditioner,3,54399.03,10,Credit Card,Marketplace,Delivered,2025-01-17
ORD04294,2026-06-15,CUST0112,Kochi,South,Corporate,Electronics,Laptop,3,71161.46,10,Debit Card,Marketplace,Delivered,2024-12-17
ORD04295,2025-01-23,CUST0524,Chennai,South,Consumer,Fashion,Dress,1,2515.88,0,UPI,Online,Delivered,2024-11-05
ORD04296,2025-04-14,CUST0147,Pune,West,Small Business,Home Appliances,Mixer,3,9524.4,10,Debit Card,Marketplace,Delivered,2023-11-29
ORD04297,2025-08-29,CUST1127,Kochi,South,Small Business,Furniture,Bed,1,37436.75,15,UPI,Marketplace,Returned,2025-05-15
ORD04298,2025-09-10,CUST0581,Kolkata,East,Small Business,Home Appliances,Microwave,2,16330.55,0,UPI,Marketplace,Delivered,2023-12-07
ORD04299,2025-05-22,CUST0381,Pune,West,Consumer,Electronics,Smartphone,2,73169.17,20,UPI,Online,Delivered,2023-03-08
ORD04300,2026-03-27,CUST0911,Mumbai,West,Consumer,Furniture,Sofa,2,59529.85,10,UPI,Online,Delivered,2024-05-24
ORD04301,2025-11-03,CUST0616,Coimbatore,South,Small Business,Electronics,Smartwatch,2,11875.86,15,UPI,Retail Store,Delivered,2023-09-01
ORD04302,2026-05-15,CUST0374,Ahmedabad,West,Consumer,Electronics,Smartphone,2,43483.24,10,Cash on Delivery,Retail Store,Delivered,2023-10-06
ORD04303,2026-09-14,CUST0969,Kolkata,East,Small Business,Home Appliances,Air Conditioner,2,36752.48,15,Credit Card,Online,Delivered,2023-01-10
ORD04304,2025-01-08,CUST1032,Kolkata,East,Consumer,Home Appliances,Mixer,1,9110.8,10,Net Banking,Retail Store,Delivered,2023-10-04
ORD04305,2025-03-10,CUST0818,Hyderabad,South,Corporate,Fashion,Jacket,4,2454.65,10,Credit Card,Marketplace,Delivered,2025-04-09
ORD04306,2026-07-29,CUST0056,Mumbai,West,Consumer,Electronics,Laptop,1,68212.55,10,Net Banking,Online,Delivered,2023-12-24
ORD04307,2025-03-09,CUST0700,Mumbai,West,Consumer,Electronics,Laptop,1,97055.46,0,Debit Card,Marketplace,Delivered,2025-04-02
ORD04308,2026-02-12,CUST0908,Coimbatore,South,Corporate,Electronics,Headphones,1,3969.09,10,Debit Card,Marketplace,Delivered,2024-01-18
ORD04309,2026-06-02,CUST0158,Kochi,South,Consumer,Home Appliances,Mixer,3,2595.97,10,Net Banking,Online,Delivered,2023-09-14
ORD04310,2025-04-29,CUST0245,Mumbai,West,Consumer,Fashion,Jacket,1,6739.0,25,Credit Card,Marketplace,Delivered,2025-04-06
ORD04311,2025-01-31,CUST1048,Ahmedabad,West,Consumer,Furniture,Dining Table,1,56805.67,5,UPI,Online,Delivered,2024-08-08
ORD04312,2026-06-02,CUST0026,Chennai,South,Corporate,Electronics,Smartwatch,1,18681.56,10,Credit Card,Marketplace,Delivered,2024-07-16
ORD04313,2026-04-28,CUST0890,Delhi,North,Consumer,Beauty,Perfume,1,4046.87,15,Net Banking,Marketplace,Delivered,2024-03-09
ORD04314,2025-07-26,CUST0580,Kochi,South,Consumer,Fashion,Dress,1,4804.23,15,Credit Card,Online,Delivered,2023-09-03
ORD04315,2026-08-02,CUST0547,Coimbatore,South,Small Business,Fashion,Jeans,2,4546.24,0,Net Banking,Online,Delivered,2023-12-17
ORD04316,2026-01-22,CUST0016,Coimbatore,South,Consumer,Electronics,Smartphone,1,20514.16,5,Credit Card,Marketplace,Delivered,2025-04-07
ORD04317,2026-02-16,CUST0971,Hyderabad,South,Consumer,Furniture,Bookshelf,1,7014.64,20,Credit Card,Retail Store,Delivered,2024-07-15
ORD04318,2026-01-05,CUST0456,Bengaluru,South,Consumer,Fashion,Shoes,2,3543.59,10,Debit Card,Retail Store,Delivered,2023-03-03
ORD04319,2025-12-19,CUST0661,Kolkata,East,Small Business,Fashion,T-Shirt,1,2200.31,0,Net Banking,Online,Delivered,2025-06-15
ORD04320,2025-12-02,CUST0821,Ahmedabad,West,Consumer,Electronics,Smartwatch,1,12626.18,25,UPI,Online,Delivered,2024-11-23
ORD04321,2025-10-16,CUST0845,Mumbai,West,Corporate,Electronics,Smartphone,3,17305.48,0,Debit Card,Online,Delivered,2024-07-23
ORD04322,2025-05-20,CUST1141,Mumbai,West,Consumer,Fashion,Jacket,5,3485.45,10,Debit Card,Online,Delivered,2024-06-25
ORD04323,2025-10-27,CUST0656,Ahmedabad,West,Consumer,Home Appliances,Mixer,3,9957.77,5,Credit Card,Online,Delivered,2024-12-07
ORD04324,2025-01-13,CUST0496,Kolkata,East,Consumer,Beauty,Skincare Kit,1,2613.89,20,UPI,Online,Delivered,2023-12-31
ORD04325,2026-03-04,CUST1138,Hyderabad,South,Consumer,Electronics,Smartwatch,2,11366.8,10,Net Banking,Retail Store,Delivered,2023-04-16
ORD04326,2026-02-04,CUST0777,Mumbai,West,Consumer,Furniture,Sofa,5,72524.55,10,Credit Card,Marketplace,Delivered,2024-02-06
ORD04327,2025-04-19,CUST0365,Pune,West,Consumer,Furniture,Sofa,1,20301.37,5,Credit Card,Online,Delivered,2024-06-27
ORD04328,2026-04-30,CUST0143,Mumbai,West,Consumer,Home Appliances,Air Conditioner,3,31586.13,10,Credit Card,Retail Store,Delivered,2025-02-24
ORD04329,2025-12-22,CUST1001,Pune,West,Consumer,Beauty,Face Serum,1,781.81,10,Credit Card,Marketplace,Returned,2025-04-07
ORD04330,2025-05-29,CUST0458,Ahmedabad,West,Consumer,Furniture,Office Chair,1,21596.84,10,Credit Card,Online,Delivered,2025-02-24
ORD04331,2025-11-03,CUST0797,Mumbai,West,Consumer,Electronics,Smartwatch,1,17011.59,0,Credit Card,Online,Delivered,2023-05-30
ORD04332,2026-06-17,CUST0571,Chennai,South,Corporate,Beauty,Face Serum,2,2590.09,10,Net Banking,Online,Delivered,2024-04-01
ORD04333,2025-03-01,CUST0226,Bengaluru,South,Consumer,Electronics,Tablet,1,40690.97,10,UPI,Marketplace,Delivered,2023-10-03
ORD04334,2026-03-11,CUST0742,Mumbai,West,Small Business,Electronics,Smartphone,2,58275.51,20,UPI,Online,Delivered,2023-07-28
ORD04335,2025-01-21,CUST0073,Chennai,South,Consumer,Beauty,Face Serum,3,3759.97,10,Cash on Delivery,Online,Returned,2024-10-10
ORD04336,2026-01-17,CUST0507,Pune,West,Consumer,Beauty,Skincare Kit,2,1039.29,0,UPI,Retail Store,Delivered,2024-09-29
ORD04337,2025-09-02,CUST0669,Delhi,North,Consumer,Beauty,Face Serum,2,844.27,0,Debit Card,Online,Delivered,2023-03-08
ORD04338,2025-03-14,CUST0533,Kochi,South,Corporate,Electronics,Headphones,3,13456.94,5,Debit Card,Online,Delivered,2025-03-09
ORD04339,2026-03-25,CUST0889,Mumbai,West,Consumer,Beauty,Face Serum,1,2091.3,5,Credit Card,Online,Delivered,2025-03-16
ORD04340,2025-03-17,CUST0976,Kolkata,East,Consumer,Fashion,Jeans,2,2623.85,10,Debit Card,Retail Store,Delivered,2023-02-07
ORD04341,2026-08-13,CUST0920,Coimbatore,South,Corporate,Home Appliances,Refrigerator,3,49542.64,25,UPI,Marketplace,Delivered,2023-05-09
ORD04342,2026-01-25,CUST0050,Hyderabad,South,Consumer,Furniture,Bookshelf,5,9718.33,15,Net Banking,Online,Cancelled,2023-12-17
ORD04343,2026-07-31,CUST0221,Kochi,South,Corporate,Furniture,Bookshelf,1,20182.39,0,Credit Card,Online,Delivered,2023-12-30
ORD04344,2025-12-08,CUST0659,Pune,West,Corporate,Electronics,Smartwatch,2,21724.83,15,UPI,Retail Store,Cancelled,2023-06-10
ORD04345,2025-10-17,CUST1120,Kochi,South,Consumer,Electronics,Headphones,1,14387.58,10,UPI,Marketplace,Delivered,2025-03-26
ORD04346,2026-07-22,CUST0989,Hyderabad,South,Small Business,Home Appliances,Microwave,1,16668.84,5,Cash on Delivery,Marketplace,Delivered,2025-03-18
ORD04347,2025-11-27,CUST1001,Chennai,South,Small Business,Fashion,Shoes,3,8717.06,10,Credit Card,Marketplace,Delivered,2025-04-07
ORD04348,2025-09-16,CUST0369,Mumbai,West,Consumer,Beauty,Makeup Kit,2,4675.87,5,UPI,Marketplace,Delivered,2025-04-03
ORD04349,2026-03-02,CUST0525,Mumbai,West,Corporate,Beauty,Face Serum,4,3570.87,15,Credit Card,Online,Delivered,2024-07-18
ORD04350,2025-01-06,CUST0571,Mumbai,West,Consumer,Electronics,Smartphone,5,55314.65,15,Debit Card,Marketplace,Delivered,2024-04-01
ORD04351,2025-01-06,CUST0179,Kochi,South,Small Business,Electronics,Smartphone,1,32192.24,15,Debit Card,Online,Delivered,2025-04-27
ORD04352,2025-07-10,CUST0041,Kochi,South,Consumer,Fashion,Shoes,3,5797.9,10,Net Banking,Retail Store,Delivered,2023-09-03
ORD04353,2025-05-28,CUST1126,Chennai,South,Consumer,Furniture,Office Chair,3,11053.17,15,UPI,Online,Returned,2024-03-03
ORD04354,2026-02-09,CUST0260,Kolkata,East,Small Business,Home Appliances,Washing Machine,1,46915.59,15,UPI,Online,Delivered,2024-11-16
ORD04355,2025-09-15,CUST0259,Ahmedabad,West,Consumer,Home Appliances,Air Conditioner,1,48095.54,20,Debit Card,Marketplace,Delivered,2024-04-15
ORD04356,2026-04-24,CUST0103,Bengaluru,South,Consumer,Electronics,Smartphone,1,47395.77,10,UPI,Online,Delivered,2025-05-17
ORD04357,2025-03-31,CUST1108,Coimbatore,South,Consumer,Fashion,T-Shirt,1,2007.8,15,Credit Card,Marketplace,Delivered,2023-08-06
ORD04358,2025-01-10,CUST0709,Kochi,South,Consumer,Furniture,Dining Table,5,55775.47,15,Net Banking,Online,Delivered,2024-03-28
ORD04359,2025-03-28,CUST0806,Bengaluru,South,Corporate,Beauty,Perfume,1,2310.25,5,Credit Card,Retail Store,Delivered,2023-05-03
ORD04360,2025-05-31,CUST1088,Pune,West,Corporate,Furniture,Bed,4,70295.58,10,UPI,Online,Delivered,2023-09-17
ORD04361,2026-09-17,CUST0428,Kochi,South,Consumer,Fashion,Dress,3,3520.01,20,Cash on Delivery,Marketplace,Delivered,2024-05-30
ORD04362,2025-01-30,CUST0755,Mumbai,West,Small Business,Beauty,Skincare Kit,2,3657.94,5,UPI,Retail Store,Delivered,2024-07-18
ORD04363,2025-05-08,CUST0050,Mumbai,West,Consumer,Home Appliances,Microwave,1,18910.71,10,Credit Card,Retail Store,Delivered,2023-12-17
ORD04364,2025-03-19,CUST0216,Chennai,South,Consumer,Beauty,Face Serum,1,2102.19,20,Credit Card,Online,Delivered,2025-06-02
ORD04365,2026-02-25,CUST0981,Kochi,South,Consumer,Fashion,Shoes,2,6197.32,5,UPI,Online,Delivered,2024-12-02
ORD04366,2025-02-24,CUST0911,Pune,West,Small Business,Furniture,Bookshelf,3,6817.11,5,UPI,Retail Store,Delivered,2024-05-24
ORD04367,2026-04-25,CUST0438,Chennai,South,Consumer,Electronics,Laptop,2,95020.98,20,UPI,Online,Delivered,2024-09-28
ORD04368,2025-11-01,CUST0471,Mumbai,West,Small Business,Electronics,Smartwatch,5,10739.17,20,UPI,Online,Delivered,2023-01-25
ORD04369,2026-06-30,CUST0657,Kochi,South,Small Business,Furniture,Bookshelf,1,23414.93,10,Credit Card,Online,Delivered,2024-09-17
ORD04370,2025-04-15,CUST0001,Ahmedabad,West,Consumer,Fashion,T-Shirt,1,1917.4,5,Credit Card,Online,Delivered,2023-08-26
ORD04371,2025-06-21,CUST0260,Hyderabad,South,Consumer,Home Appliances,Air Conditioner,1,33267.89,5,UPI,Online,Delivered,2024-11-16
ORD04372,2026-05-14,CUST0231,Bengaluru,South,Small Business,Home Appliances,Microwave,3,12407.54,10,Cash on Delivery,Retail Store,Delivered,2023-04-18
ORD04373,2025-01-22,CUST0279,Delhi,North,Corporate,Fashion,T-Shirt,4,2421.16,0,Debit Card,Online,Delivered,2023-09-21
ORD04374,2025-10-14,CUST0959,Hyderabad,South,Consumer,Fashion,Dress,3,6558.29,10,Credit Card,Retail Store,Delivered,2023-11-03
ORD04375,2026-01-26,CUST0331,Coimbatore,South,Consumer,Fashion,T-Shirt,3,1027.41,10,UPI,Marketplace,Returned,2024-11-18
ORD04376,2026-09-09,CUST0221,Coimbatore,South,Consumer,Fashion,Jeans,3,3421.09,10,Net Banking,Online,Delivered,2023-12-30
ORD04377,2025-05-29,CUST0621,Kochi,South,Consumer,Home Appliances,Air Conditioner,2,42086.91,20,Debit Card,Online,Delivered,2024-05-27
ORD04378,2025-09-29,CUST1028,Kolkata,East,Consumer,Fashion,Shoes,1,6361.42,10,UPI,Online,Delivered,2023-07-14
ORD04379,2025-10-26,CUST0260,Kochi,South,Consumer,Home Appliances,Air Conditioner,5,49470.19,10,Net Banking,Marketplace,Delivered,2024-11-16
ORD04380,2025-06-21,CUST0096,Kolkata,East,Small Business,Beauty,Makeup Kit,1,4954.05,0,UPI,Online,Delivered,2024-10-05
ORD04381,2025-02-16,CUST0449,Hyderabad,South,Small Business,Furniture,Sofa,4,36613.77,10,Credit Card,Marketplace,Delivered,2025-03-24
ORD04382,2026-09-18,CUST0889,Bengaluru,South,Consumer,Fashion,Dress,1,4092.51,20,Credit Card,Marketplace,Returned,2025-03-16
ORD04383,2025-07-26,CUST0672,Pune,West,Consumer,Home Appliances,Microwave,1,9688.94,20,Cash on Delivery,Online,Delivered,2023-08-03
ORD04384,2026-03-29,CUST0970,Kolkata,East,Corporate,Fashion,T-Shirt,1,1082.43,5,Cash on Delivery,Retail Store,Cancelled,2024-07-26
ORD04385,2026-01-30,CUST1147,Delhi,North,Small Business,Furniture,Sofa,1,24602.33,5,Credit Card,Online,Delivered,2024-08-01
ORD04386,2025-10-28,CUST0948,Pune,West,Small Business,Furniture,Dining Table,3,53801.55,10,Debit Card,Online,Delivered,2023-01-05
ORD04387,2025-06-25,CUST0742,Pune,West,Consumer,Beauty,Hair Dryer,2,3760.58,5,UPI,Marketplace,Delivered,2023-07-28
ORD04388,2025-04-20,CUST0613,Hyderabad,South,Corporate,Electronics,Smartphone,2,60100.04,20,UPI,Online,Delivered,2025-01-20
ORD04389,2025-07-21,CUST0052,Kolkata,East,Corporate,Fashion,Jeans,2,2619.21,0,Credit Card,Online,Delivered,2023-12-16
ORD04390,2025-06-17,CUST1180,Coimbatore,South,Corporate,Fashion,Dress,2,4959.3,10,Debit Card,Marketplace,Returned,2023-04-25
ORD04391,2026-09-06,CUST0481,Hyderabad,South,Corporate,Electronics,Laptop,1,55077.65,5,Net Banking,Retail Store,Returned,2023-10-01
ORD04392,2025-03-27,CUST0173,Bengaluru,South,Consumer,Electronics,Headphones,1,14466.36,20,Credit Card,Online,Delivered,2024-01-23
ORD04393,2025-02-20,CUST0806,Pune,West,Consumer,Beauty,Makeup Kit,2,5823.27,10,Credit Card,Online,Delivered,2023-05-03
ORD04394,2025-04-22,CUST0342,Ahmedabad,West,Small Business,Fashion,Jeans,5,2196.74,20,Debit Card,Marketplace,Delivered,2024-04-23
ORD04395,2026-04-08,CUST0716,Pune,West,Consumer,Beauty,Hair Dryer,2,3113.9,15,Credit Card,Online,Delivered,2024-11-13
ORD04396,2026-03-18,CUST0718,Ahmedabad,West,Small Business,Furniture,Bookshelf,1,13718.52,20,Debit Card,Retail Store,Delivered,2024-05-29
ORD04397,2025-09-28,CUST0547,Mumbai,West,Consumer,Home Appliances,Washing Machine,1,24222.85,5,UPI,Retail Store,Delivered,2023-12-17
ORD04398,2026-07-31,CUST0991,Kochi,South,Consumer,Electronics,Laptop,2,64740.96,10,UPI,Online,Delivered,2023-12-11
ORD04399,2025-12-10,CUST0311,Kolkata,East,Small Business,Home Appliances,Mixer,4,6566.88,15,Cash on Delivery,Online,Delivered,2025-04-21
ORD04400,2025-07-02,CUST0547,Hyderabad,South,Consumer,Electronics,Smartwatch,4,12494.47,20,UPI,Retail Store,Delivered,2023-12-17
ORD04401,2026-05-18,CUST0659,Bengaluru,South,Consumer,Home Appliances,Washing Machine,5,27573.46,20,UPI,Retail Store,Delivered,2023-06-10
ORD04402,2025-01-10,CUST0804,Hyderabad,South,Consumer,Furniture,Sofa,3,45645.12,20,Credit Card,Online,Returned,2023-08-07
ORD04403,2026-05-09,CUST0936,Ahmedabad,West,Small Business,Beauty,Face Serum,1,3717.59,10,UPI,Marketplace,Returned,2024-12-16
ORD04404,2025-08-22,CUST0487,Bengaluru,South,Small Business,Electronics,Headphones,1,12142.94,15,Debit Card,Marketplace,Delivered,2024-06-02
ORD04405,2025-10-25,CUST0783,Mumbai,West,Consumer,Fashion,Dress,3,2387.49,5,Cash on Delivery,Online,Delivered,2024-03-19
ORD04406,2025-09-01,CUST0171,Coimbatore,South,Consumer,Home Appliances,Refrigerator,2,51927.23,0,Credit Card,Online,Cancelled,2025-03-23
ORD04407,2026-05-24,CUST1114,Delhi,North,Small Business,Fashion,Dress,2,3800.89,5,UPI,Marketplace,Delivered,2024-10-20
ORD04408,2025-12-17,CUST0481,Pune,West,Corporate,Fashion,Jacket,3,5044.39,5,Credit Card,Marketplace,Delivered,2023-10-01
ORD04409,2025-09-24,CUST0871,Chennai,South,Consumer,Electronics,Headphones,1,7830.38,10,UPI,Marketplace,Delivered,2023-07-13
ORD04410,2026-09-22,CUST0026,Coimbatore,South,Consumer,Furniture,Bookshelf,1,22404.35,10,UPI,Online,Returned,2024-07-16
ORD04411,2025-07-20,CUST0230,Ahmedabad,West,Consumer,Furniture,Dining Table,1,47075.99,0,Credit Card,Marketplace,Delivered,2024-10-25
ORD04412,2025-08-27,CUST0606,Bengaluru,South,Consumer,Fashion,Dress,1,6745.5,15,Credit Card,Online,Delivered,2024-12-05
ORD04413,2025-11-30,CUST1043,Bengaluru,South,Consumer,Fashion,T-Shirt,1,1755.73,10,Debit Card,Online,Delivered,2024-12-29
ORD04414,2026-02-19,CUST0649,Ahmedabad,West,Consumer,Home Appliances,Mixer,1,3435.71,5,UPI,Marketplace,Delivered,2024-06-09
ORD04415,2026-04-29,CUST1110,Kochi,South,Consumer,Fashion,T-Shirt,3,1801.67,20,UPI,Marketplace,Delivered,2023-09-30
ORD04416,2026-03-13,CUST0601,Kolkata,East,Consumer,Beauty,Perfume,1,4212.28,10,UPI,Retail Store,Delivered,2023-01-30
ORD04417,2025-09-03,CUST0609,Kochi,South,Consumer,Home Appliances,Washing Machine,1,43318.05,5,UPI,Marketplace,Delivered,2023-07-14
ORD04418,2025-01-08,CUST0134,Chennai,South,Corporate,Fashion,Jacket,1,7165.27,10,UPI,Retail Store,Delivered,2024-09-09
ORD04419,2025-06-01,CUST0957,Kolkata,East,Small Business,Home Appliances,Air Conditioner,1,62153.15,0,UPI,Marketplace,Delivered,2024-01-21
ORD04420,2026-01-27,CUST0271,Pune,West,Small Business,Beauty,Perfume,3,7468.54,15,Credit Card,Retail Store,Delivered,2023-03-11
ORD04421,2025-07-30,CUST1072,Kochi,South,Small Business,Home Appliances,Washing Machine,1,54606.31,10,Debit Card,Online,Delivered,2024-11-03
ORD04422,2026-01-02,CUST1088,Bengaluru,South,Consumer,Beauty,Perfume,2,5147.77,0,Debit Card,Retail Store,Delivered,2023-09-17
ORD04423,2026-07-24,CUST1123,Mumbai,West,Consumer,Furniture,Bed,1,27216.63,20,Net Banking,Retail Store,Delivered,2024-03-06
ORD04424,2025-03-27,CUST0641,Chennai,South,Consumer,Electronics,Headphones,1,10225.61,0,UPI,Marketplace,Delivered,2025-04-29
ORD04425,2025-02-24,CUST0821,Hyderabad,South,Consumer,Fashion,Jacket,2,6239.61,15,Debit Card,Online,Delivered,2024-11-23
ORD04426,2026-09-26,CUST0929,Kochi,South,Corporate,Furniture,Sofa,5,64475.51,5,Credit Card,Online,Delivered,2023-07-04
ORD04427,2026-03-22,CUST0147,Kolkata,East,Consumer,Electronics,Smartphone,1,71001.21,25,UPI,Online,Delivered,2023-11-29
ORD04428,2026-09-12,CUST0741,Coimbatore,South,Small Business,Furniture,Dining Table,2,54037.96,15,Debit Card,Marketplace,Delivered,2024-05-04
ORD04429,2025-10-31,CUST0044,Mumbai,West,Small Business,Home Appliances,Mixer,1,7194.87,10,Credit Card,Online,Delivered,2023-09-16
ORD04430,2025-05-12,CUST0616,Pune,West,Consumer,Fashion,Jacket,1,6368.18,15,Credit Card,Retail Store,Delivered,2023-09-01
ORD04431,2026-02-25,CUST0176,Coimbatore,South,Small Business,Electronics,Laptop,1,80251.73,0,UPI,Online,Delivered,2024-03-30
ORD04432,2026-01-20,CUST0209,Pune,West,Consumer,Beauty,Skincare Kit,2,2895.65,10,UPI,Online,Delivered,2024-06-29
ORD04433,2025-07-17,CUST0460,Mumbai,West,Consumer,Home Appliances,Washing Machine,1,30876.83,20,Debit Card,Online,Returned,2023-07-06
ORD04434,2025-02-16,CUST0528,Kochi,South,Consumer,Home Appliances,Air Conditioner,1,44832.72,0,UPI,Marketplace,Delivered,2023-09-03
ORD04435,2025-07-22,CUST0759,Kochi,South,Small Business,Electronics,Tablet,1,41035.27,10,Debit Card,Online,Cancelled,2025-02-12
ORD04436,2025-09-18,CUST0090,Kolkata,East,Consumer,Beauty,Skincare Kit,4,4902.8,5,UPI,Online,Delivered,2023-09-12
ORD04437,2025-01-24,CUST0621,Kochi,South,Small Business,Electronics,Smartphone,1,59711.16,5,Credit Card,Online,Delivered,2024-05-27
ORD04438,2025-12-06,CUST0209,Kochi,South,Consumer,Electronics,Laptop,2,82788.75,10,Net Banking,Online,Delivered,2024-06-29
ORD04439,2026-02-16,CUST0703,Delhi,North,Consumer,Home Appliances,Mixer,1,2613.81,20,UPI,Online,Delivered,2023-12-19
ORD04440,2025-09-18,CUST0772,Coimbatore,South,Corporate,Electronics,Tablet,3,36694.21,15,UPI,Online,Delivered,2023-08-11
ORD04441,2025-10-13,CUST0685,Coimbatore,South,Consumer,Home Appliances,Washing Machine,3,53411.09,0,Net Banking,Marketplace,Delivered,2024-05-10
ORD04442,2026-05-28,CUST0883,Bengaluru,South,Consumer,Furniture,Office Chair,2,24387.15,15,Cash on Delivery,Marketplace,Delivered,2024-06-08
ORD04443,2025-03-27,CUST0414,Kolkata,East,Consumer,Furniture,Bed,3,47897.11,10,UPI,Marketplace,Returned,2025-05-02
ORD04444,2026-03-06,CUST0911,Hyderabad,South,Small Business,Fashion,Jacket,1,2237.19,10,UPI,Online,Delivered,2024-05-24
ORD04445,2026-08-04,CUST0528,Hyderabad,South,Small Business,Home Appliances,Mixer,1,6365.52,5,Credit Card,Marketplace,Delivered,2023-09-03
ORD04446,2025-01-31,CUST0603,Coimbatore,South,Small Business,Home Appliances,Air Conditioner,3,50963.1,10,UPI,Retail Store,Delivered,2023-06-05
ORD04447,2026-08-26,CUST0789,Mumbai,West,Consumer,Fashion,Jeans,1,1675.47,15,UPI,Retail Store,Delivered,2025-03-20
ORD04448,2026-03-16,CUST0026,Hyderabad,South,Consumer,Fashion,Shoes,1,9712.26,10,Credit Card,Marketplace,Delivered,2024-07-16
ORD04449,2025-12-15,CUST0796,Coimbatore,South,Corporate,Electronics,Headphones,1,12377.05,10,Net Banking,Retail Store,Delivered,2023-09-20
ORD04450,2026-02-16,CUST0755,Bengaluru,South,Small Business,Fashion,T-Shirt,1,2337.2,10,Net Banking,Online,Delivered,2024-07-18
ORD04451,2026-06-12,CUST0374,Hyderabad,South,Small Business,Fashion,Jeans,1,3087.8,5,UPI,Online,Delivered,2023-10-06
ORD04452,2025-11-06,CUST0105,Kochi,South,Consumer,Fashion,Dress,2,2888.2,5,Debit Card,Online,Delivered,2024-10-18
ORD04453,2026-01-31,CUST0109,Delhi,North,Consumer,Electronics,Laptop,2,84164.53,0,UPI,Online,Delivered,2024-09-15
ORD04454,2025-12-04,CUST1103,Kolkata,East,Small Business,Fashion,Shoes,1,5396.63,25,UPI,Retail Store,Delivered,2023-04-06
ORD04455,2026-03-13,CUST0834,Kochi,South,Consumer,Beauty,Skincare Kit,1,2597.61,25,UPI,Marketplace,Delivered,2023-05-03
ORD04456,2025-12-31,CUST0145,Delhi,North,Consumer,Home Appliances,Refrigerator,1,44212.12,10,Credit Card,Retail Store,Delivered,2023-10-02
ORD04457,2025-04-23,CUST0449,Pune,West,Corporate,Beauty,Hair Dryer,1,1765.48,0,Credit Card,Retail Store,Delivered,2025-03-24
ORD04458,2025-06-25,CUST0730,Delhi,North,Corporate,Beauty,Face Serum,3,2033.46,10,Cash on Delivery,Retail Store,Delivered,2024-10-24
ORD04459,2025-05-29,CUST0991,Kolkata,East,Small Business,Beauty,Perfume,4,2668.88,10,Cash on Delivery,Online,Delivered,2023-12-11
ORD04460,2025-06-27,CUST0054,Hyderabad,South,Small Business,Fashion,Dress,2,4166.68,20,Credit Card,Retail Store,Delivered,2024-06-16
ORD04461,2026-01-17,CUST0256,Pune,West,Consumer,Furniture,Sofa,1,79052.25,0,Debit Card,Online,Delivered,2025-01-01
ORD04462,2025-08-11,CUST1059,Kochi,South,Consumer,Home Appliances,Refrigerator,1,28686.9,5,Debit Card,Online,Delivered,2025-03-27
ORD04463,2025-09-16,CUST0018,Coimbatore,South,Consumer,Beauty,Hair Dryer,1,2114.53,15,UPI,Online,Delivered,2024-11-01
ORD04464,2025-07-08,CUST0227,Mumbai,West,Small Business,Home Appliances,Mixer,5,7986.13,5,UPI,Online,Delivered,2024-08-26
ORD04465,2025-11-02,CUST1145,Pune,West,Small Business,Furniture,Bed,2,46142.66,20,Debit Card,Online,Delivered,2023-03-20
ORD04466,2026-01-13,CUST0754,Ahmedabad,West,Consumer,Electronics,Headphones,2,9711.98,15,UPI,Online,Delivered,2024-04-02
ORD04467,2026-08-25,CUST0302,Kochi,South,Consumer,Furniture,Sofa,3,60610.81,20,UPI,Retail Store,Delivered,2024-03-30
ORD04468,2025-12-09,CUST0082,Chennai,South,Corporate,Electronics,Laptop,1,74737.19,5,Credit Card,Online,Delivered,2025-05-11
ORD04469,2025-06-05,CUST0039,Bengaluru,South,Consumer,Fashion,Jacket,1,6449.46,10,Credit Card,Retail Store,Delivered,2024-11-20
ORD04470,2025-02-24,CUST0270,Ahmedabad,West,Corporate,Home Appliances,Air Conditioner,2,50343.84,5,UPI,Online,Delivered,2024-01-07
ORD04471,2026-03-18,CUST1045,Ahmedabad,West,Small Business,Home Appliances,Microwave,1,14929.49,10,UPI,Online,Returned,2023-07-28
ORD04472,2025-07-19,CUST0511,Bengaluru,South,Small Business,Home Appliances,Microwave,1,10973.16,20,UPI,Online,Delivered,2024-02-28
ORD04473,2026-02-07,CUST0863,Delhi,North,Small Business,Fashion,Shoes,4,5800.52,15,Credit Card,Online,Delivered,2023-05-15
ORD04474,2026-09-06,CUST1095,Coimbatore,South,Corporate,Furniture,Sofa,1,33729.14,20,UPI,Retail Store,Delivered,2024-09-13
ORD04475,2026-09-15,CUST0502,Delhi,North,Small Business,Fashion,T-Shirt,1,2380.92,0,UPI,Online,Returned,2023-10-15
ORD04476,2026-08-26,CUST0221,Hyderabad,South,Corporate,Home Appliances,Washing Machine,2,23819.99,20,Debit Card,Marketplace,Returned,2023-12-30
ORD04477,2025-06-26,CUST0633,Coimbatore,South,Corporate,Home Appliances,Washing Machine,2,40470.65,20,UPI,Retail Store,Cancelled,2023-04-17
ORD04478,2026-03-25,CUST1084,Mumbai,West,Small Business,Electronics,Smartwatch,1,16856.8,10,Debit Card,Online,Delivered,2024-05-14
ORD04479,2026-06-25,CUST0959,Pune,West,Consumer,Furniture,Office Chair,1,20100.03,20,UPI,Online,Delivered,2023-11-03
ORD04480,2025-10-28,CUST0082,Ahmedabad,West,Corporate,Furniture,Dining Table,5,27953.27,20,Debit Card,Online,Delivered,2025-05-11
ORD04481,2025-11-03,CUST0836,Hyderabad,South,Consumer,Furniture,Office Chair,3,10168.64,10,Debit Card,Marketplace,Delivered,2023-06-05
ORD04482,2025-09-24,CUST0703,Pune,West,Consumer,Furniture,Office Chair,1,13689.33,0,UPI,Online,Delivered,2023-12-19
ORD04483,2025-08-02,CUST1083,Ahmedabad,West,Corporate,Beauty,Hair Dryer,3,5523.36,20,Credit Card,Retail Store,Delivered,2024-07-01
ORD04484,2026-08-17,CUST0138,Ahmedabad,West,Corporate,Fashion,T-Shirt,1,1284.57,10,Credit Card,Marketplace,Cancelled,2023-06-11
ORD04485,2026-04-28,CUST0657,Kolkata,East,Consumer,Furniture,Sofa,1,21879.55,10,UPI,Marketplace,Delivered,2024-09-17
ORD04486,2025-09-19,CUST1043,Kochi,South,Small Business,Home Appliances,Washing Machine,1,59234.23,20,Debit Card,Retail Store,Delivered,2024-12-29
ORD04487,2025-03-08,CUST0504,Mumbai,West,Consumer,Beauty,Skincare Kit,1,2375.91,5,UPI,Online,Delivered,2024-04-25
ORD04488,2026-07-28,CUST0596,Ahmedabad,West,Consumer,Fashion,Jeans,1,2132.05,10,UPI,Marketplace,Returned,2025-02-13
ORD04489,2025-05-13,CUST0087,Delhi,North,Consumer,Electronics,Smartphone,1,54398.11,5,UPI,Online,Delivered,2024-03-30
ORD04490,2026-06-24,CUST0328,Chennai,South,Consumer,Electronics,Tablet,5,16221.49,5,Cash on Delivery,Marketplace,Delivered,2023-12-01
ORD04491,2026-05-27,CUST0398,Kolkata,East,Consumer,Electronics,Smartphone,1,72356.09,0,UPI,Retail Store,Delivered,2023-09-17
ORD04492,2025-07-30,CUST1126,Delhi,North,Small Business,Home Appliances,Air Conditioner,1,33853.75,5,UPI,Online,Delivered,2024-03-03
ORD04493,2025-09-10,CUST0340,Chennai,South,Corporate,Home Appliances,Refrigerator,2,49933.96,10,Credit Card,Online,Delivered,2023-11-15
ORD04494,2025-02-07,CUST0564,Kochi,South,Consumer,Furniture,Sofa,1,58542.53,0,Net Banking,Online,Delivered,2023-05-25
ORD04495,2025-02-12,CUST0815,Kolkata,East,Consumer,Furniture,Bookshelf,2,16755.69,10,Credit Card,Online,Delivered,2025-05-05
ORD04496,2026-09-21,CUST0185,Chennai,South,Corporate,Furniture,Sofa,1,21831.97,15,UPI,Retail Store,Delivered,2023-03-07
ORD04497,2026-02-09,CUST0605,Ahmedabad,West,Consumer,Fashion,Jacket,1,3969.32,15,UPI,Online,Delivered,2025-05-01
ORD04498,2025-02-15,CUST0883,Hyderabad,South,Consumer,Beauty,Face Serum,1,3749.65,25,UPI,Marketplace,Delivered,2024-06-08
ORD04499,2026-03-30,CUST1030,Bengaluru,South,Corporate,Fashion,T-Shirt,3,1532.46,0,Cash on Delivery,Online,Delivered,2025-04-12
ORD04500,2025-11-01,CUST0763,Kolkata,East,Consumer,Beauty,Perfume,5,1115.77,20,Net Banking,Online,Delivered,2024-06-30
ORD04501,2025-08-21,CUST0810,Kolkata,East,Small Business,Home Appliances,Microwave,2,20560.81,15,Cash on Delivery,Retail Store,Returned,2024-06-01
ORD04502,2025-09-02,CUST0142,Delhi,North,Consumer,Electronics,Smartphone,1,22967.3,25,UPI,Online,Delivered,2024-04-13
ORD04503,2025-10-22,CUST1126,Coimbatore,South,Small Business,Electronics,Headphones,3,13227.18,5,Net Banking,Retail Store,Returned,2024-03-03
ORD04504,2026-01-18,CUST0148,Delhi,North,Small Business,Electronics,Smartwatch,2,22538.67,20,Credit Card,Retail Store,Delivered,2024-04-10
ORD04505,2025-06-07,CUST0920,Pune,West,Corporate,Electronics,Smartwatch,3,3307.31,0,UPI,Retail Store,Delivered,2023-05-09
ORD04506,2026-02-09,CUST0311,Mumbai,West,Consumer,Electronics,Tablet,3,31400.5,20,UPI,Retail Store,Delivered,2025-04-21
ORD04507,2025-01-01,CUST1117,Pune,West,Consumer,Beauty,Skincare Kit,1,2750.88,20,Credit Card,Online,Delivered,2024-03-28
ORD04508,2025-08-05,CUST0862,Delhi,North,Small Business,Fashion,Dress,3,4835.0,10,Net Banking,Online,Delivered,2024-06-16
ORD04509,2026-05-22,CUST0893,Delhi,North,Consumer,Furniture,Bed,2,46644.41,10,UPI,Retail Store,Delivered,2024-07-21
ORD04510,2026-08-04,CUST0238,Mumbai,West,Small Business,Beauty,Hair Dryer,2,3738.88,20,Credit Card,Online,Delivered,2025-05-26
ORD04511,2025-01-30,CUST0542,Ahmedabad,West,Consumer,Furniture,Bed,3,37665.82,0,Cash on Delivery,Online,Delivered,2023-07-06
ORD04512,2026-09-19,CUST0755,Kolkata,East,Consumer,Fashion,Jeans,1,4462.76,15,Debit Card,Retail Store,Delivered,2024-07-18
ORD04513,2026-06-04,CUST0916,Mumbai,West,Consumer,Home Appliances,Mixer,1,2940.26,0,UPI,Retail Store,Delivered,2023-10-20
ORD04514,2025-10-02,CUST0118,Delhi,North,Corporate,Furniture,Bed,4,54545.58,0,Credit Card,Retail Store,Delivered,2024-08-27
ORD04515,2026-05-07,CUST1150,Mumbai,West,Consumer,Home Appliances,Mixer,4,5598.58,15,Cash on Delivery,Marketplace,Delivered,2023-03-15
ORD04516,2025-02-05,CUST1061,Chennai,South,Consumer,Beauty,Skincare Kit,3,914.05,10,UPI,Retail Store,Delivered,2023-10-05
ORD04517,2025-11-07,CUST0314,Delhi,North,Consumer,Fashion,Jeans,5,1848.91,10,UPI,Retail Store,Delivered,2024-10-27
ORD04518,2025-02-13,CUST0971,Kolkata,East,Consumer,Beauty,Perfume,2,1063.02,0,Net Banking,Online,Delivered,2024-07-15
ORD04519,2025-06-04,CUST0637,Chennai,South,Small Business,Beauty,Hair Dryer,1,4239.51,15,UPI,Online,Delivered,2024-02-02
ORD04520,2025-03-18,CUST0565,Delhi,North,Consumer,Fashion,Jacket,1,2017.97,0,Debit Card,Marketplace,Delivered,2025-05-25
ORD04521,2026-08-13,CUST0376,Kolkata,East,Corporate,Electronics,Tablet,4,47749.47,5,UPI,Marketplace,Delivered,2024-09-01
ORD04522,2026-09-05,CUST0710,Bengaluru,South,Corporate,Home Appliances,Mixer,1,9293.38,10,Credit Card,Retail Store,Delivered,2024-02-23
ORD04523,2026-03-14,CUST0871,Pune,West,Consumer,Furniture,Dining Table,2,56679.76,20,UPI,Retail Store,Delivered,2023-07-13
ORD04524,2026-03-08,CUST0506,Coimbatore,South,Consumer,Home Appliances,Refrigerator,3,62304.49,10,Credit Card,Marketplace,Delivered,2024-05-15
ORD04525,2026-06-26,CUST0766,Bengaluru,South,Consumer,Electronics,Headphones,5,3490.74,5,Net Banking,Marketplace,Delivered,2023-01-25
ORD04526,2025-02-08,CUST0843,Coimbatore,South,Corporate,Home Appliances,Washing Machine,3,33313.37,10,Credit Card,Online,Delivered,2024-10-13
ORD04527,2025-08-27,CUST0848,Bengaluru,South,Consumer,Fashion,Jeans,1,4246.13,15,Credit Card,Online,Delivered,2024-03-24
ORD04528,2025-01-13,CUST0063,Coimbatore,South,Consumer,Fashion,T-Shirt,1,796.73,15,UPI,Marketplace,Delivered,2023-08-24
ORD04529,2025-05-02,CUST1023,Ahmedabad,West,Consumer,Home Appliances,Mixer,1,9731.33,10,UPI,Online,Delivered,2024-02-27
ORD04530,2025-05-24,CUST0562,Delhi,North,Corporate,Home Appliances,Washing Machine,3,35200.9,10,UPI,Online,Delivered,2023-06-28
ORD04531,2026-03-31,CUST0303,Coimbatore,South,Small Business,Fashion,Shoes,1,9180.49,5,UPI,Online,Delivered,2023-08-26
ORD04532,2026-01-03,CUST0260,Kochi,South,Consumer,Electronics,Smartwatch,2,8161.0,15,UPI,Online,Delivered,2024-11-16
ORD04533,2025-09-04,CUST0599,Delhi,North,Consumer,Beauty,Makeup Kit,3,5840.54,20,Cash on Delivery,Retail Store,Cancelled,2023-11-16
ORD04534,2025-02-14,CUST1055,Coimbatore,South,Consumer,Furniture,Bookshelf,3,17999.09,10,Cash on Delivery,Online,Cancelled,2023-11-17
ORD04535,2026-01-10,CUST0471,Kochi,South,Consumer,Electronics,Smartwatch,2,3763.62,25,UPI,Online,Delivered,2023-01-25
ORD04536,2025-10-18,CUST0889,Ahmedabad,West,Corporate,Fashion,Jacket,1,7960.28,15,Net Banking,Marketplace,Delivered,2025-03-16
ORD04537,2025-07-26,CUST0112,Kolkata,East,Consumer,Fashion,Shoes,1,4189.55,15,Credit Card,Retail Store,Delivered,2024-12-17
ORD04538,2026-06-03,CUST0584,Kochi,South,Consumer,Furniture,Bookshelf,1,8978.36,15,UPI,Online,Cancelled,2024-03-29
ORD04539,2025-08-30,CUST1192,Hyderabad,South,Corporate,Beauty,Makeup Kit,3,2951.94,10,UPI,Marketplace,Delivered,2023-01-24
ORD04540,2026-09-14,CUST0917,Pune,West,Small Business,Home Appliances,Mixer,1,2859.85,5,UPI,Marketplace,Returned,2023-02-18
ORD04541,2025-04-24,CUST0233,Bengaluru,South,Consumer,Home Appliances,Microwave,3,11834.89,10,UPI,Online,Delivered,2023-06-25
ORD04542,2025-10-29,CUST0619,Kolkata,East,Consumer,Home Appliances,Microwave,5,23112.62,10,UPI,Online,Delivered,2024-08-11
ORD04543,2025-10-03,CUST0252,Coimbatore,South,Consumer,Furniture,Bed,1,20966.7,5,Credit Card,Online,Delivered,2025-02-08
ORD04544,2025-04-06,CUST0504,Mumbai,West,Small Business,Electronics,Laptop,2,74229.19,10,Debit Card,Marketplace,Delivered,2024-04-25
ORD04545,2025-10-21,CUST0930,Coimbatore,South,Consumer,Home Appliances,Washing Machine,4,49821.74,15,UPI,Retail Store,Delivered,2024-05-20
ORD04546,2025-12-26,CUST0920,Kolkata,East,Consumer,Fashion,Dress,2,3817.3,15,Credit Card,Retail Store,Delivered,2023-05-09
ORD04547,2025-10-15,CUST0245,Coimbatore,South,Corporate,Fashion,Dress,1,6269.48,25,UPI,Online,Delivered,2025-04-06
ORD04548,2025-06-03,CUST1100,Hyderabad,South,Small Business,Furniture,Dining Table,2,41962.35,15,Debit Card,Retail Store,Delivered,2024-09-25
ORD04549,2026-07-24,CUST0730,Hyderabad,South,Small Business,Furniture,Bookshelf,4,7122.24,5,Debit Card,Marketplace,Delivered,2024-10-24
ORD04550,2026-02-27,CUST0472,Chennai,South,Small Business,Electronics,Headphones,1,7658.9,10,Credit Card,Marketplace,Delivered,2024-01-23
ORD04551,2025-02-19,CUST0620,Delhi,North,Consumer,Fashion,Shoes,2,7000.0,15,UPI,Online,Delivered,2023-06-20
ORD04552,2025-07-26,CUST0742,Chennai,South,Consumer,Home Appliances,Air Conditioner,2,47971.24,5,UPI,Online,Delivered,2023-07-28
ORD04553,2026-07-18,CUST0690,Bengaluru,South,Corporate,Furniture,Sofa,4,56538.33,15,UPI,Online,Delivered,2025-04-10
ORD04554,2026-07-19,CUST0605,Hyderabad,South,Small Business,Fashion,T-Shirt,2,1322.57,15,UPI,Marketplace,Delivered,2025-05-01
ORD04555,2025-08-01,CUST0622,Pune,West,Corporate,Electronics,Smartwatch,1,8908.38,10,UPI,Online,Delivered,2024-02-10
ORD04556,2025-03-07,CUST0201,Hyderabad,South,Consumer,Fashion,Shoes,2,9417.69,15,Debit Card,Marketplace,Delivered,2024-05-22
ORD04557,2025-08-20,CUST0969,Hyderabad,South,Consumer,Electronics,Smartwatch,1,18162.93,20,Net Banking,Retail Store,Delivered,2023-01-10
ORD04558,2025-11-16,CUST0663,Mumbai,West,Corporate,Fashion,Jacket,2,2803.97,10,Net Banking,Online,Delivered,2024-07-02
ORD04559,2025-05-17,CUST0147,Hyderabad,South,Small Business,Fashion,Jeans,2,4392.28,5,UPI,Marketplace,Delivered,2023-11-29
ORD04560,2026-07-20,CUST0911,Chennai,South,Corporate,Electronics,Tablet,3,26782.87,20,Credit Card,Marketplace,Cancelled,2024-05-24
ORD04561,2025-03-06,CUST1113,Delhi,North,Consumer,Fashion,T-Shirt,2,1157.36,20,Cash on Delivery,Marketplace,Delivered,2025-06-01
ORD04562,2026-05-29,CUST1127,Ahmedabad,West,Consumer,Home Appliances,Refrigerator,3,57334.66,25,UPI,Marketplace,Delivered,2025-05-15
ORD04563,2025-05-12,CUST0463,Pune,West,Small Business,Beauty,Skincare Kit,1,1561.01,15,Net Banking,Marketplace,Delivered,2025-04-10
ORD04564,2025-11-30,CUST0154,Coimbatore,South,Small Business,Home Appliances,Washing Machine,1,56322.13,15,Credit Card,Marketplace,Delivered,2024-12-23
ORD04565,2025-02-01,CUST0637,Pune,West,Consumer,Home Appliances,Microwave,1,8982.79,15,UPI,Marketplace,Delivered,2024-02-02
ORD04566,2026-05-13,CUST0126,Kochi,South,Corporate,Beauty,Face Serum,1,2313.81,20,UPI,Online,Delivered,2024-08-18
ORD04567,2025-08-31,CUST1118,Kochi,South,Consumer,Fashion,Jacket,2,6642.1,5,Debit Card,Online,Delivered,2023-06-01
ORD04568,2025-07-11,CUST0209,Kolkata,East,Corporate,Beauty,Skincare Kit,1,1913.49,10,Credit Card,Online,Delivered,2024-06-29
ORD04569,2025-05-22,CUST0281,Bengaluru,South,Consumer,Home Appliances,Microwave,3,23196.86,10,Cash on Delivery,Online,Cancelled,2025-04-13
ORD04570,2026-08-24,CUST0500,Ahmedabad,West,Consumer,Beauty,Face Serum,2,3115.34,0,Net Banking,Marketplace,Returned,2025-03-04
ORD04571,2026-07-15,CUST0481,Delhi,North,Consumer,Furniture,Bed,2,42891.28,10,UPI,Online,Delivered,2023-10-01
ORD04572,2025-07-10,CUST0948,Coimbatore,South,Small Business,Fashion,Jacket,1,4246.48,20,UPI,Online,Delivered,2023-01-05
ORD04573,2025-05-29,CUST0562,Kochi,South,Consumer,Home Appliances,Mixer,2,8104.11,20,UPI,Online,Delivered,2023-06-28
ORD04574,2026-08-22,CUST0200,Bengaluru,South,Consumer,Fashion,Dress,1,2675.99,15,Credit Card,Marketplace,Delivered,2023-06-04
ORD04575,2026-02-20,CUST0311,Mumbai,West,Corporate,Electronics,Laptop,1,81325.06,25,UPI,Marketplace,Delivered,2025-04-21
ORD04576,2026-06-04,CUST0626,Hyderabad,South,Consumer,Beauty,Hair Dryer,1,2740.1,10,Cash on Delivery,Online,Delivered,2025-02-24
ORD04577,2025-01-16,CUST0168,Hyderabad,South,Consumer,Electronics,Tablet,1,12262.15,10,UPI,Online,Delivered,2023-11-01
ORD04578,2025-04-16,CUST0752,Pune,West,Consumer,Fashion,T-Shirt,2,2278.3,5,Cash on Delivery,Online,Delivered,2023-05-29
ORD04579,2025-10-10,CUST0700,Coimbatore,South,Consumer,Electronics,Smartwatch,1,23312.15,20,UPI,Online,Returned,2025-04-02
ORD04580,2025-04-14,CUST0854,Ahmedabad,West,Consumer,Electronics,Tablet,2,18013.97,10,UPI,Online,Delivered,2023-06-26
ORD04581,2025-12-27,CUST1121,Chennai,South,Small Business,Electronics,Laptop,3,77455.86,5,UPI,Online,Delivered,2024-02-18
ORD04582,2025-02-04,CUST1089,Hyderabad,South,Small Business,Home Appliances,Refrigerator,1,51519.77,5,Credit Card,Marketplace,Delivered,2023-07-11
ORD04583,2025-04-23,CUST1126,Coimbatore,South,Consumer,Home Appliances,Washing Machine,3,32433.05,20,Credit Card,Online,Delivered,2024-03-03
ORD04584,2025-11-04,CUST0270,Mumbai,West,Consumer,Fashion,Dress,4,1759.41,5,UPI,Online,Delivered,2024-01-07
ORD04585,2025-02-22,CUST0147,Coimbatore,South,Small Business,Furniture,Bookshelf,1,4894.21,10,UPI,Online,Delivered,2023-11-29
ORD04586,2025-03-22,CUST0368,Bengaluru,South,Small Business,Furniture,Office Chair,3,6836.0,15,UPI,Retail Store,Delivered,2023-02-01
ORD04587,2026-09-08,CUST1064,Kochi,South,Small Business,Fashion,Jacket,1,7881.96,15,Net Banking,Marketplace,Delivered,2024-12-30
ORD04588,2026-01-04,CUST1161,Coimbatore,South,Small Business,Electronics,Smartphone,1,16568.93,5,UPI,Marketplace,Delivered,2023-08-12
ORD04589,2025-08-30,CUST1023,Mumbai,West,Consumer,Fashion,Dress,1,4255.1,0,UPI,Marketplace,Delivered,2024-02-27
ORD04590,2025-01-31,CUST0124,Hyderabad,South,Corporate,Fashion,Shoes,2,6030.78,0,UPI,Marketplace,Delivered,2024-04-20
ORD04591,2025-12-27,CUST1127,Chennai,South,Corporate,Fashion,T-Shirt,2,1787.47,10,Net Banking,Online,Delivered,2025-05-15
ORD04592,2025-08-21,CUST0519,Mumbai,West,Corporate,Beauty,Hair Dryer,2,2992.31,20,UPI,Online,Delivered,2023-10-31
ORD04593,2026-09-02,CUST0018,Ahmedabad,West,Consumer,Fashion,Shoes,3,5086.08,5,UPI,Retail Store,Delivered,2024-11-01
ORD04594,2025-02-03,CUST0540,Kochi,South,Small Business,Beauty,Hair Dryer,3,3342.24,0,Cash on Delivery,Online,Delivered,2023-02-02
ORD04595,2025-08-31,CUST0056,Kolkata,East,Consumer,Furniture,Bookshelf,3,24244.21,10,Credit Card,Marketplace,Delivered,2023-12-24
ORD04596,2025-02-28,CUST0667,Kochi,South,Consumer,Home Appliances,Air Conditioner,2,59189.62,5,UPI,Online,Delivered,2023-01-27
ORD04597,2026-06-13,CUST0420,Delhi,North,Consumer,Fashion,Shoes,1,5442.49,5,UPI,Marketplace,Delivered,2025-04-02
ORD04598,2025-03-19,CUST0579,Kochi,South,Consumer,Furniture,Bookshelf,4,20246.41,10,UPI,Online,Delivered,2025-02-14
ORD04599,2025-10-29,CUST0754,Kolkata,East,Consumer,Furniture,Office Chair,1,23456.28,0,UPI,Online,Delivered,2024-04-02
ORD04600,2025-04-22,CUST1033,Hyderabad,South,Consumer,Beauty,Perfume,5,2485.44,0,Cash on Delivery,Online,Delivered,2024-10-31
ORD04601,2026-02-17,CUST0799,Bengaluru,South,Corporate,Home Appliances,Air Conditioner,1,41756.04,25,Debit Card,Online,Delivered,2024-11-20
ORD04602,2025-11-13,CUST0530,Bengaluru,South,Consumer,Beauty,Skincare Kit,1,1582.44,10,Debit Card,Retail Store,Delivered,2024-10-11
ORD04603,2025-05-25,CUST0971,Pune,West,Consumer,Furniture,Dining Table,1,55015.58,10,UPI,Online,Cancelled,2024-07-15
ORD04604,2025-01-18,CUST1077,Hyderabad,South,Consumer,Fashion,Shoes,1,3739.92,20,UPI,Marketplace,Delivered,2024-12-27
ORD04605,2025-12-17,CUST0134,Bengaluru,South,Consumer,Fashion,Dress,2,1600.87,10,Cash on Delivery,Online,Delivered,2024-09-09
ORD04606,2025-06-04,CUST0656,Pune,West,Small Business,Furniture,Office Chair,3,21208.29,15,Credit Card,Online,Delivered,2024-12-07
ORD04607,2026-05-21,CUST0343,Kolkata,East,Consumer,Furniture,Bookshelf,3,16339.75,15,Credit Card,Marketplace,Delivered,2024-10-01
ORD04608,2025-12-26,CUST0056,Kolkata,East,Consumer,Electronics,Smartphone,1,57603.83,10,UPI,Online,Delivered,2023-12-24
ORD04609,2025-11-28,CUST0807,Bengaluru,South,Corporate,Beauty,Skincare Kit,2,2544.15,10,UPI,Marketplace,Delivered,2023-09-01
ORD04610,2026-06-12,CUST1026,Coimbatore,South,Small Business,Home Appliances,Refrigerator,2,33876.95,10,Credit Card,Marketplace,Delivered,2023-08-20
ORD04611,2025-01-12,CUST0185,Mumbai,West,Corporate,Electronics,Headphones,2,12806.49,10,Credit Card,Retail Store,Delivered,2023-03-07
ORD04612,2025-03-16,CUST0969,Bengaluru,South,Consumer,Fashion,Shoes,1,2581.84,10,UPI,Marketplace,Returned,2023-01-10
ORD04613,2025-07-31,CUST1015,Hyderabad,South,Corporate,Fashion,Dress,3,4095.6,10,UPI,Retail Store,Delivered,2025-03-03
ORD04614,2025-10-10,CUST1089,Kochi,South,Small Business,Beauty,Hair Dryer,3,4916.65,15,Credit Card,Online,Delivered,2023-07-11
ORD04615,2025-07-14,CUST0311,Mumbai,West,Consumer,Home Appliances,Refrigerator,1,33534.75,15,UPI,Online,Delivered,2025-04-21
ORD04616,2025-01-30,CUST1075,Delhi,North,Corporate,Electronics,Tablet,1,16265.7,10,Debit Card,Marketplace,Delivered,2024-08-09
ORD04617,2025-01-09,CUST0386,Hyderabad,South,Consumer,Fashion,Shoes,2,4172.48,20,UPI,Marketplace,Delivered,2025-01-17
ORD04618,2025-11-05,CUST0674,Pune,West,Small Business,Beauty,Face Serum,2,1170.44,5,Credit Card,Retail Store,Delivered,2024-10-08
ORD04619,2026-03-21,CUST0059,Ahmedabad,West,Corporate,Home Appliances,Washing Machine,1,38819.98,10,Credit Card,Retail Store,Delivered,2023-01-25
ORD04620,2025-11-06,CUST0055,Ahmedabad,West,Small Business,Furniture,Dining Table,4,26967.06,0,Credit Card,Online,Delivered,2025-03-03
ORD04621,2026-03-02,CUST0863,Hyderabad,South,Corporate,Home Appliances,Washing Machine,2,30970.36,20,Debit Card,Retail Store,Delivered,2023-05-15
ORD04622,2026-08-14,CUST0547,Bengaluru,South,Small Business,Home Appliances,Air Conditioner,1,54231.34,5,Net Banking,Online,Delivered,2023-12-17
ORD04623,2025-04-01,CUST0289,Hyderabad,South,Small Business,Fashion,Shoes,2,6015.55,15,Credit Card,Online,Delivered,2023-04-22
ORD04624,2026-04-01,CUST0219,Kolkata,East,Small Business,Electronics,Smartphone,3,55797.08,0,Credit Card,Online,Delivered,2024-02-14
ORD04625,2026-03-20,CUST0811,Chennai,South,Consumer,Furniture,Bed,4,67178.77,20,Net Banking,Online,Delivered,2023-01-21
ORD04626,2025-03-20,CUST0002,Chennai,South,Consumer,Fashion,Dress,2,5500.95,15,Cash on Delivery,Online,Delivered,2023-06-22
ORD04627,2026-04-20,CUST0959,Ahmedabad,West,Small Business,Electronics,Laptop,2,78289.32,10,Credit Card,Online,Delivered,2023-11-03
ORD04628,2025-04-13,CUST0097,Ahmedabad,West,Corporate,Home Appliances,Mixer,2,2855.59,15,Debit Card,Online,Delivered,2024-04-10
ORD04629,2026-09-15,CUST0221,Bengaluru,South,Consumer,Beauty,Skincare Kit,1,2806.92,25,Net Banking,Online,Delivered,2023-12-30
ORD04630,2026-04-01,CUST0482,Kochi,South,Small Business,Electronics,Laptop,2,67212.34,10,UPI,Marketplace,Delivered,2023-02-04
ORD04631,2025-11-10,CUST0604,Ahmedabad,West,Consumer,Fashion,Jacket,1,4844.27,10,UPI,Online,Delivered,2024-09-21
ORD04632,2025-09-04,CUST0448,Chennai,South,Consumer,Home Appliances,Refrigerator,1,45459.06,5,UPI,Marketplace,Returned,2023-06-07
ORD04633,2025-08-22,CUST0386,Pune,West,Corporate,Furniture,Office Chair,1,15357.95,5,Credit Card,Online,Delivered,2025-01-17
ORD04634,2026-08-17,CUST1153,Delhi,North,Small Business,Fashion,T-Shirt,4,2314.06,0,Debit Card,Retail Store,Delivered,2023-03-23
ORD04635,2025-08-23,CUST0776,Bengaluru,South,Small Business,Beauty,Face Serum,3,1317.56,0,Debit Card,Retail Store,Delivered,2023-07-07
ORD04636,2026-01-22,CUST0031,Mumbai,West,Corporate,Beauty,Perfume,3,3359.44,10,Credit Card,Marketplace,Delivered,2024-10-04
ORD04637,2026-09-03,CUST0525,Delhi,North,Small Business,Fashion,Jeans,3,1048.12,5,UPI,Online,Returned,2024-07-18
ORD04638,2025-02-07,CUST1038,Pune,West,Small Business,Electronics,Tablet,4,36977.35,20,UPI,Online,Delivered,2024-01-01
ORD04639,2025-06-10,CUST0368,Ahmedabad,West,Consumer,Furniture,Sofa,1,72776.6,10,UPI,Retail Store,Delivered,2023-02-01
ORD04640,2026-04-07,CUST0112,Pune,West,Consumer,Fashion,Jeans,1,1632.56,5,UPI,Retail Store,Delivered,2024-12-17
ORD04641,2026-03-25,CUST0900,Bengaluru,South,Small Business,Electronics,Headphones,1,6230.48,5,UPI,Marketplace,Delivered,2023-02-28
ORD04642,2025-04-27,CUST0742,Coimbatore,South,Consumer,Electronics,Laptop,1,48846.77,20,Debit Card,Marketplace,Delivered,2023-07-28
ORD04643,2025-08-29,CUST0701,Chennai,South,Small Business,Beauty,Face Serum,2,1248.56,15,UPI,Online,Delivered,2025-04-22
ORD04644,2025-01-26,CUST0063,Delhi,North,Consumer,Home Appliances,Microwave,3,8003.39,10,UPI,Marketplace,Cancelled,2023-08-24
ORD04645,2026-07-16,CUST0164,Kochi,South,Consumer,Home Appliances,Air Conditioner,1,37291.68,10,Debit Card,Marketplace,Delivered,2023-02-19
ORD04646,2025-10-25,CUST0758,Pune,West,Small Business,Furniture,Bed,3,64956.19,10,UPI,Online,Delivered,2025-02-15
ORD04647,2025-06-03,CUST0231,Hyderabad,South,Consumer,Fashion,Jeans,4,1652.94,0,UPI,Online,Delivered,2023-04-18
ORD04648,2026-04-13,CUST0621,Pune,West,Small Business,Electronics,Laptop,3,77482.33,15,Net Banking,Retail Store,Delivered,2024-05-27
ORD04649,2025-02-18,CUST0668,Delhi,North,Small Business,Fashion,Jacket,3,2534.09,15,Credit Card,Marketplace,Returned,2023-01-12
ORD04650,2025-02-15,CUST0340,Kolkata,East,Small Business,Home Appliances,Air Conditioner,2,55242.98,20,Debit Card,Marketplace,Delivered,2023-11-15
ORD04651,2025-10-12,CUST1131,Kolkata,East,Consumer,Beauty,Face Serum,2,3443.39,10,UPI,Retail Store,Delivered,2025-05-13
ORD04652,2026-09-20,CUST1001,Kochi,South,Small Business,Fashion,Shoes,3,7331.31,10,UPI,Online,Delivered,2025-04-07
ORD04653,2025-03-23,CUST0866,Coimbatore,South,Small Business,Electronics,Headphones,1,3834.34,5,UPI,Marketplace,Delivered,2025-01-27
ORD04654,2025-02-13,CUST0096,Delhi,North,Corporate,Home Appliances,Washing Machine,2,38589.54,15,Credit Card,Marketplace,Delivered,2024-10-05
ORD04655,2025-09-30,CUST0120,Mumbai,West,Small Business,Beauty,Makeup Kit,1,2959.57,20,Debit Card,Online,Delivered,2024-12-16
ORD04656,2026-01-29,CUST0610,Kolkata,East,Corporate,Home Appliances,Refrigerator,1,50772.53,10,UPI,Online,Delivered,2023-06-17
ORD04657,2026-08-18,CUST0185,Bengaluru,South,Consumer,Electronics,Laptop,1,49169.22,10,Credit Card,Marketplace,Delivered,2023-03-07
ORD04658,2025-02-27,CUST1173,Hyderabad,South,Small Business,Electronics,Tablet,1,23085.77,20,UPI,Marketplace,Delivered,2023-04-07
ORD04659,2026-07-19,CUST0180,Delhi,North,Consumer,Fashion,Dress,2,3213.4,10,UPI,Online,Delivered,2024-10-19
ORD04660,2025-01-01,CUST0607,Hyderabad,South,Corporate,Furniture,Bed,1,47838.61,15,Net Banking,Retail Store,Returned,2024-02-03
ORD04661,2025-08-04,CUST0460,Chennai,South,Consumer,Home Appliances,Microwave,4,13958.34,15,Credit Card,Online,Delivered,2023-07-06
ORD04662,2025-11-13,CUST0772,Kolkata,East,Small Business,Fashion,Jeans,1,1899.04,15,Credit Card,Marketplace,Delivered,2023-08-11
ORD04663,2025-08-16,CUST0147,Kolkata,East,Consumer,Home Appliances,Refrigerator,4,45871.34,10,UPI,Online,Delivered,2023-11-29
ORD04664,2026-04-18,CUST0526,Pune,West,Consumer,Home Appliances,Refrigerator,3,58191.17,15,UPI,Retail Store,Delivered,2024-05-29
ORD04665,2026-04-29,CUST0318,Ahmedabad,West,Consumer,Home Appliances,Microwave,2,13971.96,15,Net Banking,Online,Cancelled,2025-04-12
ORD04666,2025-10-14,CUST1055,Kolkata,East,Consumer,Home Appliances,Air Conditioner,1,30811.72,15,Cash on Delivery,Online,Delivered,2023-11-17
ORD04667,2026-05-26,CUST0053,Kolkata,East,Consumer,Fashion,Jacket,1,3690.87,20,Credit Card,Retail Store,Delivered,2023-03-25
ORD04668,2026-08-01,CUST1089,Coimbatore,South,Consumer,Home Appliances,Washing Machine,1,42518.87,15,Net Banking,Retail Store,Returned,2023-07-11
ORD04669,2026-04-03,CUST0984,Chennai,South,Small Business,Home Appliances,Microwave,2,16108.44,0,UPI,Online,Delivered,2023-01-17
ORD04670,2025-04-05,CUST0363,Hyderabad,South,Consumer,Fashion,Jeans,5,2636.61,5,Debit Card,Marketplace,Delivered,2024-03-25
ORD04671,2026-05-08,CUST0944,Hyderabad,South,Corporate,Fashion,Jeans,1,2711.29,10,Debit Card,Retail Store,Delivered,2024-10-09
ORD04672,2025-05-30,CUST0041,Coimbatore,South,Consumer,Electronics,Tablet,1,14673.55,20,UPI,Online,Delivered,2023-09-03
ORD04673,2025-01-23,CUST1156,Chennai,South,Consumer,Electronics,Smartwatch,1,23173.35,25,Credit Card,Online,Delivered,2024-02-09
ORD04674,2025-08-03,CUST0649,Mumbai,West,Consumer,Electronics,Smartwatch,2,9065.7,10,UPI,Retail Store,Delivered,2024-06-09
ORD04675,2026-02-03,CUST0369,Kolkata,East,Consumer,Beauty,Hair Dryer,2,1787.25,10,UPI,Marketplace,Delivered,2025-04-03
ORD04676,2026-02-14,CUST0460,Hyderabad,South,Consumer,Fashion,T-Shirt,2,2324.32,15,Credit Card,Online,Returned,2023-07-06
ORD04677,2025-05-11,CUST0082,Mumbai,West,Consumer,Home Appliances,Mixer,4,8334.37,5,UPI,Marketplace,Delivered,2025-05-11
ORD04678,2025-05-28,CUST1190,Coimbatore,South,Consumer,Furniture,Sofa,2,27051.6,0,Credit Card,Retail Store,Cancelled,2025-04-24
ORD04679,2026-01-16,CUST0050,Mumbai,West,Consumer,Fashion,Jeans,1,3429.09,5,Debit Card,Online,Delivered,2023-12-17
ORD04680,2025-04-19,CUST0796,Ahmedabad,West,Consumer,Fashion,Shoes,1,4350.73,15,Cash on Delivery,Online,Delivered,2023-09-20
ORD04681,2026-07-06,CUST0542,Coimbatore,South,Corporate,Beauty,Skincare Kit,1,848.79,5,Cash on Delivery,Online,Delivered,2023-07-06
ORD04682,2025-05-01,CUST1132,Kolkata,East,Small Business,Beauty,Perfume,2,3263.8,10,UPI,Online,Delivered,2025-04-15
ORD04683,2025-10-22,CUST0270,Chennai,South,Corporate,Fashion,Shoes,2,5856.6,20,Debit Card,Online,Delivered,2024-01-07
ORD04684,2025-04-30,CUST0656,Chennai,South,Corporate,Home Appliances,Microwave,1,21825.64,10,Net Banking,Online,Delivered,2024-12-07
ORD04685,2026-04-01,CUST0597,Pune,West,Corporate,Fashion,Jacket,2,6818.51,10,Net Banking,Retail Store,Delivered,2023-12-26
ORD04686,2026-06-14,CUST0845,Mumbai,West,Consumer,Furniture,Bed,2,33343.87,0,Cash on Delivery,Online,Delivered,2024-07-23
ORD04687,2025-06-18,CUST0083,Chennai,South,Consumer,Home Appliances,Air Conditioner,1,48070.79,5,UPI,Marketplace,Delivered,2025-05-02
ORD04688,2025-05-23,CUST0221,Kochi,South,Consumer,Home Appliances,Refrigerator,1,46019.76,0,Cash on Delivery,Marketplace,Delivered,2023-12-30
ORD04689,2025-02-06,CUST0237,Delhi,North,Consumer,Furniture,Sofa,3,32318.3,10,Credit Card,Retail Store,Delivered,2023-11-25
ORD04690,2025-09-18,CUST0883,Kolkata,East,Corporate,Electronics,Smartwatch,1,21944.9,20,UPI,Online,Delivered,2024-06-08
ORD04691,2025-08-19,CUST0217,Kolkata,East,Consumer,Electronics,Smartwatch,1,19538.8,5,Credit Card,Retail Store,Delivered,2023-06-25
ORD04692,2025-09-11,CUST0703,Delhi,North,Consumer,Furniture,Sofa,2,30039.84,10,Credit Card,Retail Store,Delivered,2023-12-19
ORD04693,2025-11-25,CUST0237,Mumbai,West,Consumer,Fashion,Shoes,1,6998.42,5,Credit Card,Marketplace,Delivered,2023-11-25
ORD04694,2025-10-24,CUST1024,Pune,West,Consumer,Fashion,Jacket,3,1881.58,0,UPI,Online,Delivered,2024-01-20
ORD04695,2025-01-10,CUST1121,Coimbatore,South,Small Business,Electronics,Laptop,3,97311.03,10,Credit Card,Online,Delivered,2024-02-18
ORD04696,2026-03-22,CUST0637,Pune,West,Consumer,Fashion,T-Shirt,2,625.79,15,Credit Card,Marketplace,Returned,2024-02-02
ORD04697,2025-08-18,CUST0439,Pune,West,Consumer,Electronics,Headphones,1,4020.44,10,Credit Card,Online,Delivered,2024-11-14
ORD04698,2026-06-20,CUST0253,Chennai,South,Consumer,Electronics,Headphones,2,3810.0,15,UPI,Retail Store,Delivered,2025-06-11
ORD04699,2025-03-19,CUST0059,Bengaluru,South,Corporate,Home Appliances,Microwave,1,8336.98,10,UPI,Marketplace,Returned,2023-01-25
ORD04700,2026-03-01,CUST0312,Kolkata,East,Small Business,Fashion,Jeans,4,1981.76,5,Net Banking,Retail Store,Returned,2024-11-09
ORD04701,2025-07-12,CUST0796,Kochi,South,Consumer,Beauty,Perfume,1,5745.61,10,Cash on Delivery,Marketplace,Returned,2023-09-20
ORD04702,2026-02-05,CUST0657,Pune,West,Consumer,Furniture,Sofa,1,42575.53,25,Credit Card,Online,Delivered,2024-09-17
ORD04703,2025-04-19,CUST1124,Pune,West,Consumer,Fashion,Shoes,3,3332.8,20,Credit Card,Retail Store,Cancelled,2024-01-14
ORD04704,2025-09-20,CUST0491,Ahmedabad,West,Small Business,Electronics,Laptop,2,45356.16,10,UPI,Retail Store,Delivered,2025-05-29
ORD04705,2025-11-25,CUST0838,Chennai,South,Consumer,Furniture,Bed,5,24472.22,20,UPI,Online,Delivered,2025-04-12
ORD04706,2025-12-29,CUST0609,Ahmedabad,West,Consumer,Fashion,Dress,2,6770.67,10,UPI,Online,Delivered,2023-07-14
ORD04707,2026-01-13,CUST0632,Kochi,South,Consumer,Home Appliances,Mixer,5,6879.69,5,UPI,Marketplace,Returned,2024-02-11
ORD04708,2025-12-07,CUST0312,Chennai,South,Corporate,Fashion,T-Shirt,2,1588.43,10,UPI,Retail Store,Delivered,2024-11-09
ORD04709,2025-09-16,CUST0558,Kolkata,East,Corporate,Home Appliances,Air Conditioner,1,63714.26,10,Credit Card,Online,Delivered,2024-08-29
ORD04710,2025-12-01,CUST0571,Kochi,South,Consumer,Home Appliances,Washing Machine,1,52756.94,0,UPI,Online,Delivered,2024-04-01
ORD04711,2025-03-26,CUST0848,Kochi,South,Small Business,Electronics,Headphones,1,10375.13,10,Debit Card,Online,Delivered,2024-03-24
ORD04712,2026-06-06,CUST1121,Ahmedabad,West,Corporate,Beauty,Face Serum,2,2870.44,10,UPI,Marketplace,Delivered,2024-02-18
ORD04713,2026-07-25,CUST0404,Coimbatore,South,Corporate,Electronics,Smartphone,1,72198.37,25,UPI,Marketplace,Delivered,2024-04-15
ORD04714,2025-11-04,CUST0053,Delhi,North,Consumer,Furniture,Sofa,1,67263.91,0,UPI,Retail Store,Delivered,2023-03-25
ORD04715,2025-09-19,CUST0614,Bengaluru,South,Consumer,Home Appliances,Air Conditioner,5,53644.1,0,UPI,Retail Store,Delivered,2023-12-28
ORD04716,2026-09-23,CUST0667,Kolkata,East,Corporate,Home Appliances,Mixer,2,8131.04,15,UPI,Retail Store,Delivered,2023-01-27
ORD04717,2026-03-28,CUST0197,Chennai,South,Small Business,Beauty,Skincare Kit,2,2009.82,20,UPI,Online,Delivered,2024-08-14
ORD04718,2025-09-08,CUST0904,Delhi,North,Small Business,Fashion,Jeans,1,2133.2,5,UPI,Marketplace,Delivered,2025-06-13
ORD04719,2025-11-20,CUST1180,Mumbai,West,Small Business,Home Appliances,Mixer,3,6788.97,15,Debit Card,Retail Store,Delivered,2023-04-25
ORD04720,2025-08-17,CUST1126,Ahmedabad,West,Corporate,Fashion,T-Shirt,2,2412.67,15,Credit Card,Marketplace,Delivered,2024-03-03
ORD04721,2026-09-28,CUST0226,Kolkata,East,Corporate,Home Appliances,Refrigerator,1,55702.67,20,Credit Card,Retail Store,Delivered,2023-10-03
ORD04722,2026-08-19,CUST1039,Bengaluru,South,Consumer,Beauty,Perfume,2,3358.16,0,UPI,Online,Delivered,2024-05-30
ORD04723,2025-10-24,CUST0846,Chennai,South,Consumer,Fashion,Dress,3,1390.14,15,Credit Card,Online,Delivered,2024-10-22
ORD04724,2025-08-25,CUST0556,Kochi,South,Small Business,Fashion,Jacket,1,7443.72,10,Credit Card,Retail Store,Delivered,2024-09-17
ORD04725,2026-09-17,CUST0661,Mumbai,West,Consumer,Electronics,Tablet,1,43532.74,5,Net Banking,Marketplace,Delivered,2025-06-15
ORD04726,2025-08-05,CUST1013,Bengaluru,South,Consumer,Beauty,Face Serum,1,1501.16,5,UPI,Retail Store,Delivered,2024-06-09
ORD04727,2025-09-03,CUST0592,Mumbai,West,Consumer,Furniture,Dining Table,1,57702.68,5,UPI,Online,Delivered,2023-01-15
ORD04728,2026-03-24,CUST0470,Pune,West,Small Business,Fashion,Shoes,1,4742.04,0,Credit Card,Marketplace,Delivered,2023-06-30
ORD04729,2025-11-15,CUST0613,Mumbai,West,Consumer,Furniture,Dining Table,1,59846.27,0,UPI,Marketplace,Delivered,2025-01-20
ORD04730,2026-03-08,CUST0708,Kochi,South,Small Business,Fashion,T-Shirt,5,1855.51,20,UPI,Online,Delivered,2024-06-21
ORD04731,2026-02-08,CUST0217,Kolkata,East,Consumer,Electronics,Smartphone,2,58450.47,5,Net Banking,Online,Delivered,2023-06-25
ORD04732,2025-02-06,CUST1072,Delhi,North,Consumer,Electronics,Headphones,1,14944.0,10,Credit Card,Online,Delivered,2024-11-03
ORD04733,2026-07-30,CUST0818,Ahmedabad,West,Consumer,Home Appliances,Microwave,1,21197.85,0,Credit Card,Marketplace,Delivered,2025-04-09
ORD04734,2025-12-08,CUST0771,Pune,West,Consumer,Fashion,Jeans,5,2231.87,5,UPI,Online,Delivered,2024-04-18
ORD04735,2026-01-24,CUST0114,Kolkata,East,Consumer,Furniture,Office Chair,3,23456.84,10,UPI,Online,Delivered,2024-01-12
ORD04736,2025-02-03,CUST0742,Ahmedabad,West,Consumer,Home Appliances,Washing Machine,5,26161.58,5,Credit Card,Marketplace,Delivered,2023-07-28
ORD04737,2025-02-08,CUST0135,Kochi,South,Consumer,Fashion,T-Shirt,1,1057.46,5,Credit Card,Online,Delivered,2024-10-02
ORD04738,2026-08-02,CUST0097,Pune,West,Corporate,Fashion,T-Shirt,4,612.51,5,Cash on Delivery,Online,Delivered,2024-04-10
ORD04739,2025-07-28,CUST0649,Chennai,South,Corporate,Electronics,Laptop,3,87617.1,20,Debit Card,Retail Store,Delivered,2024-06-09
ORD04740,2025-06-01,CUST0498,Hyderabad,South,Corporate,Furniture,Office Chair,3,9426.58,10,Credit Card,Online,Delivered,2023-07-21
ORD04741,2025-12-31,CUST0721,Hyderabad,South,Consumer,Furniture,Dining Table,2,35864.22,15,Debit Card,Marketplace,Delivered,2025-04-29
ORD04742,2025-07-18,CUST0108,Mumbai,West,Consumer,Fashion,Jeans,1,3510.05,25,Credit Card,Online,Returned,2023-06-11
ORD04743,2026-08-24,CUST0526,Mumbai,West,Small Business,Home Appliances,Microwave,2,7968.11,15,Net Banking,Online,Delivered,2024-05-29
ORD04744,2025-03-20,CUST0201,Kochi,South,Consumer,Electronics,Headphones,2,10389.14,0,Credit Card,Retail Store,Delivered,2024-05-22
ORD04745,2026-04-22,CUST1185,Mumbai,West,Consumer,Beauty,Hair Dryer,2,2203.71,5,Cash on Delivery,Marketplace,Delivered,2025-01-12
ORD04746,2026-03-10,CUST0692,Ahmedabad,West,Consumer,Home Appliances,Air Conditioner,1,35424.21,25,UPI,Online,Delivered,2025-03-18
ORD04747,2025-02-01,CUST0832,Coimbatore,South,Small Business,Beauty,Skincare Kit,3,4666.77,0,UPI,Online,Delivered,2024-09-26
ORD04748,2025-03-28,CUST0398,Mumbai,West,Consumer,Furniture,Bookshelf,2,5257.81,20,Net Banking,Online,Delivered,2023-09-17
ORD04749,2026-07-05,CUST0112,Kolkata,East,Consumer,Electronics,Smartphone,3,26825.08,5,Credit Card,Retail Store,Delivered,2024-12-17
ORD04750,2026-01-28,CUST1169,Delhi,North,Corporate,Furniture,Office Chair,1,21681.51,10,Net Banking,Retail Store,Delivered,2024-08-16
ORD04751,2026-09-05,CUST0343,Bengaluru,South,Consumer,Fashion,T-Shirt,1,906.21,10,UPI,Marketplace,Cancelled,2024-10-01
ORD04752,2025-09-01,CUST0520,Coimbatore,South,Consumer,Electronics,Smartphone,1,60279.2,15,UPI,Marketplace,Delivered,2024-08-27
ORD04753,2025-08-20,CUST0790,Chennai,South,Small Business,Home Appliances,Microwave,1,14663.77,20,UPI,Online,Delivered,2023-09-14
ORD04754,2026-08-03,CUST0035,Coimbatore,South,Consumer,Home Appliances,Mixer,2,4115.64,5,Credit Card,Marketplace,Delivered,2024-12-31
ORD04755,2025-07-11,CUST0962,Chennai,South,Small Business,Home Appliances,Mixer,1,8266.3,5,UPI,Retail Store,Returned,2024-06-26
ORD04756,2026-06-24,CUST0659,Coimbatore,South,Consumer,Electronics,Laptop,2,65206.84,5,UPI,Online,Delivered,2023-06-10
ORD04757,2025-09-27,CUST0328,Mumbai,West,Consumer,Electronics,Smartphone,4,42418.07,0,Cash on Delivery,Marketplace,Delivered,2023-12-01
ORD04758,2025-03-18,CUST0076,Kochi,South,Corporate,Fashion,Jacket,5,7917.74,25,Credit Card,Online,Delivered,2024-06-26
ORD04759,2025-06-16,CUST0185,Ahmedabad,West,Corporate,Fashion,Jacket,2,7372.56,5,Debit Card,Online,Delivered,2023-03-07
ORD04760,2025-10-11,CUST1064,Hyderabad,South,Consumer,Home Appliances,Washing Machine,1,57166.91,0,Net Banking,Marketplace,Delivered,2024-12-30
ORD04761,2025-03-30,CUST0832,Pune,West,Consumer,Electronics,Headphones,2,6311.16,15,Credit Card,Marketplace,Delivered,2024-09-26
ORD04762,2026-06-28,CUST0279,Chennai,South,Small Business,Electronics,Headphones,3,10673.67,10,Debit Card,Online,Delivered,2023-09-21
ORD04763,2025-06-05,CUST0082,Ahmedabad,West,Consumer,Furniture,Sofa,1,74320.99,0,UPI,Online,Delivered,2025-05-11
ORD04764,2025-09-07,CUST0836,Coimbatore,South,Small Business,Home Appliances,Mixer,3,6396.09,15,Cash on Delivery,Online,Delivered,2023-06-05
ORD04765,2025-04-05,CUST0703,Mumbai,West,Corporate,Fashion,Dress,1,5251.26,10,UPI,Online,Delivered,2023-12-19
ORD04766,2025-01-17,CUST0498,Bengaluru,South,Corporate,Fashion,Jacket,1,7774.11,5,UPI,Online,Cancelled,2023-07-21
ORD04767,2025-04-27,CUST0460,Kochi,South,Corporate,Electronics,Tablet,1,39611.68,0,UPI,Online,Delivered,2023-07-06
ORD04768,2025-11-29,CUST0237,Bengaluru,South,Consumer,Electronics,Smartphone,1,78516.05,20,UPI,Online,Returned,2023-11-25
ORD04769,2026-06-06,CUST0811,Chennai,South,Consumer,Home Appliances,Microwave,2,9824.97,10,Net Banking,Retail Store,Delivered,2023-01-21
ORD04770,2025-03-21,CUST1161,Chennai,South,Consumer,Home Appliances,Refrigerator,2,68439.16,10,UPI,Retail Store,Delivered,2023-08-12
ORD04771,2026-03-08,CUST0201,Kolkata,East,Consumer,Electronics,Headphones,3,5247.59,10,UPI,Retail Store,Delivered,2024-05-22
ORD04772,2025-07-22,CUST0739,Pune,West,Consumer,Electronics,Tablet,4,46206.56,15,Net Banking,Online,Delivered,2023-02-09
ORD04773,2025-04-26,CUST0521,Chennai,South,Small Business,Home Appliances,Refrigerator,2,56350.88,5,Cash on Delivery,Retail Store,Delivered,2024-03-02
ORD04774,2025-08-08,CUST0547,Hyderabad,South,Consumer,Beauty,Hair Dryer,1,5478.65,5,Net Banking,Online,Delivered,2023-12-17
ORD04775,2025-09-10,CUST0284,Mumbai,West,Consumer,Beauty,Makeup Kit,1,4217.7,10,Cash on Delivery,Retail Store,Delivered,2025-01-30
ORD04776,2025-06-18,CUST0973,Chennai,South,Corporate,Home Appliances,Air Conditioner,1,45851.44,15,Debit Card,Marketplace,Delivered,2024-11-17
ORD04777,2025-11-12,CUST0604,Coimbatore,South,Consumer,Beauty,Perfume,1,4336.17,10,UPI,Retail Store,Delivered,2024-09-21
ORD04778,2026-01-07,CUST0667,Kolkata,East,Consumer,Beauty,Skincare Kit,1,3119.26,10,Net Banking,Online,Delivered,2023-01-27
ORD04779,2026-08-06,CUST0372,Kolkata,East,Corporate,Furniture,Sofa,1,79996.26,20,Credit Card,Retail Store,Delivered,2023-09-17
ORD04780,2025-06-05,CUST0209,Delhi,North,Consumer,Beauty,Face Serum,1,774.75,10,UPI,Marketplace,Cancelled,2024-06-29
ORD04781,2026-09-06,CUST0105,Kochi,South,Consumer,Furniture,Bed,2,30269.33,0,Credit Card,Retail Store,Delivered,2024-10-18
ORD04782,2025-01-13,CUST0853,Bengaluru,South,Corporate,Furniture,Sofa,1,32472.33,20,Credit Card,Online,Delivered,2023-11-16
ORD04783,2026-05-23,CUST0226,Pune,West,Corporate,Fashion,Shoes,2,8107.25,15,Credit Card,Retail Store,Delivered,2023-10-03
ORD04784,2026-04-10,CUST0834,Kochi,South,Small Business,Electronics,Smartwatch,3,11190.69,5,UPI,Retail Store,Delivered,2023-05-03
ORD04785,2025-08-08,CUST0484,Chennai,South,Consumer,Fashion,Dress,1,4837.25,0,UPI,Online,Delivered,2024-12-21
ORD04786,2025-01-15,CUST0511,Chennai,South,Small Business,Furniture,Bed,5,62010.29,20,Net Banking,Marketplace,Delivered,2024-02-28
ORD04787,2025-04-27,CUST0569,Mumbai,West,Consumer,Beauty,Hair Dryer,2,4569.74,10,Debit Card,Retail Store,Delivered,2024-10-30
ORD04788,2025-11-27,CUST0462,Coimbatore,South,Corporate,Fashion,Jeans,1,2874.99,20,UPI,Online,Delivered,2023-02-17
ORD04789,2025-02-25,CUST0116,Kochi,South,Consumer,Furniture,Office Chair,1,14412.49,20,Debit Card,Online,Delivered,2024-03-25
ORD04790,2025-12-17,CUST0374,Coimbatore,South,Corporate,Furniture,Sofa,1,68085.13,5,Cash on Delivery,Online,Delivered,2023-10-06
ORD04791,2025-05-12,CUST0804,Hyderabad,South,Consumer,Electronics,Smartwatch,4,4934.44,15,Net Banking,Marketplace,Delivered,2023-08-07
ORD04792,2025-08-14,CUST0805,Kolkata,East,Small Business,Fashion,Shoes,4,5214.12,10,Credit Card,Online,Delivered,2025-03-24
ORD04793,2025-11-04,CUST0343,Hyderabad,South,Consumer,Home Appliances,Microwave,3,20412.91,10,UPI,Retail Store,Returned,2024-10-01
ORD04794,2026-04-20,CUST0564,Coimbatore,South,Corporate,Fashion,Dress,2,2183.25,5,Credit Card,Online,Delivered,2023-05-25
ORD04795,2025-08-10,CUST0221,Delhi,North,Corporate,Home Appliances,Refrigerator,1,69150.19,10,Debit Card,Marketplace,Delivered,2023-12-30
ORD04796,2025-06-22,CUST0233,Pune,West,Small Business,Beauty,Perfume,1,3645.37,15,Debit Card,Online,Delivered,2023-06-25
ORD04797,2025-12-06,CUST0031,Delhi,North,Consumer,Electronics,Smartphone,1,27400.24,0,UPI,Retail Store,Delivered,2024-10-04
ORD04798,2026-05-21,CUST1066,Coimbatore,South,Corporate,Beauty,Makeup Kit,4,4319.0,0,Debit Card,Retail Store,Delivered,2023-04-05
ORD04799,2025-06-06,CUST0233,Delhi,North,Corporate,Home Appliances,Washing Machine,3,50975.84,5,UPI,Online,Delivered,2023-06-25
ORD04800,2025-05-31,CUST0245,Pune,West,Consumer,Home Appliances,Mixer,1,8367.66,5,UPI,Marketplace,Delivered,2025-04-06
ORD04801,2025-06-27,CUST0331,Hyderabad,South,Consumer,Furniture,Office Chair,2,11669.26,5,Credit Card,Online,Delivered,2024-11-18
ORD04802,2026-06-17,CUST0145,Chennai,South,Consumer,Electronics,Smartphone,2,64653.35,0,UPI,Online,Delivered,2023-10-02
ORD04803,2025-04-22,CUST0772,Kochi,South,Consumer,Home Appliances,Air Conditioner,1,38374.09,0,UPI,Online,Returned,2023-08-11
ORD04804,2025-05-18,CUST0090,Kochi,South,Consumer,Beauty,Makeup Kit,1,3399.65,0,Debit Card,Online,Delivered,2023-09-12
ORD04805,2025-08-21,CUST0153,Chennai,South,Consumer,Fashion,Jeans,1,1856.39,20,UPI,Marketplace,Delivered,2025-02-04
ORD04806,2025-11-28,CUST0783,Delhi,North,Consumer,Home Appliances,Microwave,1,22065.21,10,Debit Card,Marketplace,Delivered,2024-03-19
ORD04807,2026-06-26,CUST0422,Coimbatore,South,Consumer,Home Appliances,Mixer,1,6084.3,10,UPI,Online,Delivered,2025-02-23
ORD04808,2025-11-03,CUST0848,Kolkata,East,Consumer,Home Appliances,Microwave,4,13196.63,10,UPI,Retail Store,Delivered,2024-03-24
ORD04809,2025-06-10,CUST0686,Ahmedabad,West,Consumer,Fashion,Shoes,3,2261.33,5,Credit Card,Online,Delivered,2025-02-09
ORD04810,2026-02-06,CUST0288,Delhi,North,Small Business,Fashion,Jeans,2,4220.0,15,Cash on Delivery,Marketplace,Delivered,2025-04-08
ORD04811,2026-08-13,CUST0791,Coimbatore,South,Consumer,Electronics,Smartphone,1,22490.75,10,Debit Card,Marketplace,Delivered,2024-12-24
ORD04812,2025-10-05,CUST0128,Ahmedabad,West,Consumer,Fashion,Jeans,2,4059.92,15,Credit Card,Online,Delivered,2025-02-24
ORD04813,2025-11-16,CUST0659,Bengaluru,South,Consumer,Home Appliances,Refrigerator,2,66675.9,5,UPI,Online,Delivered,2023-06-10
ORD04814,2026-06-17,CUST0535,Coimbatore,South,Corporate,Furniture,Sofa,2,27772.81,25,UPI,Retail Store,Delivered,2024-04-04
ORD04815,2026-05-12,CUST0312,Bengaluru,South,Corporate,Beauty,Makeup Kit,1,4503.08,20,Credit Card,Marketplace,Delivered,2024-11-09
ORD04816,2025-12-29,CUST0742,Kolkata,East,Consumer,Beauty,Face Serum,3,2531.18,15,Net Banking,Retail Store,Delivered,2023-07-28
ORD04817,2026-01-07,CUST1036,Ahmedabad,West,Consumer,Fashion,Jeans,1,3493.21,25,Credit Card,Online,Delivered,2023-10-05
ORD04818,2025-02-05,CUST1200,Kolkata,East,Consumer,Beauty,Perfume,2,6126.09,10,Cash on Delivery,Online,Delivered,2024-11-02
ORD04819,2025-10-30,CUST0742,Bengaluru,South,Consumer,Furniture,Office Chair,1,19311.19,5,Debit Card,Online,Delivered,2023-07-28
ORD04820,2026-03-14,CUST0498,Kochi,South,Consumer,Furniture,Office Chair,1,21201.62,15,Debit Card,Online,Delivered,2023-07-21
ORD04821,2025-02-01,CUST0244,Mumbai,West,Consumer,Electronics,Headphones,2,11063.69,20,Debit Card,Online,Delivered,2023-03-12
ORD04822,2025-07-05,CUST0293,Ahmedabad,West,Small Business,Fashion,T-Shirt,3,1203.14,10,Net Banking,Online,Delivered,2024-07-01
ORD04823,2025-06-23,CUST0592,Ahmedabad,West,Consumer,Home Appliances,Washing Machine,3,44831.8,0,Credit Card,Online,Delivered,2023-01-15
ORD04824,2026-07-20,CUST0462,Ahmedabad,West,Small Business,Electronics,Tablet,1,39353.83,10,Cash on Delivery,Marketplace,Delivered,2023-02-17
ORD04825,2025-09-07,CUST1089,Kolkata,East,Small Business,Beauty,Makeup Kit,1,1784.21,5,UPI,Retail Store,Cancelled,2023-07-11
ORD04826,2025-10-06,CUST0463,Delhi,North,Consumer,Electronics,Smartphone,5,47958.33,20,UPI,Marketplace,Delivered,2025-04-10
ORD04827,2025-01-02,CUST0470,Hyderabad,South,Consumer,Electronics,Smartphone,3,55382.82,10,UPI,Online,Delivered,2023-06-30
ORD04828,2025-07-13,CUST0481,Kochi,South,Consumer,Beauty,Face Serum,4,2896.52,15,UPI,Retail Store,Returned,2023-10-01
ORD04829,2025-06-15,CUST0992,Coimbatore,South,Consumer,Home Appliances,Air Conditioner,1,41767.35,20,Credit Card,Marketplace,Delivered,2024-07-06
ORD04830,2025-04-20,CUST0791,Bengaluru,South,Consumer,Home Appliances,Mixer,1,4157.7,15,Net Banking,Online,Delivered,2024-12-24
ORD04831,2026-01-15,CUST0754,Mumbai,West,Consumer,Electronics,Tablet,2,13628.22,15,Credit Card,Retail Store,Delivered,2024-04-02
ORD04832,2026-08-06,CUST0413,Bengaluru,South,Small Business,Fashion,T-Shirt,4,1953.35,20,Cash on Delivery,Online,Cancelled,2024-04-19
ORD04833,2025-10-12,CUST0971,Kochi,South,Consumer,Home Appliances,Refrigerator,1,31501.91,15,Debit Card,Retail Store,Delivered,2024-07-15
ORD04834,2026-02-25,CUST0050,Coimbatore,South,Corporate,Fashion,T-Shirt,3,1799.22,0,UPI,Online,Delivered,2023-12-17
ORD04835,2025-04-23,CUST1035,Kolkata,East,Corporate,Home Appliances,Microwave,3,22439.77,10,UPI,Online,Delivered,2025-03-11
ORD04836,2025-08-16,CUST0632,Pune,West,Small Business,Fashion,Jacket,3,6379.04,20,Credit Card,Online,Delivered,2024-02-11
ORD04837,2026-04-16,CUST0495,Hyderabad,South,Consumer,Furniture,Dining Table,1,45206.72,15,UPI,Online,Delivered,2023-02-11
ORD04838,2026-06-12,CUST0616,Coimbatore,South,Corporate,Electronics,Tablet,1,30617.24,15,Net Banking,Online,Delivered,2023-09-01
ORD04839,2026-05-11,CUST0806,Kolkata,East,Consumer,Fashion,Jacket,1,5771.54,0,UPI,Retail Store,Delivered,2023-05-03
ORD04840,2025-01-31,CUST0022,Bengaluru,South,Small Business,Fashion,Dress,1,2703.59,5,Net Banking,Retail Store,Delivered,2025-03-23
ORD04841,2025-06-11,CUST1036,Ahmedabad,West,Consumer,Electronics,Tablet,2,22954.39,25,UPI,Marketplace,Delivered,2023-10-05
ORD04842,2026-01-13,CUST0547,Chennai,South,Consumer,Electronics,Laptop,3,87017.81,10,UPI,Online,Delivered,2023-12-17
ORD04843,2026-03-22,CUST0427,Hyderabad,South,Consumer,Fashion,Shoes,5,1709.64,25,UPI,Online,Delivered,2024-03-27
ORD04844,2026-03-03,CUST0161,Bengaluru,South,Consumer,Electronics,Tablet,4,18524.88,20,Net Banking,Online,Delivered,2024-06-16
ORD04845,2026-05-19,CUST0538,Kochi,South,Small Business,Electronics,Smartphone,1,31777.38,15,Credit Card,Online,Delivered,2024-10-28
ORD04846,2026-06-11,CUST0615,Mumbai,West,Small Business,Home Appliances,Microwave,1,19610.03,5,Credit Card,Retail Store,Delivered,2024-04-26
ORD04847,2026-06-16,CUST0498,Bengaluru,South,Consumer,Home Appliances,Air Conditioner,1,31886.78,0,Debit Card,Online,Delivered,2023-07-21
ORD04848,2026-08-05,CUST0823,Ahmedabad,West,Consumer,Fashion,Jeans,2,2146.64,25,Debit Card,Online,Delivered,2023-02-25
ORD04849,2026-06-04,CUST0518,Hyderabad,South,Consumer,Electronics,Tablet,1,14589.92,20,Net Banking,Retail Store,Delivered,2024-04-10
ORD04850,2025-02-03,CUST1148,Kochi,South,Small Business,Fashion,Jeans,2,2426.8,10,Credit Card,Online,Delivered,2024-06-18
ORD04851,2026-05-05,CUST0740,Coimbatore,South,Consumer,Furniture,Bed,1,60763.41,20,Debit Card,Marketplace,Delivered,2023-07-01
ORD04852,2026-09-12,CUST0961,Delhi,North,Consumer,Electronics,Smartphone,1,42938.0,10,UPI,Marketplace,Delivered,2024-09-16
ORD04853,2026-02-27,CUST0124,Coimbatore,South,Consumer,Electronics,Headphones,1,8144.03,10,UPI,Marketplace,Delivered,2024-04-20
ORD04854,2026-04-13,CUST0494,Ahmedabad,West,Consumer,Fashion,T-Shirt,1,595.87,0,Credit Card,Marketplace,Returned,2023-03-31
ORD04855,2025-01-24,CUST0415,Mumbai,West,Consumer,Fashion,Jeans,4,4237.43,5,Cash on Delivery,Online,Delivered,2024-08-22
ORD04856,2025-08-04,CUST0700,Ahmedabad,West,Small Business,Fashion,T-Shirt,4,519.26,5,UPI,Marketplace,Delivered,2025-04-02
ORD04857,2025-02-24,CUST1024,Kochi,South,Consumer,Electronics,Smartphone,1,34490.34,20,Credit Card,Online,Delivered,2024-01-20
ORD04858,2025-01-26,CUST0096,Coimbatore,South,Small Business,Home Appliances,Mixer,2,8963.11,5,UPI,Online,Delivered,2024-10-05
ORD04859,2025-10-08,CUST0087,Mumbai,West,Small Business,Home Appliances,Air Conditioner,2,35405.0,0,Net Banking,Online,Delivered,2024-03-30
ORD04860,2025-11-23,CUST1014,Coimbatore,South,Corporate,Electronics,Tablet,4,21942.82,5,Credit Card,Online,Delivered,2023-12-02
ORD04861,2025-07-05,CUST0233,Kolkata,East,Consumer,Electronics,Headphones,1,14238.53,15,Credit Card,Marketplace,Delivered,2023-06-25
ORD04862,2026-05-10,CUST0808,Kolkata,East,Consumer,Fashion,Dress,1,1685.66,10,Credit Card,Online,Delivered,2025-06-04
ORD04863,2025-01-12,CUST0667,Kochi,South,Small Business,Fashion,Jeans,4,1380.39,15,Net Banking,Online,Delivered,2023-01-27
ORD04864,2026-03-10,CUST0984,Hyderabad,South,Small Business,Home Appliances,Mixer,3,2948.03,15,UPI,Online,Delivered,2023-01-17
ORD04865,2025-07-27,CUST0142,Bengaluru,South,Corporate,Home Appliances,Microwave,1,7821.33,0,UPI,Online,Returned,2024-04-13
ORD04866,2025-05-13,CUST0147,Pune,West,Small Business,Fashion,Dress,2,4056.93,10,Cash on Delivery,Retail Store,Delivered,2023-11-29
ORD04867,2025-12-05,CUST0685,Hyderabad,South,Consumer,Fashion,T-Shirt,5,1061.56,15,Credit Card,Online,Cancelled,2024-05-10
ORD04868,2025-07-15,CUST1126,Coimbatore,South,Small Business,Home Appliances,Microwave,3,19623.29,25,Net Banking,Retail Store,Returned,2024-03-03
ORD04869,2025-09-19,CUST0511,Kochi,South,Small Business,Fashion,Dress,4,4535.24,10,UPI,Marketplace,Cancelled,2024-02-28
ORD04870,2025-10-09,CUST0402,Hyderabad,South,Small Business,Furniture,Bed,2,67832.32,15,Credit Card,Online,Delivered,2024-05-21
ORD04871,2026-01-04,CUST0742,Kochi,South,Consumer,Electronics,Smartphone,1,16707.91,0,Credit Card,Retail Store,Delivered,2023-07-28
ORD04872,2025-04-13,CUST1111,Bengaluru,South,Consumer,Fashion,Jacket,1,2880.37,10,Debit Card,Online,Delivered,2023-08-07
ORD04873,2026-09-24,CUST0992,Chennai,South,Small Business,Beauty,Perfume,2,2626.43,10,Debit Card,Retail Store,Delivered,2024-07-06
ORD04874,2025-07-02,CUST1199,Mumbai,West,Small Business,Beauty,Skincare Kit,1,3348.97,15,Debit Card,Marketplace,Delivered,2024-05-18
ORD04875,2026-02-27,CUST0031,Chennai,South,Consumer,Furniture,Bed,5,31115.85,5,Credit Card,Retail Store,Delivered,2024-10-04
ORD04876,2025-01-09,CUST0126,Mumbai,West,Small Business,Home Appliances,Refrigerator,1,34235.46,10,UPI,Online,Delivered,2024-08-18
ORD04877,2026-07-11,CUST0747,Bengaluru,South,Consumer,Home Appliances,Air Conditioner,1,61042.19,10,Cash on Delivery,Online,Delivered,2023-09-15
ORD04878,2025-09-01,CUST0971,Kolkata,East,Consumer,Beauty,Makeup Kit,3,4184.82,5,UPI,Marketplace,Delivered,2024-07-15
ORD04879,2026-09-16,CUST0343,Bengaluru,South,Consumer,Fashion,Shoes,1,5355.25,15,UPI,Retail Store,Delivered,2024-10-01
ORD04880,2026-07-21,CUST0257,Chennai,South,Consumer,Fashion,Jeans,2,1639.23,15,Credit Card,Marketplace,Returned,2023-12-16
ORD04881,2026-01-28,CUST0940,Pune,West,Consumer,Beauty,Face Serum,1,2853.37,15,UPI,Marketplace,Delivered,2024-10-01
ORD04882,2026-06-11,CUST0067,Bengaluru,South,Corporate,Furniture,Dining Table,2,17605.96,25,Cash on Delivery,Retail Store,Delivered,2025-02-22
ORD04883,2025-02-06,CUST0463,Coimbatore,South,Consumer,Electronics,Headphones,1,8590.38,20,UPI,Retail Store,Delivered,2025-04-10
ORD04884,2025-06-27,CUST0623,Bengaluru,South,Small Business,Beauty,Face Serum,1,2481.81,10,UPI,Marketplace,Delivered,2024-07-27
ORD04885,2026-09-21,CUST0691,Pune,West,Consumer,Home Appliances,Mixer,3,4867.42,15,Net Banking,Retail Store,Delivered,2025-05-28
ORD04886,2025-03-13,CUST0871,Chennai,South,Small Business,Electronics,Smartwatch,3,16958.26,10,UPI,Retail Store,Delivered,2023-07-13
ORD04887,2025-12-18,CUST0447,Hyderabad,South,Consumer,Beauty,Hair Dryer,2,2653.34,15,Debit Card,Online,Delivered,2024-01-11
ORD04888,2026-09-15,CUST0754,Chennai,South,Consumer,Beauty,Makeup Kit,3,1386.38,20,UPI,Online,Delivered,2024-04-02
ORD04889,2025-05-29,CUST0714,Delhi,North,Consumer,Home Appliances,Refrigerator,2,47938.82,25,UPI,Online,Delivered,2023-02-20
ORD04890,2025-04-15,CUST0670,Hyderabad,South,Consumer,Home Appliances,Washing Machine,2,55664.05,0,UPI,Online,Delivered,2024-06-25
ORD04891,2025-08-09,CUST0775,Delhi,North,Consumer,Fashion,Shoes,5,4611.9,20,UPI,Online,Delivered,2024-06-13
ORD04892,2026-01-09,CUST0298,Ahmedabad,West,Consumer,Electronics,Smartphone,1,43036.3,25,UPI,Online,Delivered,2025-02-19
ORD04893,2026-06-02,CUST0104,Coimbatore,South,Consumer,Fashion,Shoes,3,3714.76,10,UPI,Online,Delivered,2025-01-08
ORD04894,2025-09-17,CUST0134,Pune,West,Consumer,Furniture,Bed,1,64639.7,5,Net Banking,Online,Delivered,2024-09-09
ORD04895,2025-10-26,CUST0243,Ahmedabad,West,Corporate,Beauty,Makeup Kit,2,2693.16,5,UPI,Online,Delivered,2023-10-02
ORD04896,2025-02-11,CUST0619,Chennai,South,Consumer,Furniture,Office Chair,1,22869.52,5,UPI,Online,Delivered,2024-08-11
ORD04897,2026-05-07,CUST1000,Kochi,South,Consumer,Electronics,Laptop,1,72329.55,15,UPI,Retail Store,Delivered,2023-05-19
ORD04898,2026-03-15,CUST0844,Ahmedabad,West,Consumer,Home Appliances,Air Conditioner,1,58864.61,25,UPI,Marketplace,Delivered,2024-08-16
ORD04899,2025-02-16,CUST0944,Mumbai,West,Consumer,Furniture,Sofa,2,22083.73,5,UPI,Marketplace,Delivered,2024-10-09
ORD04900,2025-03-26,CUST0438,Delhi,North,Corporate,Home Appliances,Washing Machine,2,45016.43,5,Credit Card,Marketplace,Cancelled,2024-09-28
ORD04901,2025-02-27,CUST0498,Pune,West,Consumer,Home Appliances,Washing Machine,1,29146.64,5,UPI,Online,Delivered,2023-07-21
ORD04902,2025-07-28,CUST0486,Kochi,South,Consumer,Home Appliances,Microwave,2,20198.07,15,Cash on Delivery,Marketplace,Delivered,2024-02-12
ORD04903,2025-09-05,CUST0221,Chennai,South,Consumer,Fashion,T-Shirt,2,933.42,10,UPI,Online,Delivered,2023-12-30
ORD04904,2025-07-30,CUST0074,Mumbai,West,Small Business,Furniture,Bookshelf,1,12677.59,10,Debit Card,Retail Store,Delivered,2025-05-20
ORD04905,2025-02-08,CUST0726,Ahmedabad,West,Consumer,Fashion,Jacket,2,3945.21,5,Cash on Delivery,Online,Delivered,2024-11-09
ORD04906,2025-09-09,CUST1189,Pune,West,Small Business,Furniture,Office Chair,1,9776.97,0,Net Banking,Online,Delivered,2023-01-31
ORD04907,2026-02-17,CUST0192,Bengaluru,South,Corporate,Fashion,Dress,2,4537.78,10,Cash on Delivery,Marketplace,Delivered,2023-06-20
ORD04908,2026-03-22,CUST0056,Ahmedabad,West,Corporate,Home Appliances,Washing Machine,2,38885.23,10,UPI,Marketplace,Delivered,2023-12-24
ORD04909,2025-02-21,CUST0929,Kochi,South,Consumer,Fashion,T-Shirt,1,1469.31,5,Credit Card,Online,Delivered,2023-07-04
ORD04910,2026-01-09,CUST0281,Mumbai,West,Small Business,Home Appliances,Washing Machine,2,49396.66,10,Net Banking,Online,Delivered,2025-04-13
ORD04911,2026-06-10,CUST0978,Kolkata,East,Corporate,Furniture,Dining Table,3,31027.13,15,Credit Card,Online,Delivered,2024-08-13
ORD04912,2025-06-05,CUST0845,Pune,West,Consumer,Beauty,Face Serum,1,3589.43,15,UPI,Marketplace,Delivered,2024-07-23
ORD04913,2026-06-26,CUST1126,Kolkata,East,Small Business,Beauty,Hair Dryer,2,1219.32,5,UPI,Online,Delivered,2024-03-03
ORD04914,2025-03-31,CUST0504,Coimbatore,South,Consumer,Fashion,Dress,4,5537.24,10,UPI,Retail Store,Delivered,2024-04-25
ORD04915,2025-12-17,CUST0799,Kolkata,East,Consumer,Electronics,Smartwatch,1,4215.12,20,UPI,Retail Store,Delivered,2024-11-20
ORD04916,2025-03-10,CUST0567,Pune,West,Small Business,Furniture,Dining Table,2,55072.96,10,UPI,Online,Delivered,2025-04-16
ORD04917,2025-06-12,CUST0767,Delhi,North,Small Business,Beauty,Perfume,1,5456.38,5,UPI,Marketplace,Delivered,2024-01-30
ORD04918,2025-08-30,CUST0548,Kochi,South,Small Business,Electronics,Smartwatch,5,4578.37,0,Credit Card,Retail Store,Delivered,2023-04-18
ORD04919,2026-05-10,CUST0216,Pune,West,Consumer,Electronics,Smartwatch,1,16864.06,0,Credit Card,Online,Delivered,2025-06-02
ORD04920,2026-01-18,CUST0626,Delhi,North,Corporate,Fashion,Dress,2,2643.59,25,Net Banking,Online,Delivered,2025-02-24
ORD04921,2025-02-21,CUST0649,Bengaluru,South,Small Business,Home Appliances,Microwave,4,15355.11,0,UPI,Retail Store,Delivered,2024-06-09
ORD04922,2025-03-04,CUST0965,Ahmedabad,West,Small Business,Electronics,Laptop,1,73250.29,10,Cash on Delivery,Online,Delivered,2025-03-29
ORD04923,2026-05-24,CUST0878,Chennai,South,Consumer,Beauty,Makeup Kit,2,5536.34,5,Cash on Delivery,Online,Delivered,2023-05-11
ORD04924,2025-10-19,CUST0804,Hyderabad,South,Small Business,Home Appliances,Air Conditioner,1,43676.21,10,Debit Card,Online,Delivered,2023-08-07
ORD04925,2025-04-01,CUST0127,Hyderabad,South,Small Business,Furniture,Dining Table,2,18821.58,15,Credit Card,Online,Delivered,2023-06-29
ORD04926,2026-02-28,CUST0864,Coimbatore,South,Corporate,Electronics,Smartphone,1,41644.74,15,UPI,Retail Store,Delivered,2025-02-13
ORD04927,2025-12-31,CUST0619,Mumbai,West,Small Business,Electronics,Smartphone,1,74349.96,5,UPI,Retail Store,Delivered,2024-08-11
ORD04928,2025-05-30,CUST1064,Hyderabad,South,Small Business,Fashion,Shoes,4,7807.48,5,Debit Card,Online,Delivered,2024-12-30
ORD04929,2025-09-28,CUST1096,Coimbatore,South,Consumer,Fashion,Shoes,1,3363.49,25,Debit Card,Retail Store,Delivered,2023-04-09
ORD04930,2026-08-04,CUST0064,Coimbatore,South,Consumer,Furniture,Bed,3,45888.1,5,Debit Card,Online,Delivered,2024-02-14
ORD04931,2025-04-26,CUST0971,Coimbatore,South,Consumer,Electronics,Tablet,1,40685.49,15,Credit Card,Online,Returned,2024-07-15
ORD04932,2026-05-31,CUST0050,Mumbai,West,Small Business,Electronics,Smartphone,1,19903.75,5,UPI,Online,Delivered,2023-12-17
ORD04933,2026-08-10,CUST0462,Bengaluru,South,Consumer,Fashion,Dress,2,1937.75,10,UPI,Retail Store,Returned,2023-02-17
ORD04934,2025-08-29,CUST0665,Mumbai,West,Consumer,Beauty,Makeup Kit,1,2436.67,0,UPI,Online,Delivered,2024-04-30
ORD04935,2025-01-30,CUST0168,Chennai,South,Corporate,Electronics,Smartphone,4,41114.21,10,UPI,Online,Delivered,2023-11-01
ORD04936,2025-05-23,CUST0889,Kolkata,East,Corporate,Electronics,Smartwatch,2,5185.87,10,Credit Card,Online,Cancelled,2025-03-16
ORD04937,2025-11-22,CUST0018,Hyderabad,South,Consumer,Fashion,Shoes,2,4340.79,15,Debit Card,Marketplace,Delivered,2024-11-01
ORD04938,2025-01-16,CUST0197,Chennai,South,Small Business,Furniture,Bed,1,28585.53,10,Credit Card,Retail Store,Delivered,2024-08-14
ORD04939,2025-04-21,CUST0710,Kolkata,East,Corporate,Home Appliances,Mixer,1,4826.87,5,Debit Card,Online,Delivered,2024-02-23
ORD04940,2025-04-17,CUST0853,Hyderabad,South,Small Business,Fashion,Jeans,3,4456.13,10,Cash on Delivery,Retail Store,Returned,2023-11-16
ORD04941,2026-01-14,CUST1094,Bengaluru,South,Corporate,Electronics,Laptop,1,54500.35,10,Cash on Delivery,Online,Delivered,2025-01-27
ORD04942,2025-06-11,CUST0846,Kochi,South,Small Business,Furniture,Dining Table,3,43732.43,25,Cash on Delivery,Online,Delivered,2024-10-22
ORD04943,2025-10-10,CUST0817,Chennai,South,Consumer,Fashion,Shoes,1,4318.48,20,Debit Card,Marketplace,Returned,2023-04-09
ORD04944,2025-09-26,CUST0487,Pune,West,Consumer,Furniture,Bed,1,43664.93,5,UPI,Online,Delivered,2024-06-02
ORD04945,2026-04-29,CUST0002,Bengaluru,South,Corporate,Furniture,Office Chair,1,22135.44,10,Net Banking,Online,Delivered,2023-06-22
ORD04946,2025-03-14,CUST0134,Kolkata,East,Consumer,Electronics,Smartwatch,1,10142.46,5,Debit Card,Online,Delivered,2024-09-09
ORD04947,2025-07-16,CUST0658,Ahmedabad,West,Small Business,Fashion,Jacket,1,3799.71,10,UPI,Marketplace,Delivered,2023-06-08
ORD04948,2025-08-31,CUST0818,Delhi,North,Small Business,Furniture,Bookshelf,1,11025.37,25,UPI,Marketplace,Delivered,2025-04-09
ORD04949,2026-08-21,CUST0512,Delhi,North,Corporate,Beauty,Perfume,1,4978.18,10,Credit Card,Online,Delivered,2024-11-29
ORD04950,2025-09-16,CUST0871,Pune,West,Consumer,Beauty,Hair Dryer,3,5623.94,10,UPI,Retail Store,Returned,2023-07-13
ORD04951,2025-05-29,CUST0642,Kochi,South,Consumer,Beauty,Hair Dryer,1,4621.18,5,Credit Card,Retail Store,Delivered,2023-01-16
ORD04952,2026-01-25,CUST0090,Mumbai,West,Consumer,Electronics,Smartphone,3,64562.74,5,UPI,Marketplace,Cancelled,2023-09-12
ORD04953,2026-02-20,CUST0221,Kochi,South,Small Business,Fashion,Shoes,1,1582.04,10,Cash on Delivery,Marketplace,Delivered,2023-12-30
ORD04954,2026-03-02,CUST1000,Mumbai,West,Small Business,Furniture,Bookshelf,1,23150.85,0,Debit Card,Online,Delivered,2023-05-19
ORD04955,2025-08-05,CUST0868,Delhi,North,Consumer,Furniture,Dining Table,1,50919.58,5,UPI,Retail Store,Delivered,2024-06-03
ORD04956,2025-03-27,CUST1064,Kolkata,East,Corporate,Electronics,Laptop,2,67999.11,0,UPI,Marketplace,Delivered,2024-12-30
ORD04957,2025-08-04,CUST0132,Chennai,South,Consumer,Furniture,Office Chair,1,7821.28,25,UPI,Retail Store,Delivered,2023-10-14
ORD04958,2026-02-27,CUST1191,Kochi,South,Consumer,Home Appliances,Washing Machine,5,51788.48,25,Debit Card,Marketplace,Delivered,2024-09-24
ORD04959,2025-11-16,CUST0232,Chennai,South,Small Business,Home Appliances,Air Conditioner,2,59976.01,5,Net Banking,Marketplace,Delivered,2025-03-11
ORD04960,2025-04-28,CUST0019,Delhi,North,Small Business,Fashion,T-Shirt,3,1594.23,20,Credit Card,Online,Delivered,2025-04-07
ORD04961,2026-02-19,CUST1200,Chennai,South,Consumer,Electronics,Laptop,1,56190.67,15,UPI,Marketplace,Cancelled,2024-11-02
ORD04962,2026-08-22,CUST0335,Coimbatore,South,Consumer,Electronics,Tablet,1,21123.9,20,Debit Card,Online,Delivered,2023-01-15
ORD04963,2025-02-09,CUST0807,Pune,West,Corporate,Fashion,Shoes,3,5437.03,5,UPI,Retail Store,Delivered,2023-09-01
ORD04964,2025-06-10,CUST0201,Mumbai,West,Small Business,Furniture,Dining Table,3,21328.74,10,Credit Card,Online,Delivered,2024-05-22
ORD04965,2026-06-21,CUST0709,Coimbatore,South,Consumer,Fashion,T-Shirt,1,669.24,10,UPI,Online,Delivered,2024-03-28
ORD04966,2026-02-24,CUST1075,Kolkata,East,Consumer,Beauty,Perfume,2,7790.0,15,UPI,Retail Store,Delivered,2024-08-09
ORD04967,2025-04-05,CUST0386,Ahmedabad,West,Consumer,Fashion,Jeans,1,3176.42,5,UPI,Online,Delivered,2025-01-17
ORD04968,2026-03-18,CUST0812,Coimbatore,South,Consumer,Electronics,Headphones,3,7930.91,10,UPI,Retail Store,Delivered,2023-07-09
ORD04969,2026-07-12,CUST0216,Mumbai,West,Consumer,Beauty,Makeup Kit,2,3569.91,5,UPI,Online,Delivered,2025-06-02
ORD04970,2026-04-11,CUST0760,Coimbatore,South,Small Business,Furniture,Bookshelf,2,17052.53,5,Net Banking,Retail Store,Delivered,2025-03-29
ORD04971,2025-10-15,CUST0415,Delhi,North,Consumer,Beauty,Hair Dryer,1,2143.09,20,Cash on Delivery,Online,Delivered,2024-08-22
ORD04972,2026-02-16,CUST0233,Mumbai,West,Consumer,Fashion,Jeans,3,1830.04,25,Credit Card,Online,Returned,2023-06-25
ORD04973,2026-02-04,CUST0374,Bengaluru,South,Corporate,Electronics,Smartwatch,1,12336.87,5,Credit Card,Marketplace,Delivered,2023-10-06
ORD04974,2026-06-12,CUST0208,Bengaluru,South,Small Business,Fashion,Shoes,1,5278.88,10,Net Banking,Marketplace,Delivered,2024-05-08
ORD04975,2025-01-18,CUST1073,Pune,West,Consumer,Beauty,Hair Dryer,1,5290.1,5,Credit Card,Online,Cancelled,2023-03-12
ORD04976,2025-05-16,CUST0494,Kochi,South,Consumer,Electronics,Smartphone,1,60928.53,10,Net Banking,Retail Store,Delivered,2023-03-31
ORD04977,2026-04-09,CUST0270,Chennai,South,Consumer,Home Appliances,Air Conditioner,1,64883.44,10,UPI,Marketplace,Delivered,2024-01-07
ORD04978,2025-09-05,CUST0547,Kochi,South,Consumer,Furniture,Dining Table,2,53399.3,5,Credit Card,Online,Delivered,2023-12-17
ORD04979,2025-01-01,CUST0386,Mumbai,West,Corporate,Electronics,Laptop,2,79968.89,10,Debit Card,Online,Delivered,2025-01-17
ORD04980,2026-01-16,CUST0889,Hyderabad,South,Small Business,Electronics,Smartwatch,1,7590.92,20,Debit Card,Marketplace,Delivered,2025-03-16
ORD04981,2026-05-24,CUST1161,Mumbai,West,Corporate,Home Appliances,Mixer,2,6893.94,10,Credit Card,Marketplace,Delivered,2023-08-12
ORD04982,2026-04-05,CUST0536,Kochi,South,Small Business,Fashion,Shoes,1,5332.77,5,Credit Card,Online,Delivered,2023-12-13
ORD04983,2026-05-20,CUST1024,Kochi,South,Corporate,Fashion,T-Shirt,1,2203.35,10,UPI,Online,Delivered,2024-01-20
ORD04984,2026-04-21,CUST0700,Coimbatore,South,Consumer,Electronics,Headphones,4,3651.41,10,UPI,Retail Store,Delivered,2025-04-02
ORD04985,2026-07-11,CUST0179,Bengaluru,South,Consumer,Electronics,Headphones,1,5316.03,25,UPI,Online,Delivered,2025-04-27
ORD04986,2025-02-01,CUST0836,Pune,West,Consumer,Home Appliances,Air Conditioner,1,33467.84,20,UPI,Marketplace,Delivered,2023-06-05
ORD04987,2025-04-28,CUST0633,Kochi,South,Consumer,Furniture,Office Chair,2,18452.82,15,Credit Card,Marketplace,Delivered,2023-04-17
ORD04988,2025-07-03,CUST0790,Chennai,South,Consumer,Electronics,Laptop,1,84167.0,10,Credit Card,Marketplace,Delivered,2023-09-14
ORD04989,2025-07-10,CUST1059,Hyderabad,South,Consumer,Home Appliances,Refrigerator,3,40455.23,15,Cash on Delivery,Online,Delivered,2025-03-27
ORD04990,2025-03-15,CUST0538,Hyderabad,South,Consumer,Electronics,Laptop,1,84253.28,5,Credit Card,Online,Delivered,2024-10-28
ORD04991,2026-09-15,CUST1072,Pune,West,Small Business,Furniture,Bed,1,21658.45,10,UPI,Marketplace,Delivered,2024-11-03
ORD04992,2025-04-13,CUST0889,Chennai,South,Corporate,Home Appliances,Refrigerator,4,49292.96,5,Debit Card,Online,Delivered,2025-03-16
ORD04993,2026-08-09,CUST0609,Pune,West,Small Business,Home Appliances,Washing Machine,2,58293.82,20,UPI,Online,Delivered,2023-07-14
ORD04994,2026-02-24,CUST0742,Kolkata,East,Consumer,Furniture,Office Chair,3,18548.38,15,Cash on Delivery,Marketplace,Delivered,2023-07-28
ORD04995,2026-04-18,CUST0399,Hyderabad,South,Small Business,Fashion,Jeans,2,1888.3,5,Net Banking,Online,Delivered,2024-12-17
ORD04996,2025-04-24,CUST1179,Mumbai,West,Consumer,Home Appliances,Mixer,2,7591.9,15,Credit Card,Online,Delivered,2024-01-26
ORD04997,2026-01-14,CUST0806,Delhi,North,Corporate,Furniture,Office Chair,1,18204.48,10,Credit Card,Online,Delivered,2023-05-03
ORD04998,2025-11-09,CUST0055,Delhi,North,Consumer,Beauty,Face Serum,1,2332.69,10,Net Banking,Marketplace,Delivered,2025-03-03
ORD04999,2025-11-26,CUST0402,Pune,West,Small Business,Furniture,Bed,1,55328.17,10,UPI,Online,Delivered,2024-05-21
ORD05000,2025-12-05,CUST0759,Hyderabad,South,Consumer,Beauty,Skincare Kit,3,2401.34,20,UPI,Marketplace,Delivered,2025-02-12
